# Blender 5.2.0 LTS
# www.blender.org
mtllib cokecan.mtl
o Can
v -0.009660 0.023656 0.057719
v 0.001878 0.025316 0.057709
v 0.021632 -0.013441 0.057712
v 0.005748 -0.025357 0.058154
v 0.015683 -0.020696 0.058076
v 0.019628 -0.017209 0.058433
v 0.022320 -0.013268 0.058078
v 0.024878 -0.007956 0.058469
v 0.025824 -0.003851 0.058498
v 0.023007 0.012021 0.058059
v 0.016966 0.019774 0.058318
v 0.002949 0.025952 0.058469
v -0.001261 0.026079 0.058498
v -0.005638 0.025357 0.058102
v -0.011973 0.023005 0.058072
v -0.015310 0.020963 0.058069
v -0.022567 0.012808 0.058113
v -0.025952 0.002949 0.058469
v -0.026079 -0.001261 0.058498
v -0.023209 -0.011862 0.058336
v -0.020308 -0.016196 0.058118
v -0.016942 -0.019668 0.058083
v -0.013440 -0.022384 0.058498
v 0.000659 -0.025940 0.058082
v -0.003717 -0.025698 0.058078
v -0.007397 -0.016804 -0.061042
v -0.012242 -0.013459 -0.060981
v -0.014550 -0.010661 -0.060858
v -0.016332 -0.007632 -0.060850
v -0.018082 -0.003185 -0.061042
v -0.018373 0.002294 -0.061225
v -0.016804 0.007397 -0.061042
v -0.012694 0.013265 -0.061042
v -0.008300 0.016551 -0.061225
v -0.003185 0.018082 -0.061042
v 0.003977 0.017924 -0.061042
v 0.010534 0.015038 -0.061042
v 0.014892 0.011027 -0.061223
v 0.017245 0.006156 -0.061027
v 0.018468 0.001335 -0.061225
v 0.017924 -0.003977 -0.061042
v 0.015038 -0.010534 -0.061042
v 0.009862 -0.015486 -0.061042
v 0.003622 -0.017973 -0.061043
v 0.006981 -0.023701 0.060813
v 0.016265 -0.018537 0.060777
v 0.018974 -0.016122 0.061107
v 0.023568 -0.008024 0.061100
v 0.024288 -0.004307 0.060786
v 0.023884 0.007050 0.061105
v 0.022494 0.010161 0.060807
v 0.016764 0.018168 0.060833
v 0.013274 0.020791 0.060786
v 0.001606 0.024609 0.060777
v -0.002129 0.024795 0.061095
v -0.012152 0.021482 0.060796
v -0.015545 0.019434 0.061095
v -0.020633 0.013592 0.060813
v -0.023200 0.008536 0.060833
v -0.024811 -0.001922 0.061100
v -0.024088 -0.005315 0.060786
v -0.020192 -0.014193 0.060796
v -0.017036 -0.017859 0.060796
v -0.008904 -0.023019 0.060796
v 0.010993 -0.022346 0.061105
v 0.020727 -0.013375 0.060783
v 0.024536 0.002631 0.060769
v 0.020192 0.014193 0.060796
v 0.007774 0.023414 0.060796
v -0.006644 0.024031 0.061122
v -0.018874 0.016281 0.061116
v -0.024609 0.001607 0.060777
v -0.013224 -0.020840 0.060796
v 0.002419 -0.032074 0.034205
v -0.004637 -0.031830 0.017064
v -0.010740 -0.030317 0.016659
v -0.011712 -0.028688 0.045572
v -0.016745 -0.027429 0.034586
v -0.016724 -0.026037 0.045664
v -0.021919 -0.023407 0.039683
v -0.021925 -0.021971 0.045450
v -0.026253 -0.018523 0.034334
v -0.029362 -0.013045 0.034334
v -0.031343 -0.007067 0.034334
v -0.029724 -0.008781 0.045553
v -0.032023 -0.003127 0.022586
v -0.031830 0.004619 0.016658
v -0.029992 0.011595 0.018351
v -0.028834 0.011407 0.045532
v -0.027429 0.016745 0.034586
v -0.023346 0.022164 0.030760
v -0.013843 0.029032 0.016657
v -0.007913 0.031175 0.016658
v -0.001292 0.032109 0.034638
v 0.003307 0.031958 0.035118
v 0.005207 0.030587 0.045507
v 0.008510 0.031030 0.033922
v 0.011321 0.028827 0.045635
v 0.015849 0.028018 0.019100
v 0.014388 0.027470 0.045539
v 0.022135 0.023289 0.034334
v 0.024656 0.020685 0.031628
v 0.025163 0.018211 0.045407
v 0.029071 0.013722 0.034064
v 0.028925 0.011311 0.045442
v 0.030685 0.009708 0.031433
v 0.030538 0.005442 0.045542
v 0.032119 0.001679 0.016658
v 0.031038 -0.000791 0.045484
v 0.031830 -0.004619 0.016658
v 0.030870 -0.003122 0.045479
v 0.030205 -0.010986 0.034282
v 0.029117 -0.010714 0.045500
v 0.027481 -0.016667 0.034282
v 0.023553 -0.021781 0.039382
v 0.018681 -0.026065 0.039683
v 0.007808 -0.031179 0.034534
v 0.007563 -0.030292 0.044978
v 0.000156 -0.023364 -0.056821
v -0.002857 -0.023035 -0.057063
v -0.007296 -0.022035 -0.057063
v -0.014211 -0.019114 -0.056363
v -0.019763 -0.012889 -0.056526
v -0.021101 -0.010535 -0.056540
v -0.022332 0.007567 -0.056550
v -0.017753 0.015234 -0.056806
v -0.010389 0.021168 -0.056558
v -0.001616 0.023526 -0.056558
v 0.004471 0.023140 -0.056556
v 0.011454 0.020188 -0.057063
v 0.015529 0.017709 -0.056588
v 0.021342 0.009970 -0.056571
v 0.023543 0.001076 -0.056559
v 0.023140 -0.004471 -0.056556
v 0.020188 -0.011454 -0.057063
v 0.016643 -0.017631 -0.056003
v 0.012789 -0.020126 -0.056330
v 0.014386 -0.018390 -0.056870
v 0.006060 -0.022789 -0.056558
v -0.004106 -0.031341 -0.041447
v -0.003691 -0.029476 -0.051652
v -0.009370 -0.028190 -0.051652
v -0.014690 -0.025820 -0.051652
v -0.021365 -0.023536 -0.030647
v -0.020799 -0.021107 -0.051703
v -0.025536 -0.018583 -0.041653
v -0.023704 -0.017976 -0.051604
v -0.027993 -0.014697 -0.041301
v -0.026475 -0.013557 -0.051611
v -0.028779 -0.007536 -0.051604
v -0.031850 -0.000992 -0.025940
v -0.029630 -0.002131 -0.051652
v -0.031197 0.004917 -0.041653
v -0.029545 0.003436 -0.051611
v -0.030186 0.009402 -0.041301
v -0.028116 0.009723 -0.051604
v -0.025820 0.014690 -0.051652
v -0.022657 0.019272 -0.051611
v -0.017976 0.023704 -0.051604
v -0.013244 0.028671 -0.041652
v -0.013557 0.026475 -0.051611
v -0.008953 0.030322 -0.041301
v -0.007536 0.028779 -0.051604
v -0.000218 0.029632 -0.051703
v 0.004631 0.029358 -0.051646
v 0.009723 0.028116 -0.051604
v 0.017043 0.026633 -0.040753
v 0.014690 0.025820 -0.051652
v 0.020256 0.024243 -0.041813
v 0.020799 0.021107 -0.051703
v 0.025065 0.019258 -0.041447
v 0.023704 0.017976 -0.051604
v 0.028024 0.014618 -0.041511
v 0.026475 0.013557 -0.051611
v 0.028779 0.007536 -0.051604
v 0.031529 0.001615 -0.042194
v 0.029630 0.002131 -0.051652
v 0.031440 -0.003332 -0.041301
v 0.029476 -0.003691 -0.051652
v 0.029921 -0.010732 -0.030647
v 0.028190 -0.009370 -0.051652
v 0.026633 -0.017043 -0.040753
v 0.024759 -0.016281 -0.051703
v 0.022487 -0.022224 -0.041301
v 0.022255 -0.019742 -0.051604
v 0.018788 -0.025374 -0.042045
v 0.016644 -0.024517 -0.051703
v 0.014003 -0.028332 -0.042118
v 0.013006 -0.026756 -0.051604
v 0.005634 -0.031311 -0.029855
v 0.005995 -0.029020 -0.051703
v 0.001777 -0.029696 -0.051604
v 0.001462 -0.031742 -0.031054
v 0.000834 -0.020060 -0.061064
v -0.002558 -0.020322 -0.060719
v -0.006030 -0.019124 -0.061088
v -0.010698 -0.017693 -0.060568
v -0.013971 -0.015247 -0.060568
v -0.015880 -0.012962 -0.060720
v -0.018204 -0.008489 -0.061062
v -0.020075 -0.004946 -0.060568
v -0.020660 -0.000902 -0.060568
v -0.019600 0.006003 -0.060720
v -0.017306 0.010217 -0.061043
v -0.014774 0.013595 -0.061064
v -0.012561 0.016179 -0.060719
v -0.008768 0.018724 -0.060568
v -0.004946 0.020075 -0.060568
v -0.000935 0.020654 -0.060568
v 0.002412 0.019931 -0.061058
v 0.006834 0.018858 -0.061079
v 0.010698 0.017693 -0.060568
v 0.013944 0.015266 -0.060568
v 0.016654 0.012252 -0.060568
v 0.018724 0.008768 -0.060568
v 0.020087 0.004915 -0.060568
v 0.020405 0.001955 -0.060720
v 0.020773 -0.002482 -0.060352
v 0.019124 -0.006030 -0.061088
v 0.018281 -0.009690 -0.060554
v 0.015094 -0.013214 -0.061065
v 0.009615 -0.018104 -0.060720
v 0.006074 -0.019778 -0.060554
v -0.000206 -0.016857 -0.058811
v -0.003490 -0.016493 -0.058811
v -0.006641 -0.015495 -0.058811
v -0.004814 -0.013445 -0.058195
v -0.009536 -0.013902 -0.058811
v -0.012065 -0.011774 -0.058811
v -0.011087 -0.009671 -0.058232
v -0.014130 -0.009194 -0.058811
v -0.015652 -0.006261 -0.058811
v -0.012911 -0.006103 -0.058195
v -0.016573 -0.003087 -0.058811
v -0.014591 -0.001881 -0.058232
v -0.016857 0.000206 -0.058811
v -0.016493 0.003490 -0.058811
v -0.014200 0.003846 -0.058232
v -0.015495 0.006641 -0.058811
v -0.013902 0.009536 -0.058811
v -0.011647 0.008988 -0.058232
v -0.011774 0.012065 -0.058811
v -0.009194 0.014130 -0.058811
v -0.008505 0.011472 -0.058195
v -0.006261 0.015652 -0.058811
v -0.004691 0.013944 -0.058232
v -0.003087 0.016573 -0.058811
v 0.000206 0.016857 -0.058811
v 0.001002 0.014678 -0.058232
v 0.003490 0.016493 -0.058811
v 0.006641 0.015495 -0.058811
v 0.006543 0.013177 -0.058232
v 0.009536 0.013902 -0.058811
v 0.012065 0.011774 -0.058811
v 0.011087 0.009671 -0.058232
v 0.014130 0.009194 -0.058811
v 0.015652 0.006261 -0.058811
v 0.012911 0.006103 -0.058195
v 0.016573 0.003087 -0.058811
v 0.016857 -0.000206 -0.058811
v 0.014678 -0.001002 -0.058232
v 0.016493 -0.003490 -0.058811
v 0.015495 -0.006641 -0.058811
v 0.013445 -0.004814 -0.058195
v 0.013902 -0.009536 -0.058811
v 0.011774 -0.012065 -0.058811
v 0.009671 -0.011087 -0.058232
v 0.009194 -0.014130 -0.058811
v 0.006261 -0.015652 -0.058811
v 0.006103 -0.012911 -0.058195
v 0.003087 -0.016573 -0.058811
v 0.001880 -0.014591 -0.058232
v -0.013784 -0.021922 0.061134
v -0.009756 -0.024173 0.060751
v -0.006370 0.025314 0.060734
v -0.010569 0.023641 0.061134
v 0.026093 0.000653 0.060714
v 0.025248 0.005754 0.061134
v 0.004088 -0.025786 0.060736
v -0.024043 0.009558 0.061151
v 0.012972 0.022392 0.061161
v 0.007663 0.024923 0.060813
v 0.018812 -0.017796 0.061134
v 0.022404 -0.013395 0.060734
v -0.020949 -0.015573 0.060734
v -0.017508 -0.019360 0.060734
v -0.016028 0.020573 0.060684
v 0.023641 0.010569 0.061134
v -0.022944 -0.012378 0.060724
v 0.004553 0.025696 0.060707
v 0.024190 -0.009243 0.061134
v -0.018687 0.018182 0.060775
v 0.021305 0.014681 0.061151
v 0.011670 -0.023368 0.060600
v -0.025836 -0.001195 0.061165
v -0.025301 -0.005410 0.061151
v -0.000718 0.025886 0.061134
v 0.025529 -0.004346 0.061134
v -0.022059 0.013953 0.060714
v 0.016756 0.019997 0.060787
v 0.014978 -0.021124 0.061134
v -0.012578 -0.019856 0.058625
v -0.008751 -0.021778 0.058587
v -0.005146 0.022934 0.058625
v -0.009522 0.021490 0.058625
v 0.023498 0.000573 0.058625
v 0.022934 0.005146 0.058625
v -0.003427 -0.023267 0.058674
v 0.000573 -0.023498 0.058625
v -0.021928 0.008463 0.058625
v -0.023158 0.004022 0.058625
v 0.012578 0.019856 0.058625
v 0.008463 0.021928 0.058625
v 0.016772 -0.016419 0.058587
v 0.020184 -0.012070 0.058674
v -0.019375 -0.013246 0.058587
v -0.015775 -0.017442 0.058674
v -0.013531 0.019219 0.058625
v 0.021490 0.009522 0.058625
v 0.005146 -0.022934 0.058625
v -0.021490 -0.009522 0.058625
v 0.004022 0.023158 0.058625
v 0.021928 -0.008463 0.058625
v -0.017021 0.016210 0.058625
v 0.019219 0.013531 0.058625
v 0.009522 -0.021490 0.058625
v -0.023498 -0.000573 0.058625
v -0.022934 -0.005146 0.058625
v -0.000573 0.023498 0.058625
v 0.023158 -0.004022 0.058625
v -0.019856 0.012578 0.058625
v 0.016210 0.017021 0.058625
v 0.013531 -0.019219 0.058625
v -0.007413 -0.020841 0.058033
v -0.011336 -0.018994 0.058033
v -0.009495 0.019978 0.058033
v -0.005415 0.021447 0.058033
v 0.021447 0.005415 0.058033
v 0.022091 0.001127 0.058033
v 0.001127 -0.022091 0.058033
v -0.003205 -0.021887 0.058033
v -0.021887 0.003205 0.058033
v -0.020841 0.007413 0.058033
v 0.007413 0.020841 0.058033
v 0.011336 0.018994 0.058033
v 0.018994 -0.011336 0.058033
v 0.016418 -0.014824 0.058033
v -0.014824 -0.016418 0.058033
v -0.017742 -0.013210 0.058033
v -0.013210 0.017742 0.058033
v 0.019978 0.009495 0.058033
v 0.005415 -0.021447 0.058033
v -0.019978 -0.009495 0.058033
v 0.003204 0.021887 0.058033
v 0.020841 -0.007413 0.058033
v -0.016418 0.014824 0.058033
v 0.017742 0.013210 0.058033
v 0.009495 -0.019978 0.058033
v -0.021447 -0.005415 0.058033
v -0.022091 -0.001127 0.058033
v -0.001127 0.022091 0.058033
v 0.021887 -0.003204 0.058033
v -0.018994 0.011336 0.058033
v 0.014824 0.016418 0.058033
v 0.013210 -0.017742 0.058033
v 0.004630 0.013904 0.059468
v -0.003438 0.013993 0.059465
v -0.007704 0.011732 0.059467
v -0.008921 0.009883 0.059465
v -0.008665 0.006256 0.059459
v -0.003187 0.013148 0.059681
v -0.006963 0.010709 0.059645
v 0.001553 0.008031 0.059468
v 0.000283 0.008074 0.059465
v 0.002684 0.007823 0.059465
v 0.005699 0.006712 0.059467
v 0.006021 0.006798 0.059465
v 0.006633 0.007433 0.059466
v 0.006373 0.007078 0.059465
v 0.006881 0.009593 0.059465
v -0.003095 0.012624 0.059465
v -0.004974 0.011976 0.059465
v -0.006460 0.010640 0.059465
v -0.007054 0.009677 0.059465
v -0.006858 0.004936 0.059463
v -0.007593 0.005143 0.059463
v -0.005582 0.006155 0.059465
v -0.005161 0.006329 0.059465
v -0.003053 0.007393 0.059466
v -0.001978 0.007744 0.059465
v 0.000663 0.007108 0.059466
v 0.002712 0.006725 0.059464
v 0.001565 0.007017 0.059469
v 0.004543 0.005953 0.059465
v 0.005479 0.005746 0.059467
v 0.006857 0.006025 0.059465
v 0.006215 0.005802 0.059466
v 0.007892 0.006837 0.059465
v 0.007429 0.006379 0.059466
v 0.008332 0.007789 0.059466
v 0.008428 0.009830 0.059465
v 0.007973 0.011047 0.059467
v 0.008215 0.010541 0.059465
v 0.007559 0.011713 0.059465
v 0.006143 0.013123 0.059466
v 0.005458 0.013537 0.059465
v -0.000350 0.014472 0.059465
v -0.002099 0.014278 0.059465
v -0.004616 0.013620 0.059466
v -0.005749 0.013119 0.059468
v -0.006856 0.012450 0.059466
v -0.009130 0.008790 0.059465
v -0.009068 0.009323 0.059465
v -0.009113 0.008063 0.059465
v -0.008923 0.006950 0.059465
v -0.006760 0.006361 0.059464
v -0.008095 0.005487 0.059465
v -0.006097 0.004954 0.059464
v -0.005304 0.005214 0.059466
v -0.002173 0.006616 0.059465
v -0.003315 0.006132 0.059465
v -0.001027 0.006948 0.059466
v -0.007023 0.006653 0.059465
v -0.002835 0.006777 0.059688
v -0.001281 0.007480 0.059703
v -0.005228 0.006109 0.059626
v -0.006067 0.005454 0.059695
v -0.005067 0.005601 0.059670
v -0.005941 0.005767 0.059677
v -0.007670 0.006987 0.059667
v -0.003398 0.013304 0.059698
v 0.000509 0.013656 0.059683
v 0.000335 0.013897 0.059697
v 0.001962 0.014124 0.059646
v 0.002680 0.013373 0.059649
v 0.004692 0.013460 0.059657
v 0.005901 0.012583 0.059695
v 0.004784 0.012804 0.059675
v 0.006004 0.012113 0.059682
v 0.007601 0.010579 0.059694
v 0.007684 0.009690 0.059700
v 0.007380 0.009383 0.059665
v 0.007131 0.007401 0.059673
v 0.006895 0.007478 0.059592
v 0.005533 0.006358 0.059682
v 0.002336 0.007277 0.059687
v -0.000103 0.007854 0.059637
v 0.003927 0.007430 0.059468
v -0.002139 0.006797 0.059592
v -0.002336 0.007475 0.059602
v 0.004661 0.006158 0.059638
v 0.007891 0.007581 0.059662
v 0.006493 0.010686 0.059465
v 0.006017 0.012766 0.059651
v 0.001196 0.013124 0.059472
v -0.004268 0.012632 0.059631
v -0.004121 0.012341 0.059467
v -0.006968 0.012016 0.059611
v -0.006845 0.005195 0.059532
v -0.003474 0.006250 0.059608
v 0.001653 0.007850 0.059620
v 0.007152 0.008545 0.059611
v 0.004886 0.012224 0.059468
v -0.003081 0.012886 0.059591
v -0.006224 0.011458 0.059619
v -0.007344 0.008644 0.059475
v -0.006610 0.006252 0.059512
v -0.003339 0.006944 0.059674
v -0.000895 0.007975 0.059475
v -0.005912 0.005986 0.059578
v 0.003450 0.007385 0.059626
v -0.008727 0.008425 0.059638
v -0.008705 0.009404 0.059609
v 0.007841 0.010832 0.059605
v 0.008144 0.009494 0.059640
v 0.007525 0.006781 0.059629
v 0.006701 0.006195 0.059637
v 0.005528 0.005935 0.059629
v 0.002369 0.006987 0.059586
v 0.001130 0.007683 0.059695
v -0.007959 0.006546 0.059694
v 0.002982 0.013621 0.059703
v 0.005263 0.006186 0.059697
v 0.003207 0.007281 0.059689
v -0.006375 -0.019357 0.059335
v -0.009179 0.018195 0.059335
v 0.019636 0.005453 0.059335
v 0.001518 -0.020323 0.059335
v -0.020229 0.002476 0.059335
v 0.006375 0.019357 0.059335
v 0.017741 -0.010029 0.059335
v -0.013297 -0.015444 0.059335
v -0.012553 0.016055 0.059335
v 0.018279 0.008769 0.059395
v 0.005453 -0.019636 0.059335
v 0.002476 0.020229 0.059335
v 0.019357 -0.006375 0.059335
v -0.015444 0.013297 0.059335
v 0.016055 0.012553 0.059335
v 0.009252 -0.018076 0.059389
v -0.019636 -0.005453 0.059335
v -0.001518 0.020323 0.059335
v 0.020229 -0.002476 0.059335
v -0.017741 0.010029 0.059335
v 0.013297 0.015444 0.059335
v 0.012553 -0.016055 0.059335
v -0.010029 -0.017741 0.059335
v -0.005453 0.019636 0.059335
v 0.020323 0.001517 0.059335
v -0.002477 -0.020229 0.059335
v -0.019324 0.006239 0.059389
v 0.010029 0.017741 0.059335
v 0.015444 -0.013298 0.059335
v -0.016055 -0.012553 0.059335
v -0.018195 -0.009179 0.059335
v -0.020323 -0.001517 0.059335
v 0.010878 -0.004544 0.059511
v 0.005020 0.018274 0.059518
v -0.003946 0.018779 0.059510
v -0.006434 0.017892 0.059510
v -0.012583 0.012430 0.059511
v -0.011954 0.001235 0.059515
v -0.009391 -0.008243 0.059511
v 0.010213 -0.001764 0.059510
v 0.009435 -0.006947 0.059510
v 0.008097 0.001128 0.059510
v 0.008745 0.002945 0.059514
v -0.007544 -0.000983 0.059510
v 0.008726 0.013640 0.059724
v -0.009327 0.001192 0.059697
v -0.008160 -0.007559 0.059706
v 0.008391 -0.005254 0.059510
v 0.008781 -0.006172 0.059510
v 0.009138 -0.006706 0.059510
v 0.008001 -0.003926 0.059510
v 0.007892 0.000089 0.059510
v 0.008784 0.012489 0.059510
v 0.007293 0.014000 0.059510
v 0.004636 0.015593 0.059510
v 0.005509 0.015167 0.059511
v 0.003231 0.016113 0.059510
v 0.000351 0.016599 0.059510
v 0.001620 0.016473 0.059510
v -0.002193 0.016460 0.059510
v -0.000925 0.016599 0.059512
v -0.005140 0.015605 0.059510
v -0.008904 0.013024 0.059511
v -0.008055 0.013809 0.059510
v -0.010271 0.011175 0.059510
v -0.009705 0.012081 0.059510
v -0.010666 0.010343 0.059513
v -0.011307 0.007242 0.059510
v -0.011225 0.008286 0.059510
v -0.011214 0.006075 0.059510
v -0.010439 0.003865 0.059515
v -0.009513 0.002381 0.059510
v -0.007227 -0.001981 0.059510
v 0.008334 0.001968 0.059510
v 0.007739 -0.002181 0.059510
v -0.006964 -0.003996 0.059512
v -0.009037 0.001807 0.059512
v 0.010451 -0.002895 0.059510
v 0.012987 0.006203 0.059511
v 0.012001 0.012238 0.059514
v 0.012472 0.011104 0.059513
v 0.010313 0.014745 0.059510
v 0.008400 0.016457 0.059517
v 0.009437 0.015619 0.059510
v 0.006101 0.017806 0.059510
v 0.007156 0.017258 0.059510
v 0.002382 0.019004 0.059510
v 0.003715 0.018698 0.059510
v -0.000226 0.019241 0.059516
v 0.001027 0.019183 0.059510
v -0.001433 0.019191 0.059511
v -0.005411 0.018319 0.059516
v -0.008501 0.016740 0.059510
v -0.007490 0.017361 0.059510
v -0.010560 0.015081 0.059510
v -0.009469 0.016041 0.059510
v -0.011629 0.013888 0.059510
v -0.013576 0.009853 0.059510
v -0.013219 0.011015 0.059510
v -0.013930 0.007232 0.059510
v -0.013823 0.008632 0.059510
v -0.013643 0.004928 0.059516
v -0.013861 0.006105 0.059516
v -0.012549 0.002240 0.059511
v -0.013167 0.003525 0.059510
v -0.011518 0.000642 0.059510
v 0.010150 -0.001138 0.059510
v -0.011106 0.000157 0.059510
v 0.011059 0.001686 0.059510
v -0.009774 -0.007099 0.059512
v -0.009630 -0.005572 0.059509
v 0.008780 -0.001375 0.059778
v -0.010525 0.002407 0.059730
v -0.012439 0.004977 0.059774
v -0.013187 0.006547 0.059724
v -0.013330 0.008412 0.059686
v -0.012099 0.009991 0.059769
v -0.012445 0.011032 0.059734
v -0.008128 0.015936 0.059749
v 0.001696 0.017465 0.059755
v 0.010595 0.011440 0.059757
v 0.011967 0.009522 0.059766
v 0.011618 0.005529 0.059774
v 0.008529 0.000320 0.059717
v 0.009301 -0.005497 0.059701
v -0.009183 -0.007443 0.059710
v -0.007618 -0.008012 0.059510
v 0.008699 -0.003903 0.059719
v 0.010018 -0.006144 0.059692
v 0.010467 -0.005621 0.059704
v 0.010589 0.001829 0.059667
v 0.009818 0.000126 0.059697
v 0.010429 0.000141 0.059514
v 0.010473 0.005225 0.059667
v 0.009465 0.011440 0.059509
v -0.001052 0.017221 0.059702
v -0.003366 0.018382 0.059681
v -0.005463 0.016190 0.059716
v -0.009114 0.015865 0.059636
v -0.007032 -0.003011 0.059512
v 0.009711 -0.007057 0.059519
v 0.010330 -0.006949 0.059510
v 0.010706 -0.006617 0.059510
v 0.010940 0.007268 0.059647
v 0.004981 0.015974 0.059664
v -0.003271 0.016756 0.059668
v -0.007953 0.014537 0.059665
v -0.009601 0.012871 0.059642
v -0.011856 0.007852 0.059686
v -0.011486 0.005728 0.059617
v -0.012246 0.006731 0.059756
v 0.008742 0.001986 0.059642
v -0.007537 -0.005311 0.059690
v 0.010937 0.008845 0.059684
v 0.009807 -0.002748 0.059699
v -0.011171 0.001384 0.059731
v -0.011357 0.013407 0.059682
v -0.006575 0.017345 0.059658
v -0.000688 0.018569 0.059715
v 0.001881 0.018366 0.059729
v 0.003516 0.018261 0.059666
v -0.007998 -0.003356 0.059766
v -0.008218 0.014894 0.059753
v -0.005737 0.017038 0.059774
v -0.002285 0.018014 0.059769
v 0.009531 -0.015571 0.059509
v 0.008924 -0.013972 0.059510
v -0.002080 -0.012306 0.059510
v -0.006866 -0.014650 0.059510
v -0.007297 -0.016659 0.059509
v 0.006545 -0.015970 0.059717
v 0.006668 -0.015159 0.059754
v 0.005818 -0.014374 0.059757
v -0.005104 -0.016566 0.059778
v 0.004735 -0.017204 0.059590
v 0.000586 -0.014172 0.059590
v 0.004709 -0.016863 0.059507
v 0.005110 -0.016534 0.059510
v 0.005263 -0.016257 0.059510
v 0.005302 -0.015923 0.059510
v 0.004391 -0.014953 0.059510
v 0.003864 -0.014772 0.059510
v 0.003063 -0.014595 0.059507
v -0.003237 -0.015852 0.059510
v -0.003392 -0.016556 0.059510
v -0.003347 -0.016826 0.059510
v -0.003015 -0.017317 0.059497
v 0.000423 -0.017575 0.059509
v 0.001447 -0.019432 0.059509
v 0.003940 -0.019110 0.059510
v 0.005145 -0.018827 0.059511
v 0.006386 -0.018406 0.059509
v 0.007261 -0.018009 0.059508
v 0.008737 -0.016981 0.059510
v 0.008143 -0.017484 0.059509
v 0.009344 -0.016170 0.059509
v 0.009053 -0.016627 0.059509
v 0.009390 -0.014661 0.059509
v 0.009510 -0.015044 0.059510
v 0.009197 -0.014310 0.059509
v 0.008576 -0.013650 0.059509
v 0.006951 -0.012741 0.059512
v 0.005714 -0.012354 0.059509
v 0.001449 -0.011906 0.059510
v 0.000147 -0.011976 0.059508
v -0.003472 -0.012672 0.059508
v -0.004514 -0.013063 0.059507
v -0.005329 -0.013450 0.059510
v -0.006531 -0.014298 0.059510
v -0.006073 -0.013922 0.059509
v -0.007195 -0.015126 0.059509
v -0.006445 -0.017734 0.059509
v -0.004433 -0.018767 0.059510
v -0.001583 -0.019362 0.059510
v -0.001641 -0.018542 0.059786
v -0.004453 -0.017865 0.059788
v -0.005801 -0.015439 0.059767
v -0.004357 -0.014467 0.059786
v -0.003284 -0.014448 0.059762
v 0.000254 -0.013037 0.059777
v 0.000927 -0.013636 0.059740
v 0.006964 -0.016225 0.059774
v 0.007134 -0.017181 0.059754
v 0.005889 -0.017941 0.059732
v 0.004507 -0.017699 0.059747
v 0.001980 -0.018320 0.059775
v 0.001771 -0.018169 0.059739
v 0.004139 -0.017152 0.059510
v 0.002318 -0.014542 0.059509
v 0.002113 -0.012790 0.059731
v -0.001005 -0.014765 0.059507
v -0.001516 -0.014498 0.059582
v -0.004884 -0.014372 0.059743
v 0.005589 -0.017262 0.059757
v -0.001569 -0.013887 0.059753
v -0.003868 -0.016715 0.059581
v -0.003562 -0.015427 0.059592
v -0.002845 -0.015001 0.059582
v 0.005810 -0.016257 0.059582
v 0.005545 -0.016642 0.059585
v 0.001986 -0.017802 0.059590
v 0.001800 -0.018815 0.059728
v -0.005103 -0.013841 0.059593
v 0.002331 -0.019080 0.059591
v 0.005673 -0.018373 0.059591
v -0.000921 -0.012562 0.059604
v -0.003146 -0.013081 0.059615
v 0.003031 -0.013587 0.059761
v -0.004503 -0.015638 0.059729
v -0.000964 -0.018224 0.059752
v -0.001394 -0.019125 0.059587
v -0.004468 -0.018524 0.059582
v -0.005308 -0.018416 0.059505
v -0.006354 -0.014756 0.059584
v 0.003599 -0.011992 0.059510
v 0.008314 -0.016846 0.059591
v -0.005581 -0.016854 0.059781
v 0.006606 -0.014141 0.059786
v 0.006404 -0.017337 0.059786
v -0.002211 -0.017610 0.059509
v 0.005790 -0.015355 0.059582
v 0.005276 -0.015655 0.059509
v 0.004225 -0.018403 0.059753
v 0.007771 -0.014634 0.059751
v -0.002002 -0.013306 0.059762
v 0.006614 -0.024004 0.057707
v -0.004268 -0.024530 0.057707
v -0.007300 -0.023817 0.057708
v -0.012309 -0.021644 0.057707
v -0.017177 -0.018025 0.057707
v -0.022776 -0.010061 0.057707
v -0.024299 -0.005431 0.057707
v -0.024800 -0.002352 0.057708
v -0.024710 0.003061 0.057707
v -0.023631 0.007843 0.057707
v -0.014329 0.020363 0.057707
v -0.011746 0.021969 0.057708
v 0.013318 0.021038 0.057707
v 0.020371 0.014317 0.057707
v 0.021994 0.011697 0.057708
v 0.024002 0.006621 0.057707
v 0.024892 0.000606 0.057707
v 0.024525 -0.004298 0.057707
v 0.021015 -0.013354 0.057707
v 0.017621 -0.017606 0.057708
v 0.002627 -0.030936 0.045431
v -0.004213 -0.030790 0.045367
v -0.009418 -0.029519 0.045586
v -0.019430 -0.023927 0.045957
v -0.027756 -0.013748 0.045592
v -0.030770 0.004246 0.045408
v -0.014092 0.027576 0.045636
v -0.008292 0.029785 0.045736
v -0.002249 0.030835 0.045738
v 0.027113 0.014669 0.045946
v 0.029797 0.008624 0.045496
v 0.030867 0.002708 0.045578
v 0.019054 -0.024457 0.045515
v 0.013806 -0.027673 0.045715
v 0.001812 -0.024833 0.057707
v -0.018926 0.024560 0.045559
v 0.003061 0.024710 0.057707
v 0.014327 -0.020364 0.057707
v -0.000736 -0.026096 0.060689
v -0.025290 0.006502 0.060707
v -0.013490 0.022325 0.060703
v 0.023224 0.010457 0.057714
v 0.024142 -0.009264 0.057971
v 0.023816 -0.009027 0.057714
v 0.010518 -0.023516 0.057862
v -0.012987 -0.022051 0.057718
v -0.024944 -0.006815 0.057971
v -0.024657 -0.006382 0.057713
v -0.021599 0.013496 0.057714
v 0.025447 0.000306 0.057712
v 0.018759 -0.017798 0.057971
v 0.018551 -0.017451 0.057714
v 0.008984 0.023828 0.057712
v 0.024696 0.007896 0.058067
v -0.023979 0.010302 0.058461
v -0.025320 -0.006338 0.058358
v -0.007129 -0.024849 0.057937
v 0.008532 -0.024618 0.060778
v -0.000281 -0.025472 0.057713
v -0.014730 0.020857 0.057744
v 0.004320 0.025396 0.057862
v 0.020879 0.014828 0.057785
v 0.018574 0.017390 0.057709
v 0.025485 -0.004376 0.057971
v 0.025123 -0.004188 0.057714
v 0.014823 -0.020714 0.057714
v -0.022858 -0.012002 0.057893
v -0.024066 0.009191 0.057862
v 0.009630 -0.024341 0.058681
v 0.025950 0.000304 0.058075
v 0.009650 0.024091 0.058075
v -0.018407 0.018326 0.058141
v -0.025433 0.005249 0.058073
v -0.026147 0.000712 0.060583
v 0.019681 0.017094 0.060725
v -0.024270 -0.009563 0.060738
v -0.005706 -0.025470 0.060714
v -0.025748 -0.001330 0.057867
v -0.018608 0.017528 0.057761
v -0.000718 0.025751 0.057862
v 0.017701 0.018716 0.057862
v -0.004767 -0.024990 0.057711
v -0.005764 0.024810 0.057714
v 0.013796 0.021871 0.057971
v 0.013483 0.021608 0.057714
v 0.012189 -0.023162 0.058664
v 0.025697 0.004663 0.058460
v 0.019869 0.016680 0.058093
v 0.008034 0.024910 0.058649
v -0.009284 0.024391 0.058483
v -0.020821 0.015467 0.058075
v -0.010294 -0.023825 0.058081
v -0.020423 0.001559 -0.060719
v 0.013463 -0.015705 -0.060552
v -0.002467 -0.026100 0.059200
v -0.009323 -0.024509 0.059150
v -0.012952 -0.022804 0.060019
v -0.016551 -0.020331 0.059200
v 0.018189 0.018906 0.059199
v 0.021313 0.015228 0.058779
v 0.001327 -0.026179 0.059174
v 0.001245 0.026202 0.060010
v -0.010136 0.024165 0.059958
v -0.005667 0.025615 0.059229
v 0.025873 -0.004290 0.059923
v 0.024883 -0.008197 0.060161
v -0.022188 0.013974 0.059107
v -0.019702 0.017347 0.059511
v -0.026069 -0.002625 0.060041
v -0.026061 0.002664 0.060086
v -0.025310 0.006904 0.059199
v 0.005667 -0.025615 0.059229
v -0.021496 -0.015038 0.059229
v -0.024016 -0.010560 0.059170
v 0.018563 -0.018484 0.060086
v 0.023808 0.010944 0.059110
v 0.022502 0.013464 0.060124
v 0.025734 0.004897 0.060085
v 0.026227 0.000620 0.059199
v -0.025628 -0.005719 0.059639
v 0.014734 0.021659 0.060085
v -0.002625 0.026069 0.060041
v 0.016197 -0.020664 0.059636
v 0.006213 -0.031344 0.041085
v 0.007679 -0.030758 0.043685
v 0.000765 -0.031686 0.043588
v 0.000763 -0.031967 0.041088
v 0.011367 -0.029875 0.041182
v 0.012810 -0.028957 0.043554
v 0.011697 -0.028646 0.045662
v 0.012350 -0.029673 0.034754
v 0.017615 -0.026384 0.043590
v 0.016453 -0.026157 0.045750
v 0.015058 -0.028432 0.019008
v 0.022947 -0.021865 0.043588
v 0.020837 -0.022853 0.045706
v 0.026868 -0.017410 0.040640
v 0.026771 -0.016968 0.043588
v 0.026129 -0.016713 0.045527
v 0.030570 -0.009303 0.041085
v 0.029841 -0.010703 0.043685
v 0.027624 -0.014057 0.045585
v 0.031275 -0.005670 0.043041
v 0.029916 -0.007975 0.045651
v 0.031507 -0.006242 0.035652
v 0.032003 0.000762 0.040162
v 0.032139 -0.001003 0.024686
v 0.031133 0.007442 0.040391
v 0.030320 0.009161 0.043586
v 0.031561 0.006229 0.019284
v 0.029530 0.012209 0.041085
v 0.028328 0.014219 0.043588
v 0.026942 0.017291 0.040659
v 0.024546 0.020097 0.043590
v 0.026778 0.017826 0.019143
v 0.023251 0.021935 0.041182
v 0.019529 0.024965 0.043588
v 0.023293 0.020401 0.045648
v 0.018287 0.026297 0.040520
v 0.016914 0.025939 0.045631
v 0.019201 0.025796 0.033079
v 0.013595 0.028686 0.043493
v 0.013198 0.029200 0.040263
v 0.007245 0.031144 0.041087
v 0.008219 0.029748 0.045847
v -0.001544 0.031926 0.040943
v -0.000765 0.031686 0.043588
v 0.001141 0.030809 0.045930
v -0.006166 0.031068 0.043586
v -0.005267 0.030493 0.045640
v -0.003724 0.031943 0.020125
v -0.006238 0.031437 0.039939
v -0.012951 0.029275 0.040162
v -0.012129 0.029313 0.043590
v -0.011115 0.028879 0.045640
v -0.011372 0.030076 0.024687
v -0.016899 0.027145 0.041087
v -0.018240 0.025921 0.043588
v -0.017424 0.027037 0.034252
v -0.022947 0.021865 0.043588
v -0.020846 0.022849 0.045695
v -0.020808 0.024523 0.020581
v -0.026557 0.017770 0.041085
v -0.026771 0.016968 0.043588
v -0.024484 0.018969 0.045637
v -0.025193 0.019992 0.020581
v -0.029258 0.012133 0.043586
v -0.028609 0.014693 0.020580
v -0.031144 0.007245 0.041087
v -0.031112 0.006200 0.043590
v -0.030876 0.009083 0.032185
v -0.031607 0.005716 0.034907
v -0.032003 -0.000762 0.040162
v -0.031686 -0.000765 0.043588
v -0.030898 0.001416 0.045695
v -0.032134 0.001082 0.024200
v -0.030320 -0.009161 0.043586
v -0.030326 -0.006511 0.045513
v -0.029154 -0.012661 0.043041
v -0.028951 -0.010771 0.045784
v -0.029931 -0.011866 0.022265
v -0.027288 -0.016724 0.040739
v -0.026475 -0.016000 0.045683
v -0.028111 -0.015624 0.020581
v -0.018930 -0.025483 0.043493
v -0.009303 -0.030570 0.041085
v -0.008488 -0.030538 0.043588
v -0.014059 -0.027503 0.045784
v -0.012351 -0.029651 0.035421
v -0.005039 -0.031611 0.040391
v -0.003901 -0.031423 0.043554
v -0.007831 -0.031189 0.033577
v -0.000812 -0.030844 0.045865
v -0.000928 -0.032197 0.030995
v -0.001782 -0.023862 -0.056262
v -0.006351 -0.023013 -0.056309
v -0.010162 -0.021584 -0.056308
v -0.011629 -0.020300 -0.056804
v -0.015326 -0.017641 -0.056840
v -0.017929 -0.015257 -0.056585
v -0.022639 -0.007612 -0.056296
v -0.022577 -0.006131 -0.056804
v -0.024055 -0.003034 -0.056003
v -0.023320 -0.001710 -0.056823
v -0.023476 0.001693 -0.056585
v -0.023119 0.004611 -0.056551
v -0.020300 0.011629 -0.056804
v -0.019155 0.014864 -0.056003
v -0.015516 0.017736 -0.056564
v -0.012681 0.019866 -0.056564
v -0.005850 0.023225 -0.056267
v -0.006154 0.022544 -0.056840
v 0.001751 0.023488 -0.056558
v 0.007331 0.022407 -0.056555
v 0.010718 0.021332 -0.056309
v 0.014177 0.019187 -0.056308
v 0.018181 0.014988 -0.056560
v 0.019992 0.012516 -0.056541
v 0.022451 0.007108 -0.056566
v 0.023215 0.004205 -0.056537
v 0.023488 -0.001751 -0.056558
v 0.022407 -0.007331 -0.056555
v 0.021332 -0.010718 -0.056309
v 0.019187 -0.014177 -0.056308
v 0.017641 -0.015365 -0.056804
v 0.011182 -0.020495 -0.056837
v 0.008562 -0.021958 -0.056564
v 0.002591 -0.023407 -0.056566
v -0.000751 -0.021420 -0.059707
v -0.004705 -0.021051 -0.059507
v -0.007964 -0.019874 -0.059716
v -0.011723 -0.018502 -0.059030
v -0.015107 -0.015859 -0.059030
v -0.017873 -0.012041 -0.059561
v -0.019685 -0.008421 -0.059716
v -0.021372 -0.004793 -0.059030
v -0.021896 -0.000532 -0.059030
v -0.021159 0.003673 -0.059640
v -0.020036 0.007731 -0.059640
v -0.018688 0.010607 -0.059589
v -0.011614 0.017964 -0.059722
v -0.008871 0.020026 -0.059030
v -0.004793 0.021372 -0.059030
v -0.000532 0.021896 -0.059030
v 0.004124 0.021152 -0.059561
v 0.007964 0.019874 -0.059716
v 0.011723 0.018502 -0.059030
v 0.015107 0.015859 -0.059030
v 0.017910 0.012607 -0.059030
v 0.020026 0.008871 -0.059030
v 0.021372 0.004793 -0.059030
v 0.021470 0.000525 -0.059640
v -0.001558 -0.031221 -0.048083
v -0.003072 -0.030517 -0.050439
v 0.002187 -0.030614 -0.050439
v -0.000553 -0.031579 -0.041891
v -0.011457 -0.029035 -0.048201
v -0.008255 -0.029561 -0.050439
v -0.017470 -0.025885 -0.048261
v -0.014547 -0.027057 -0.050440
v -0.020635 -0.022733 -0.050474
v -0.018265 -0.023367 -0.051661
v -0.025137 -0.018474 -0.048168
v -0.025080 -0.017693 -0.050439
v -0.027896 -0.014007 -0.048201
v -0.028049 -0.012460 -0.050439
v -0.030294 -0.007564 -0.048323
v -0.029941 -0.006748 -0.050439
v -0.031206 -0.000749 -0.048201
v -0.030720 -0.000027 -0.050440
v -0.030746 0.005453 -0.048153
v -0.030085 0.005965 -0.050439
v -0.029035 0.011457 -0.048201
v -0.028392 0.011731 -0.050440
v -0.026242 0.016901 -0.048201
v -0.025513 0.017024 -0.050439
v -0.022441 0.021696 -0.048201
v -0.021741 0.021703 -0.050440
v -0.024699 0.020022 -0.030629
v -0.017852 0.025593 -0.048246
v -0.017637 0.025081 -0.050426
v -0.012547 0.028594 -0.048153
v -0.013105 0.027764 -0.050474
v -0.006605 0.030507 -0.048201
v -0.006748 0.029941 -0.050439
v -0.000527 0.031210 -0.048201
v -0.000777 0.030683 -0.050439
v -0.003607 0.029438 -0.051661
v 0.006235 0.030600 -0.048261
v 0.005223 0.030245 -0.050439
v 0.002926 0.031660 -0.030629
v 0.011023 0.028644 -0.050439
v 0.007175 0.030778 -0.041939
v 0.013387 0.028249 -0.048083
v 0.016506 0.025889 -0.050424
v 0.021241 0.022140 -0.050451
v 0.018265 0.023367 -0.051661
v 0.025169 0.018503 -0.048265
v 0.025080 0.017693 -0.050439
v 0.028632 0.012430 -0.048201
v 0.028049 0.012460 -0.050439
v 0.030733 0.007003 -0.043494
v 0.030507 0.006605 -0.048201
v 0.030124 0.006020 -0.050440
v 0.031210 0.000527 -0.048201
v 0.030671 0.000019 -0.050439
v 0.030713 -0.005572 -0.048201
v 0.030135 -0.005966 -0.050440
v 0.029062 -0.011361 -0.048246
v 0.027120 -0.015392 -0.048160
v 0.025513 -0.017024 -0.050439
v 0.026481 -0.013356 -0.051661
v 0.028493 -0.014111 -0.029445
v 0.024131 -0.019845 -0.048204
v 0.022246 -0.021146 -0.050439
v 0.019180 -0.024627 -0.048201
v 0.017693 -0.025080 -0.050439
v 0.019354 -0.022473 -0.051661
v 0.014677 -0.027525 -0.048200
v 0.013764 -0.027399 -0.050426
v 0.009762 -0.029649 -0.048201
v 0.008846 -0.029418 -0.050440
v 0.009281 -0.028169 -0.051661
v 0.010723 -0.029715 -0.042237
v 0.003122 -0.031952 0.005643
v -0.015858 -0.028017 0.019228
v -0.021020 -0.024385 0.019229
v -0.025373 -0.019815 0.019229
v -0.031157 -0.007595 -0.000896
v -0.026995 0.017020 -0.021988
v -0.018427 0.026055 -0.021989
v -0.000846 0.031902 -0.021989
v 0.003944 0.031961 0.020437
v 0.010038 0.030441 -0.006366
v 0.020923 0.024283 -0.006365
v 0.029029 0.013702 0.005563
v 0.030572 -0.010088 0.019229
v 0.028017 -0.015858 0.019228
v 0.024385 -0.021020 0.019228
v 0.019815 -0.025373 0.019228
v 0.007779 -0.031148 0.005643
v -0.001812 -0.018443 -0.061225
v 0.003785 -0.018406 -0.061288
v 0.001755 -0.019196 -0.061335
v -0.004379 -0.018849 -0.061335
v -0.010680 -0.016312 -0.061322
v -0.007513 -0.017254 -0.061288
v -0.013553 -0.014088 -0.061314
v -0.016477 -0.011095 -0.061156
v -0.016115 -0.009643 -0.061287
v -0.018105 -0.006831 -0.061335
v -0.019806 -0.002026 -0.061157
v -0.018520 -0.003339 -0.061288
v -0.019341 0.000617 -0.061335
v -0.019235 0.005244 -0.061158
v -0.017633 0.007972 -0.061335
v -0.017254 0.007513 -0.061288
v -0.013240 0.014113 -0.061335
v -0.013065 0.013544 -0.061288
v -0.009798 0.017328 -0.061147
v -0.003781 0.019547 -0.061157
v -0.005061 0.018836 -0.061335
v -0.003339 0.018520 -0.061288
v 0.004379 0.018849 -0.061335
v 0.004003 0.018388 -0.061288
v 0.012573 0.015437 -0.061157
v 0.011555 0.015555 -0.061334
v 0.010735 0.015457 -0.061288
v 0.016188 0.011481 -0.061155
v 0.017041 0.009238 -0.061335
v 0.018907 0.006326 -0.061158
v 0.017687 0.006313 -0.061287
v 0.019542 0.000435 -0.061314
v 0.018849 -0.004379 -0.061335
v 0.018388 -0.004003 -0.061288
v 0.016312 -0.010680 -0.061322
v 0.015457 -0.010735 -0.061288
v 0.011095 -0.016477 -0.061156
v 0.010172 -0.015833 -0.061288
v 0.005851 -0.019030 -0.061157
v 0.009045 -0.017230 -0.061335
v -0.002491 -0.015542 -0.058348
v -0.005583 -0.015028 -0.058442
v -0.008249 -0.013406 -0.058348
v -0.012174 -0.010542 -0.058442
v -0.014574 -0.006679 -0.058442
v -0.015979 -0.002002 -0.058442
v -0.015529 0.004265 -0.058442
v -0.012714 0.009883 -0.058442
v -0.009393 0.012991 -0.058442
v -0.005081 0.015281 -0.058442
v -0.000593 0.016021 -0.058442
v 0.004265 0.015529 -0.058442
v 0.009883 0.012714 -0.058442
v 0.013997 0.007964 -0.058442
v 0.015312 0.003646 -0.058348
v 0.016021 0.000593 -0.058442
v 0.015529 -0.004265 -0.058442
v 0.013406 -0.008249 -0.058348
v 0.010542 -0.012174 -0.058442
v 0.008507 -0.007343 -0.058070
v 0.006679 -0.014574 -0.058442
v 0.002002 -0.015979 -0.058442
v 0.000821 -0.011208 -0.058070
v 0.000841 -0.017807 -0.060539
v -0.002649 -0.017629 -0.060539
v 0.004299 -0.017301 -0.060539
v -0.006037 -0.016773 -0.060539
v -0.009194 -0.015273 -0.060539
v -0.011696 -0.013459 -0.060564
v -0.017301 -0.004299 -0.060539
v -0.017807 -0.000841 -0.060539
v -0.017629 0.002649 -0.060539
v -0.016773 0.006038 -0.060539
v -0.015273 0.009194 -0.060539
v -0.013186 0.011997 -0.060539
v -0.010592 0.014339 -0.060539
v -0.007591 0.016130 -0.060539
v -0.004299 0.017301 -0.060539
v -0.000841 0.017807 -0.060539
v 0.002649 0.017629 -0.060539
v 0.006038 0.016773 -0.060539
v 0.009194 0.015273 -0.060539
v 0.011997 0.013186 -0.060539
v 0.014339 0.010592 -0.060539
v 0.016130 0.007591 -0.060539
v 0.017301 0.004299 -0.060539
v 0.017807 0.000841 -0.060539
v 0.017629 -0.002649 -0.060539
v 0.016773 -0.006038 -0.060539
v 0.015273 -0.009194 -0.060539
v 0.013186 -0.011997 -0.060539
v 0.010592 -0.014339 -0.060539
v 0.007591 -0.016130 -0.060539
v -0.008293 0.023233 0.060803
v -0.000851 -0.024646 0.060777
v 0.013606 -0.020565 0.060790
v -0.004822 -0.024189 0.060797
v -0.009185 -0.024096 0.061215
v -0.011492 -0.022876 0.061335
v -0.007788 -0.023888 0.061225
v -0.012298 -0.021909 0.061225
v -0.008050 0.024302 0.061335
v -0.011384 0.022398 0.061225
v -0.005750 0.025138 0.061215
v 0.025405 0.003155 0.061335
v 0.025050 0.001946 0.061225
v 0.025777 0.000735 0.061215
v 0.000735 -0.025777 0.061215
v -0.001862 -0.025533 0.061335
v 0.002252 -0.024780 0.061099
v -0.002978 -0.024948 0.061225
v -0.004308 -0.025425 0.061215
v -0.025425 0.004308 0.061215
v -0.024679 0.006808 0.061335
v -0.024948 0.002978 0.061225
v 0.009185 0.024096 0.061215
v 0.011492 0.022876 0.061335
v 0.021841 -0.013709 0.061215
v 0.020195 -0.015734 0.061335
v -0.017707 -0.018747 0.061215
v -0.019371 -0.016737 0.061335
v -0.016336 -0.019089 0.061225
v -0.019747 -0.015535 0.061225
v -0.021024 -0.014932 0.061215
v -0.014932 0.021024 0.061215
v 0.022398 0.011384 0.061225
v 0.005750 -0.025138 0.061215
v 0.006796 -0.024189 0.061225
v -0.023044 -0.010580 0.061339
v -0.023533 -0.010544 0.061215
v 0.004308 0.025425 0.061215
v 0.002978 0.024948 0.061225
v -0.018747 0.017707 0.061215
v -0.016737 0.019371 0.061335
v 0.022264 0.012637 0.061335
v 0.019747 0.015535 0.061225
v 0.010544 -0.023533 0.061215
v 0.008050 -0.024302 0.061335
v -0.025405 -0.003155 0.061335
v -0.024189 -0.006796 0.061225
v 0.001862 0.025533 0.061335
v 0.024679 -0.006808 0.061335
v -0.021841 0.013710 0.061215
v -0.021600 0.013282 0.061339
v 0.017707 0.018747 0.061215
v 0.017241 0.018593 0.061339
v 0.014873 -0.020537 0.061339
v 0.017904 -0.014858 0.058266
v -0.018065 -0.014661 0.058266
v -0.006028 -0.022668 0.058584
v -0.024040 0.006896 0.061156
v 0.006896 0.024040 0.061156
v -0.007026 -0.018516 0.059451
v -0.012099 -0.019362 0.058031
v -0.005113 0.022440 0.058145
v 0.019425 0.002843 0.059453
v 0.022810 0.000541 0.058013
v -0.021060 0.008806 0.058014
v 0.010531 0.016698 0.059457
v 0.012099 0.019362 0.058031
v 0.015588 -0.011897 0.059455
v -0.016040 -0.011543 0.059455
v -0.009968 0.016790 0.059462
v 0.003252 -0.019336 0.059457
v -0.021119 -0.008665 0.058014
v -0.019453 -0.002364 0.059456
v -0.022827 0.000076 0.058014
v -0.000595 0.019795 0.059451
v 0.019000 -0.004852 0.059455
v -0.015747 0.011724 0.059453
v -0.007911 -0.021411 0.058024
v -0.008665 0.021119 0.058014
v 0.022440 0.005113 0.058145
v 0.000637 -0.023006 0.058145
v -0.022688 0.003864 0.058145
v 0.008216 0.021499 0.058145
v 0.019173 -0.012370 0.058017
v -0.016195 -0.016087 0.058014
v -0.013311 0.018775 0.058145
v 0.020937 0.009069 0.058017
v 0.004810 -0.022304 0.058017
v 0.004528 0.022374 0.058014
v 0.021411 -0.007911 0.058024
v -0.016087 0.016195 0.058014
v 0.018775 0.013311 0.058145
v 0.009377 -0.020817 0.058031
v -0.022440 -0.005113 0.058145
v -0.000697 0.022821 0.058031
v 0.022688 -0.003864 0.058145
v -0.019483 0.012252 0.058145
v 0.016195 0.016087 0.058014
v 0.013407 -0.018473 0.058024
v 0.005404 0.006775 0.059465
v 0.006787 0.007922 0.059465
v 0.006903 0.008916 0.059465
v 0.002192 0.013059 0.059465
v 0.000442 0.013099 0.059465
v -0.005886 0.011330 0.059466
v -0.007276 0.009051 0.059465
v -0.007378 0.007996 0.059465
v -0.007187 0.007025 0.059468
v -0.007310 0.007446 0.059465
v -0.006091 0.006120 0.059466
v 0.000795 0.014526 0.059465
v -0.006028 0.011977 0.059684
v 0.006604 0.006978 0.059616
v 0.006247 0.006696 0.059623
v 0.005815 0.006526 0.059623
v 0.005342 0.006621 0.059600
v 0.006739 0.010143 0.059468
v 0.004219 0.012855 0.059615
v 0.003260 0.012844 0.059466
v -0.005468 0.012000 0.059599
v -0.005429 0.011709 0.059467
v -0.007225 0.006658 0.059595
v -0.004092 0.006944 0.059469
v -0.000619 0.007232 0.059632
v 0.007112 0.009652 0.059594
v 0.007064 0.010517 0.059669
v 0.005890 0.011878 0.059620
v 0.006500 0.011224 0.059632
v 0.006102 0.011235 0.059465
v 0.004157 0.012561 0.059466
v -0.007483 0.009684 0.059624
v -0.007668 0.007784 0.059603
v -0.007073 0.006238 0.059676
v -0.008359 0.005780 0.059458
v -0.006858 0.005733 0.059695
v -0.005388 0.005333 0.059608
v -0.008389 0.009181 0.059692
v -0.006896 0.011684 0.059697
v -0.005767 0.012532 0.059694
v -0.004713 0.013268 0.059624
v -0.002890 0.013691 0.059656
v -0.000245 0.014179 0.059610
v 0.002998 0.006870 0.059636
v 0.000854 0.007303 0.059631
v -0.008576 0.007286 0.059653
v -0.007770 0.009914 0.059691
v 0.007244 0.006874 0.059696
v 0.006372 0.006397 0.059703
v 0.002019 -0.021193 0.058520
v 0.020093 0.006866 0.058560
v -0.020392 -0.006114 0.058520
v 0.018235 0.010326 0.058798
v 0.009602 0.004572 0.059510
v 0.010489 0.007282 0.059512
v 0.010369 0.006515 0.059510
v 0.010130 0.005720 0.059509
v 0.010279 0.009329 0.059510
v 0.010464 0.008302 0.059510
v 0.009959 0.010351 0.059510
v -0.007287 0.014392 0.059510
v -0.006471 0.014919 0.059513
v -0.011005 0.009337 0.059510
v -0.006982 -0.005378 0.059510
v 0.011004 -0.005401 0.059513
v 0.010958 -0.006081 0.059509
v -0.009611 -0.003689 0.059515
v -0.007342 -0.007561 0.059510
v -0.007147 -0.006901 0.059510
v -0.009738 -0.007662 0.059510
v -0.009616 -0.007993 0.059510
v 0.009854 0.001499 0.059761
v -0.009687 -0.000047 0.059762
v -0.010560 0.012605 0.059758
v 0.005037 0.016465 0.059752
v 0.007383 0.015126 0.059756
v 0.011098 0.005823 0.059739
v 0.007753 -0.001069 0.059511
v 0.013110 0.007292 0.059514
v 0.008072 0.013300 0.059510
v 0.006976 0.014826 0.059661
v 0.006346 0.014680 0.059510
v -0.003513 0.016179 0.059510
v -0.011565 0.009160 0.059665
v -0.010895 0.004902 0.059510
v -0.009912 0.002938 0.059510
v -0.008579 0.001111 0.059510
v -0.010126 -0.001609 0.059513
v 0.007819 -0.003079 0.059521
v 0.008141 -0.001370 0.059664
v 0.009556 0.012186 0.059659
v 0.002950 0.016717 0.059674
v -0.007646 -0.003351 0.059711
v -0.007928 -0.001597 0.059693
v -0.010463 0.000183 0.059680
v -0.009435 -0.001952 0.059670
v -0.007762 -0.006550 0.059716
v -0.012633 0.003747 0.059699
v 0.005337 0.017262 0.059740
v 0.010914 0.014012 0.059516
v 0.011415 0.013288 0.059510
v 0.011811 0.011344 0.059681
v 0.010626 0.013296 0.059716
v 0.012424 0.008921 0.059706
v 0.012212 0.005723 0.059721
v 0.010468 -0.004824 0.059685
v -0.009202 0.000098 0.059768
v -0.008706 -0.003161 0.059753
v -0.011630 0.004387 0.059743
v -0.012728 0.008824 0.059769
v 0.003159 0.017614 0.059772
v 0.008762 0.014841 0.059772
v 0.009573 0.002270 0.059766
v 0.009788 -0.004780 0.059775
v -0.008746 -0.007864 0.059685
v 0.005171 -0.015460 0.059510
v 0.004847 -0.015187 0.059510
v 0.000954 -0.014575 0.059510
v -0.003371 -0.016138 0.059510
v 0.007992 -0.013242 0.059510
v 0.004665 -0.012136 0.059510
v -0.000929 -0.012101 0.059509
v -0.005841 -0.018140 0.059510
v -0.003462 -0.019043 0.059509
v -0.002550 -0.019229 0.059509
v -0.004184 -0.018247 0.059758
v 0.008174 -0.015383 0.059736
v -0.000269 -0.019455 0.059509
v -0.003924 -0.016004 0.059588
v -0.003196 -0.017110 0.059508
v 0.004003 -0.014344 0.059593
v -0.003850 -0.017772 0.059771
v 0.001709 -0.012279 0.059584
v 0.007129 -0.017720 0.059601
v 0.008809 -0.014901 0.059600
v 0.000390 -0.019191 0.059590
v 0.006269 -0.016518 0.059709
v 0.004997 -0.014764 0.059582
v 0.004208 -0.013797 0.059753
v -0.004200 -0.015098 0.059752
v -0.004667 -0.016326 0.059733
v -0.004259 -0.017117 0.059718
v -0.003593 -0.017622 0.059709
v -0.002812 -0.017943 0.059731
v -0.003069 -0.018876 0.059594
v -0.006417 -0.017307 0.059588
v 0.004369 -0.012493 0.059591
v 0.006722 -0.013133 0.059593
v 0.008906 -0.015967 0.059585
v 0.002944 -0.019280 0.059509
v -0.000379 -0.013354 0.059787
v 0.007665 -0.015472 0.059785
v 0.002717 -0.018477 0.059787
v 0.002667 -0.017463 0.059510
v -0.000689 -0.017651 0.059510
v -0.002732 -0.017489 0.059498
v -0.000258 -0.014664 0.059510
v 0.002702 -0.014142 0.059592
v 0.003702 -0.017523 0.059581
v 0.003482 -0.017338 0.059509
v 0.007991 -0.016292 0.059742
v 0.008198 -0.014042 0.059598
v 0.006351 -0.013592 0.059744
v 0.004306 -0.013107 0.059764
v -0.006102 -0.016120 0.059746
v -0.006034 -0.016866 0.059731
v -0.005225 -0.017798 0.059737
v -0.002873 -0.018625 0.059728
v -0.000633 -0.018800 0.059748
v 0.012262 -0.021670 0.057707
v 0.015776 -0.019253 0.057707
v 0.019597 -0.015359 0.057707
v 0.022212 -0.011251 0.057707
v 0.023985 -0.006682 0.057707
v 0.024827 -0.001887 0.057707
v 0.024649 0.003609 0.057708
v 0.023232 0.008956 0.057707
v 0.018877 0.016236 0.057707
v 0.015348 0.019606 0.057707
v 0.006081 0.024157 0.057708
v -0.003065 0.024709 0.057707
v -0.016241 0.018872 0.057707
v -0.019622 0.015327 0.057707
v -0.024295 0.005448 0.057707
v -0.024892 0.000575 0.057707
v -0.023656 -0.007767 0.057707
v 0.008432 -0.028360 0.048429
v -0.010135 -0.022743 0.057707
v -0.018866 -0.016248 0.057707
v -0.022532 0.010627 0.057708
v 0.017193 0.018010 0.057707
v 0.009487 -0.023034 0.057708
v -0.021696 -0.012215 0.057707
v -0.018025 0.017177 0.057707
v 0.000057 0.024912 0.057708
v 0.011187 0.022244 0.057707
v -0.001285 -0.024879 0.057708
v 0.004230 -0.024537 0.057707
v -0.026364 -0.010147 -0.052816
v -0.027558 0.006210 -0.052816
v -0.019463 0.020474 -0.052816
v -0.010147 0.026364 -0.052816
v 0.026364 0.010147 -0.052816
v -0.016911 0.013237 -0.059640
v -0.005761 -0.025565 0.059200
v 0.003129 -0.021206 -0.059674
v 0.006843 -0.020806 -0.059030
v 0.010558 -0.018701 -0.059640
v 0.014285 -0.016603 -0.059030
v 0.016911 -0.013237 -0.059640
v 0.019551 -0.009873 -0.059030
v 0.020690 -0.005758 -0.059640
v -0.014060 0.016271 -0.059600
v -0.028760 0.013558 -0.030085
v -0.007687 -0.030853 -0.030085
v 0.020924 -0.023941 -0.029445
v -0.030197 -0.009980 -0.031167
v -0.004705 0.031446 -0.030085
v 0.031779 -0.001036 -0.029445
v -0.012878 -0.029088 -0.030747
v 0.023204 0.021739 -0.029445
v 0.016381 -0.027251 -0.030085
v -0.031467 -0.004592 -0.029589
v 0.030966 -0.007216 -0.029445
v -0.018517 -0.025848 -0.029445
v -0.021383 0.023532 -0.030085
v 0.026976 0.016838 -0.029017
v 0.011442 -0.029927 -0.003993
v -0.031724 0.002133 -0.029445
v -0.023941 -0.020924 -0.029445
v -0.015851 0.027563 -0.029445
v 0.029924 0.010750 -0.030085
v -0.030966 0.007216 -0.029445
v 0.012937 0.029053 -0.031167
v 0.024896 -0.019529 -0.040809
v -0.026999 -0.016794 -0.029445
v -0.011205 0.029756 -0.029445
v 0.031341 0.005452 -0.030747
v -0.021304 -0.014011 0.057711
v 0.025115 0.004765 0.057723
v -0.016895 -0.019089 0.057714
v -0.016498 0.019158 0.057708
v 0.007469 -0.024327 0.057711
v -0.025166 0.004182 0.057708
v 0.003756 -0.025455 0.057853
v 0.005761 0.025565 0.059200
v -0.012516 0.023029 0.059180
v -0.016128 0.020692 0.059199
v -0.023969 0.010563 0.060039
v 0.020590 -0.016191 0.060039
v 0.022229 -0.013907 0.059136
v 0.024876 0.008381 0.059729
v 0.011566 0.023568 0.059699
v 0.014169 0.021948 0.058508
v -0.018993 -0.018056 0.059200
v 0.014004 -0.022151 0.059200
v 0.023950 -0.010638 0.059200
v 0.015748 -0.027850 0.040472
v 0.021384 -0.023807 0.040527
v 0.029301 -0.012867 0.040389
v 0.031622 -0.001578 0.043639
v 0.031906 -0.002379 0.040472
v 0.031462 0.003844 0.043588
v 0.031757 0.003891 0.040472
v 0.007717 0.030707 0.043639
v 0.003014 0.031641 0.043077
v -0.010012 0.030387 0.040472
v -0.020879 0.024243 0.040472
v -0.024291 0.020874 0.040360
v -0.029215 0.013047 0.040812
v -0.031906 0.002379 0.040472
v -0.031176 -0.006221 0.043121
v -0.031757 -0.003891 0.040472
v -0.030387 -0.010012 0.040472
v -0.027169 -0.016256 0.043639
v -0.024024 -0.020675 0.043588
v -0.024243 -0.020879 0.040472
v -0.019178 -0.025618 0.040527
v -0.013559 -0.028611 0.043639
v -0.014402 -0.028549 0.041088
v -0.021282 0.010980 -0.056236
v -0.008058 -0.030226 -0.047753
v -0.013000 -0.028728 -0.043312
v -0.017952 -0.026027 -0.041885
v -0.022135 -0.021990 -0.048166
v -0.023004 -0.021567 -0.043312
v -0.029506 -0.011122 -0.043312
v -0.031109 -0.005152 -0.043312
v -0.031516 0.001016 -0.043312
v -0.028728 0.012999 -0.043312
v -0.025640 0.018354 -0.043312
v -0.021567 0.023004 -0.043312
v -0.016665 0.026769 -0.043312
v -0.005152 0.031109 -0.043312
v 0.001016 0.031516 -0.043312
v 0.012999 0.028728 -0.043312
v 0.018595 0.025032 -0.048267
v 0.022305 0.021940 -0.047635
v 0.029378 0.011368 -0.043228
v 0.030713 -0.007145 -0.043312
v 0.028069 -0.012416 -0.050439
v 0.028728 -0.012999 -0.043312
v 0.004552 -0.030849 -0.048267
v 0.005370 -0.031073 -0.043313
v -0.012606 -0.013887 -0.061290
v 0.000000 -0.000000 -0.057942
v -0.007477 -0.008132 -0.058063
v -0.011700 0.000344 -0.058086
v -0.009874 0.005348 -0.058069
v -0.003318 0.010770 -0.058070
v 0.002679 0.011198 -0.058078
v 0.007751 0.008022 -0.058067
v 0.011344 0.000554 -0.058075
v 0.011732 0.021965 0.061111
v -0.022765 -0.009605 0.060813
v 0.021965 -0.011732 0.061111
v 0.024783 -0.002433 0.061111
v -0.003643 -0.022544 0.058027
v 0.013903 -0.016098 0.058524
v 0.013076 0.016776 0.058524
v -0.019005 0.009552 0.058524
v -0.005661 -0.020503 0.058524
v 0.021177 -0.002066 0.058533
v -0.002616 0.021109 0.058524
v 0.010495 -0.018501 0.058524
v 0.016216 0.013708 0.058560
v -0.016776 0.013076 0.058524
v -0.021214 0.001552 0.058524
v 0.020317 -0.006178 0.058538
v 0.001552 0.021214 0.058524
v -0.021135 -0.002068 0.058538
v 0.006459 -0.020228 0.058560
v -0.013903 0.016098 0.058524
v -0.013076 -0.016776 0.058524
v 0.019005 -0.009552 0.058524
v 0.005661 0.020503 0.058524
v -0.018579 -0.010281 0.058560
v -0.010281 0.018579 0.058560
v -0.016098 -0.013903 0.058524
v 0.016776 -0.013076 0.058524
v 0.009552 0.019005 0.058524
v -0.020503 0.005661 0.058524
v -0.002095 -0.021132 0.058538
v 0.021109 0.002616 0.058524
v -0.006611 0.020219 0.058521
v -0.009552 -0.019005 0.058524
v 0.005579 0.011761 0.059468
v -0.000598 0.013280 0.059605
v -0.001349 0.012861 0.059465
v -0.008616 0.010565 0.059469
v -0.008026 0.010681 0.059644
v -0.008183 0.011196 0.059465
v 0.002020 0.014478 0.059465
v 0.003638 0.014212 0.059471
v 0.006975 0.011958 0.059635
v 0.006665 0.012721 0.059469
v 0.007112 0.012274 0.059465
v 0.008473 0.008942 0.059470
v 0.008161 0.007273 0.059465
v 0.006043 0.006002 0.059656
v -0.000167 0.007076 0.059466
v -0.008011 0.008561 0.059682
v 0.010366 0.010696 0.059668
v 0.000921 0.017083 0.059674
v -0.010636 0.011431 0.059651
v -0.010111 0.002431 0.059654
v -0.010770 -0.000347 0.059510
v -0.007937 -0.000083 0.059522
v -0.009589 -0.004413 0.059510
v -0.009832 -0.002412 0.059510
v 0.009558 -0.000966 0.059713
v 0.010211 -0.000556 0.059510
v -0.008988 -0.004855 0.059697
v -0.009684 -0.003051 0.059510
v -0.002519 0.019065 0.059510
v 0.006909 0.016760 0.059691
v 0.009492 0.014655 0.059718
v 0.013074 0.008535 0.059510
v 0.012832 0.009921 0.059510
v 0.012038 0.003541 0.059516
v 0.012658 0.004960 0.059510
v -0.008567 -0.007024 0.059770
v -0.010058 0.014221 0.059764
v -0.002619 0.017460 0.059758
v 0.011483 0.008405 0.059760
v -0.008991 -0.008410 0.059510
v -0.008505 -0.008432 0.059510
v -0.008032 -0.008306 0.059511
v 0.009998 -0.007057 0.059510
v -0.006998 -0.017182 0.059509
v -0.006840 -0.016436 0.059588
v -0.007421 -0.016160 0.059509
v -0.007387 -0.015655 0.059509
v -0.006837 -0.015691 0.059589
v 0.002586 -0.011922 0.059510
v 0.004116 -0.018817 0.059586
v -0.003562 -0.013790 0.059760
v -0.000707 -0.017836 0.059571
v -0.002953 -0.015565 0.059510
v -0.002518 -0.015286 0.059510
v -0.001920 -0.015024 0.059509
v 0.001805 -0.017536 0.059510
v -0.006645 -0.028766 0.048530
v -0.022359 -0.019256 0.048562
v -0.025153 -0.018199 0.045449
v -0.029230 -0.003648 0.048667
v -0.031045 -0.001117 0.045403
v -0.028721 0.006540 0.048667
v -0.029653 0.008865 0.045641
v -0.026293 0.013239 0.048704
v -0.026450 0.016191 0.045531
v -0.022618 0.021269 0.045463
v -0.015832 0.024876 0.048607
v 0.018102 0.023224 0.048689
v 0.021210 0.022627 0.045546
v 0.029197 -0.005007 0.048335
v 0.023303 -0.018074 0.048597
v 0.022636 -0.021192 0.045558
v 0.005039 -0.029024 0.048665
v -0.020371 -0.014317 0.057707
v -0.021011 0.013360 0.057707
v -0.008944 0.023237 0.057707
v -0.005982 0.024182 0.057708
v 0.023211 -0.009012 0.057707
v -0.014876 -0.019982 0.057708
v 0.008986 0.023221 0.057707
v 0.002076 0.001619 0.059722
v 0.000770 -0.010105 0.059834
v -0.000111 0.006497 0.060617
v -0.000767 -0.013660 0.060841
v -0.001909 -0.014176 0.059890
v -0.005511 -0.011252 0.059853
v 0.005709 0.003143 0.060694
v 0.004766 0.004379 0.060646
v -0.004825 0.003856 0.060684
v 0.006722 -0.009583 0.060826
v 0.004416 -0.012901 0.060795
v 0.005352 -0.011968 0.060588
v 0.006012 -0.011155 0.060626
v 0.006378 -0.010831 0.060824
v -0.004699 -0.011120 0.060627
v -0.003624 -0.012700 0.060829
v 0.000160 0.007161 0.060576
v 0.003532 0.006157 0.060584
v 0.005076 0.005026 0.060595
v 0.006996 -0.000691 0.060653
v 0.002274 -0.014193 0.060802
v -0.006064 -0.007892 0.060719
v -0.001395 0.006766 0.060581
v -0.000000 0.003903 0.060785
v 0.002076 0.001629 0.060787
v 0.003646 -0.007954 0.060887
v -0.001893 0.001437 0.060792
v -0.001981 -0.013289 0.060595
v 0.002513 0.005658 0.060417
v 0.004050 0.004809 0.060425
v 0.005801 0.002483 0.060448
v 0.002819 -0.013173 0.060595
v -0.003436 0.004853 0.060426
v -0.004807 0.003583 0.060440
v -0.005563 0.001574 0.060457
v -0.000195 0.006698 0.060707
v 0.003257 0.005958 0.060737
v 0.006391 0.002317 0.060768
v 0.003747 -0.013607 0.060919
v -0.005491 -0.010478 0.060893
v -0.004818 -0.012059 0.060892
v -0.003475 0.005064 0.060677
v -0.006149 0.001681 0.060764
v -0.000074 0.005405 0.060519
v 0.005458 -0.005751 0.060563
v -0.004159 -0.009392 0.060660
v -0.002551 -0.011307 0.060593
v -0.004691 0.000396 0.060561
v -0.001148 -0.011693 0.060586
v -0.000033 0.005067 0.060495
v 0.002482 0.004600 0.060433
v 0.004066 0.003193 0.060489
v 0.004726 0.001750 0.060529
v 0.003359 -0.011391 0.060602
v 0.004933 -0.010147 0.060571
v 0.005388 -0.008962 0.060560
v -0.002891 0.003953 0.060428
v -0.003930 0.003029 0.060446
v -0.004281 0.001695 0.060537
v -0.000031 0.004496 0.060835
v -0.000007 0.007169 0.059735
v -0.000574 -0.014312 0.059950
v 0.003067 0.006353 0.059743
v 0.005119 0.004963 0.059757
v 0.006011 0.003844 0.059709
v 0.006618 0.002641 0.059743
v 0.007026 -0.001091 0.059817
v 0.002436 -0.014174 0.059953
v 0.005112 -0.013280 0.059907
v 0.006938 -0.011157 0.059912
v -0.005918 -0.009982 0.059883
v -0.003292 -0.013689 0.059939
v -0.001597 0.006659 0.059749
v -0.003843 0.005569 0.059754
v -0.005396 0.004194 0.059769
v 0.002417 0.006583 0.060574
v 0.003452 -0.014013 0.060771
v 0.004611 -0.013592 0.060772
v 0.006239 -0.012268 0.060766
v 0.006952 -0.011131 0.060749
v 0.007292 -0.009960 0.060741
v 0.007366 -0.008684 0.060723
v -0.005208 -0.011868 0.060755
v -0.004646 -0.012635 0.060755
v -0.003649 -0.013482 0.060775
v -0.002346 -0.014091 0.060795
v -0.000667 -0.014328 0.060782
v -0.003268 0.005896 0.060584
v -0.005761 0.003576 0.060604
v -0.006226 0.002414 0.060640
v -0.006409 0.001063 0.060635
v 0.004206 0.003395 0.060534
v 0.005032 0.001996 0.060550
v -0.002917 0.004101 0.060530
v 0.002708 0.003646 0.060832
v -0.003347 -0.008973 0.060943
v -0.001891 0.001427 0.059725
v 0.002742 0.000138 0.059737
v 0.005574 -0.012945 0.060759
v -0.005756 -0.010704 0.060745
v -0.004247 0.005304 0.060587
v -0.005205 0.004413 0.060595
v 0.003120 0.005604 0.060623
v 0.006109 0.001672 0.060680
v 0.006535 -0.008751 0.060555
v -0.000727 -0.013498 0.060636
v -0.003060 -0.012840 0.060597
v 0.006150 0.000072 0.060550
v 0.004590 -0.012683 0.060638
v 0.006492 -0.009884 0.060599
v 0.002801 -0.013352 0.060660
v -0.000170 0.006362 0.060432
v -0.005124 -0.009790 0.060603
v -0.004004 -0.012134 0.060629
v -0.004112 -0.008966 0.060576
v -0.003507 -0.010428 0.060576
v -0.001716 -0.011339 0.060663
v 0.004904 0.002143 0.060474
v 0.002902 0.004584 0.060528
v 0.002338 -0.011730 0.060674
v -0.004860 -0.009977 0.060555
v -0.005571 0.002332 0.060697
v -0.003568 -0.013148 0.060911
v -0.005204 -0.010171 0.060807
v 0.005069 -0.012879 0.060925
v -0.000877 -0.014018 0.060928
v -0.000207 0.006933 0.060717
v 0.002779 -0.013469 0.060816
v 0.005558 0.004125 0.060735
v -0.002257 -0.013402 0.060827
v -0.003834 0.005288 0.060728
v -0.005194 0.004006 0.060744
v 0.003207 0.004228 0.060452
v -0.000064 0.005320 0.060442
v -0.003870 0.003295 0.060538
v -0.002264 -0.008240 0.060889
v -0.000418 -0.010937 0.060975
v 0.003617 -0.008787 0.060898
v -0.002148 -0.009061 0.060900
v -0.000780 -0.009898 0.060913
v -0.003679 0.001351 0.060828
v 0.003864 0.001716 0.060815
v 0.002314 -0.009750 0.060912
v 0.004720 -0.008630 0.060942
v 0.004139 0.001917 0.060852
v -0.003090 0.005722 0.059691
v 0.006187 -0.012296 0.059862
v -0.004581 -0.012715 0.059912
v -0.005456 0.003697 0.059706
v -0.006386 0.000217 0.059762
v -0.006258 0.002325 0.059763
v 0.003826 -0.013896 0.059888
v 0.004112 0.005778 0.059701
v 0.005942 0.004007 0.060600
v 0.006618 0.002677 0.060620
v 0.004315 0.005679 0.060612
v -0.000434 0.007117 0.060566
v -0.000156 0.005964 0.060425
v 0.003946 -0.011282 0.060678
v 0.004607 -0.010771 0.060670
v 0.005570 -0.008980 0.060657
v 0.003426 -0.011145 0.060616
v 0.004375 -0.009592 0.060968
v -0.002978 -0.009856 0.060967
v -0.002282 0.003476 0.060830
v -0.003266 0.002694 0.060844
v 0.002527 -0.010764 0.060978
v -0.003857 0.001259 0.060869
v 0.004444 -0.001566 0.060894
v -0.001915 -0.010732 0.060971
v 0.003591 -0.010394 0.060965
v 0.007346 -0.009546 0.059858
v -0.005779 0.000585 0.060716
v 0.002807 -0.002945 0.060831
v 0.002742 0.000148 0.060803
v -0.002411 -0.000100 0.060806
v 0.003028 -0.006739 0.060867
v 0.005037 0.003867 0.060469
v -0.003126 -0.011052 0.060677
v -0.001532 -0.011872 0.060687
v -0.004501 0.002085 0.060550
v 0.007137 -0.009808 0.060866
v 0.006288 -0.011744 0.060895
v -0.004535 0.001762 0.060476
v 0.002131 0.003934 0.060843
v 0.003544 0.002857 0.060838
v -0.001768 -0.006981 0.059805
v 0.003769 -0.008435 0.059819
v 0.003029 -0.006749 0.059803
v 0.002736 -0.009570 0.059829
v -0.002007 -0.009187 0.059826
v -0.002317 -0.008458 0.059819
v -0.001188 -0.009762 0.059831
v -0.001767 -0.006971 0.060869
v 0.000653 -0.010080 0.060918
v 0.002352 -0.003170 0.059769
v 0.004093 -0.003210 0.059769
v 0.003864 0.001705 0.059722
v 0.003562 -0.004467 0.059781
v 0.002835 -0.002772 0.059765
v -0.002218 -0.003049 0.059767
v -0.003377 -0.003938 0.059776
v -0.002412 -0.000111 0.059739
v -0.002101 -0.005124 0.059787
v -0.003680 0.001340 0.059726
v -0.001701 -0.003368 0.059770
v 0.002567 -0.004946 0.059785
v -0.001714 -0.003359 0.060827
v -0.002179 -0.005144 0.060849
v -0.002226 -0.003013 0.060834
v 0.002857 -0.004897 0.060847
v -0.003397 -0.003797 0.060870
v 0.004051 -0.003658 0.060857
v 0.003492 -0.006320 0.060850
v 0.003218 -0.006093 0.060848
v -0.002202 -0.006512 0.060852
v 0.001793 -0.009907 0.060885
v 0.002833 -0.009473 0.060881
v 0.003383 -0.009003 0.060876
v 0.003662 -0.008529 0.060873
v 0.003664 -0.008035 0.060868
v 0.002980 -0.006746 0.060858
v -0.001726 -0.006971 0.060859
v -0.002275 -0.008325 0.060870
v -0.002251 -0.008713 0.060874
v -0.002059 -0.009087 0.060877
v -0.001127 -0.009752 0.060884
v -0.000373 -0.009970 0.060886
v 0.000055 -0.010376 0.061125
v 0.001986 -0.010209 0.061117
v 0.004031 -0.008090 0.061101
v 0.003135 -0.006413 0.061086
v -0.001929 -0.006662 0.061086
v -0.002615 -0.008381 0.061098
v -0.002402 -0.009190 0.061114
v -0.001474 -0.009956 0.061112
v 0.000547 -0.010067 0.060887
v -0.001700 -0.009425 0.060880
v -0.002017 -0.006346 0.060850
v 0.003822 -0.008952 0.061107
v 0.003287 -0.009540 0.061111
v 0.004223 -0.007749 0.060865
v 0.002291 -0.010424 0.060890
v 0.000906 -0.010694 0.060893
v -0.000510 -0.010604 0.060891
v -0.001440 -0.010303 0.060889
v -0.001970 -0.010014 0.060886
v -0.002396 -0.009662 0.060883
v -0.002702 -0.009261 0.060879
v -0.002878 -0.008827 0.060875
v -0.002915 -0.008363 0.060870
v -0.002601 -0.007349 0.060860
v 0.004333 -0.008284 0.060869
v 0.004227 -0.008817 0.060875
v 0.003993 -0.009252 0.060879
v 0.003633 -0.009655 0.060883
v 0.003159 -0.010008 0.060886
v 0.001222 -0.001960 0.061192
v 0.001877 -0.000328 0.061160
v 0.000093 0.001127 0.061136
v -0.001111 0.000562 0.061140
v -0.001558 -0.000635 0.061167
v -0.001382 -0.001359 0.061158
v -0.000004 -0.002311 0.061199
v -0.000959 -0.001907 0.061154
v 0.000351 -0.002311 0.061203
v 0.001264 0.000727 0.061171
v -0.000233 0.001078 0.061157
v -0.001352 0.000217 0.061167
v -0.001493 -0.001050 0.061186
v 0.001877 -0.000406 0.060804
v 0.000687 -0.002246 0.061163
v 0.000974 -0.002124 0.061188
v 0.001001 0.000916 0.061138
v -0.001179 -0.001670 0.061199
v -0.000306 -0.002258 0.061181
v 0.001456 0.000555 0.061137
v 0.001713 0.000174 0.061175
v 0.001514 -0.001685 0.061182
v 0.001758 -0.001263 0.061192
v 0.000388 0.001107 0.061172
v -0.000588 0.000950 0.061165
v -0.001507 -0.000197 0.061180
v -0.000670 -0.002107 0.061187
v -0.001259 0.000382 0.060820
v 0.000795 -0.002212 0.060824
v 0.001863 -0.000957 0.060825
v -0.000931 0.000718 0.060793
v 0.001678 -0.001427 0.060815
v 0.000189 -0.002323 0.060822
v -0.000461 0.001009 0.060803
v -0.000322 -0.002261 0.060842
v 0.001365 -0.001853 0.060832
v 0.000221 0.001126 0.060789
v -0.000910 -0.001953 0.060819
v 0.001021 0.000916 0.060804
v -0.001323 -0.001485 0.060833
v -0.001515 -0.000963 0.060815
v 0.001509 0.000474 0.060796
v 0.001769 0.000047 0.060807
v -0.001553 -0.000351 0.060816
v 0.001879 -0.000839 0.061179
v -0.000893 0.000758 0.061170
v 0.000677 0.001049 0.061165
vn -0.1446 -0.8326 -0.5348
vn -0.0580 -0.3106 -0.9488
vn -0.2506 -0.8105 -0.5294
vn -0.4292 -0.5745 -0.6969
vn -0.5022 -0.4933 -0.7103
vn -0.3848 -0.5220 -0.7612
vn -0.6381 -0.3343 -0.6936
vn -0.6557 -0.3184 -0.6846
vn -0.6125 -0.4000 -0.6818
vn -0.5953 -0.2329 -0.7690
vn -0.6006 -0.2130 -0.7707
vn -0.7202 0.0816 -0.6890
vn -0.6263 0.1420 -0.7666
vn -0.7147 0.1462 -0.6840
vn -0.5541 0.4626 -0.6921
vn -0.4433 0.4623 -0.7680
vn -0.4840 0.5478 -0.6824
vn -0.3184 0.6558 -0.6845
vn -0.2285 0.5995 -0.7671
vn -0.1530 0.6348 -0.7574
vn -0.3296 0.6248 -0.7078
vn -0.0900 0.7122 -0.6962
vn -0.0562 0.7272 -0.6841
vn 0.0053 0.7045 -0.7097
vn 0.0522 0.7278 -0.6838
vn 0.1397 0.7200 -0.6798
vn 0.1065 0.7033 -0.7029
vn 0.2329 0.6917 -0.6836
vn 0.4405 0.5656 -0.6972
vn 0.4960 0.4962 -0.7126
vn 0.3817 0.5190 -0.7649
vn 0.4803 0.5520 -0.6816
vn 0.5606 0.4684 -0.6829
vn 0.6630 0.3096 -0.6816
vn 0.6005 0.2294 -0.7660
vn 0.6959 0.2216 -0.6831
vn 0.6388 0.3352 -0.6925
vn 0.7179 0.0532 -0.6941
vn 0.7309 0.0331 -0.6817
vn 0.7182 0.1269 -0.6842
vn 0.6298 -0.3234 -0.7063
vn 0.5923 -0.3866 -0.7069
vn 0.6008 -0.2872 -0.7460
vn 0.4681 -0.5423 -0.6978
vn 0.3892 -0.5836 -0.7126
vn 0.4433 -0.4697 -0.7634
vn 0.2253 -0.6629 -0.7140
vn 0.1337 -0.7016 -0.6999
vn 0.1849 -0.7069 -0.6827
vn 0.0774 -0.7276 -0.6816
vn -0.5930 0.2095 -0.7775
vn -0.8219 0.1800 -0.5405
vn -0.8753 0.3799 -0.2993
vn -0.5803 0.5170 -0.6292
vn -0.6087 0.4764 -0.6345
vn -0.6745 0.3884 -0.6279
vn -0.4499 0.2733 -0.8503
vn -0.6779 0.3816 -0.6284
vn -0.2259 -0.9695 -0.0946
vn -0.2162 -0.9109 0.3514
vn -0.3440 -0.9349 -0.0874
vn -0.2136 -0.7079 -0.6733
vn -0.1123 -0.8248 -0.5542
vn 0.1104 -0.7605 -0.6398
vn 0.2028 -0.6716 -0.7127
vn 0.2569 -0.7610 -0.5957
vn 0.2893 -0.5651 -0.7726
vn 0.3893 -0.6822 -0.6189
vn 0.3790 -0.7211 -0.5800
vn 0.4782 -0.6243 -0.6177
vn 0.4423 -0.5161 -0.7335
vn 0.5286 -0.6112 -0.5891
vn 0.5929 -0.5093 -0.6238
vn 0.3755 -0.3377 -0.8631
vn 0.6121 -0.4753 -0.6320
vn 0.6917 -0.4020 -0.6000
vn 0.5922 -0.3139 -0.7421
vn 0.7240 -0.3602 -0.5883
vn 0.6931 -0.2316 -0.6827
vn 0.4946 -0.1653 -0.8532
vn 0.7460 -0.2154 -0.6301
vn 0.7181 -0.1355 -0.6826
vn 0.7291 -0.0539 -0.6823
vn 0.7823 0.0235 -0.6224
vn 0.6890 -0.0827 -0.7200
vn 0.7821 0.1758 -0.5979
vn 0.6695 0.1594 -0.7255
vn 0.7349 0.3238 -0.5959
vn 0.6190 0.3858 -0.6841
vn 0.6569 0.4606 -0.5970
vn 0.5555 0.5807 -0.5951
vn 0.4403 0.6798 -0.5865
vn 0.3967 0.6951 -0.5996
vn 0.2886 0.7187 -0.6325
vn 0.1460 0.7574 -0.6364
vn -0.0165 0.8005 -0.5992
vn -0.0288 0.6693 -0.7424
vn -0.1736 0.7871 -0.5919
vn -0.2185 0.7465 -0.6285
vn -0.3182 0.7429 -0.5890
vn -0.3992 0.6108 -0.6838
vn -0.4169 0.6534 -0.6319
vn -0.5189 0.5850 -0.6234
vn -0.3960 0.3515 -0.8483
vn -0.7217 0.2866 -0.6301
vn -0.6878 0.2416 -0.6845
vn -0.9352 0.3540 -0.0047
vn -0.8868 0.4621 -0.0008
vn -0.9052 0.4247 -0.0161
vn -0.8517 0.5238 0.0131
vn -0.8462 0.5328 -0.0093
vn -0.7652 0.1321 -0.6301
vn -0.8026 -0.0199 -0.5962
vn -0.6939 -0.0288 -0.7195
vn -0.7316 0.0466 -0.6801
vn -0.7811 -0.0449 -0.6228
vn -0.7910 -0.1695 -0.5879
vn -0.7588 -0.2066 -0.6177
vn -0.7130 -0.3043 -0.6317
vn -0.6426 -0.4309 -0.6336
vn -0.5547 -0.5796 -0.5970
vn -0.4529 -0.5072 -0.7332
vn -0.5523 -0.4803 -0.6813
vn -0.5658 -0.6258 -0.5368
vn -0.4399 -0.6792 -0.5875
vn -0.4061 -0.7023 -0.5846
vn -0.2518 -0.4182 -0.8728
vn -0.4218 -0.7355 -0.5302
vn -0.3419 -0.7784 -0.5265
vn -0.1461 -0.9892 -0.0063
vn -0.2437 -0.9698 0.0099
vn -0.2450 -0.9694 -0.0145
vn -0.5044 -0.6794 -0.5330
vn -0.2444 -0.2578 -0.9348
vn -0.5833 -0.6142 -0.5315
vn -0.3288 -0.2219 -0.9180
vn -0.6923 -0.4857 -0.5337
vn -0.6429 -0.5537 -0.5292
vn -0.7373 -0.4154 -0.5328
vn -0.7769 -0.3428 -0.5281
vn -0.8050 -0.2648 -0.5309
vn -0.3088 -0.0704 -0.9485
vn -0.8268 -0.1808 -0.5326
vn -0.8549 -0.0797 -0.5127
vn -0.3924 0.0410 -0.9189
vn -0.8445 0.0173 -0.5353
vn -0.8375 0.1033 -0.5366
vn -0.8235 0.1850 -0.5363
vn -0.8017 0.2689 -0.5337
vn -0.7685 0.3618 -0.5277
vn -0.3076 0.1924 -0.9319
vn -0.7163 0.4513 -0.5322
vn -0.6679 0.5228 -0.5297
vn -0.5512 0.6397 -0.5356
vn -0.1036 0.1182 -0.9876
vn -0.4859 0.6980 -0.5259
vn -0.6149 0.5840 -0.5300
vn -0.3996 0.7485 -0.5293
vn -0.1698 0.4354 -0.8841
vn -0.3041 0.7903 -0.5319
vn 0.0191 0.2699 -0.9627
vn 0.0010 0.8423 -0.5391
vn -0.1033 0.8411 -0.5309
vn -0.0793 0.3325 -0.9398
vn -0.2047 0.8200 -0.5345
vn 0.1053 0.8378 -0.5358
vn 0.1121 0.3258 -0.9388
vn 0.2064 0.8207 -0.5328
vn 0.3018 0.7899 -0.5337
vn 0.3808 0.7564 -0.5319
vn 0.1587 0.2668 -0.9506
vn 0.4534 0.7155 -0.5314
vn 0.5217 0.6675 -0.5313
vn 0.2488 0.2149 -0.9444
vn 0.5831 0.6109 -0.5354
vn 0.6956 0.4837 -0.5312
vn 0.6405 0.5502 -0.5358
vn 0.3322 0.1394 -0.9329
vn 0.7907 0.3060 -0.5302
vn 0.7460 0.3976 -0.5342
vn 0.4583 0.0831 -0.8849
vn 0.8212 0.2252 -0.5244
vn 0.3223 0.0014 -0.9466
vn 0.8456 0.0233 -0.5333
vn 0.8383 0.1243 -0.5309
vn 0.3142 -0.0478 -0.9482
vn 0.8347 -0.1470 -0.5308
vn 0.8444 -0.0642 -0.5319
vn 0.2907 -0.1063 -0.9509
vn 0.7894 -0.3069 -0.5317
vn 0.8165 -0.2275 -0.5306
vn 0.2737 -0.1860 -0.9437
vn 0.7135 -0.4544 -0.5333
vn 0.7553 -0.3829 -0.5318
vn 0.6644 -0.5249 -0.5320
vn 0.2428 -0.2177 -0.9453
vn 0.5412 -0.6545 -0.5279
vn 0.6000 -0.5960 -0.5336
vn 0.4855 -0.6950 -0.5304
vn 0.1922 -0.2934 -0.9365
vn 0.4143 -0.7403 -0.5295
vn 0.3242 -0.7819 -0.5325
vn 0.1135 -0.3608 -0.9257
vn 0.2266 -0.8147 -0.5338
vn 0.0587 -0.8452 -0.5312
vn -0.0132 -0.3593 -0.9331
vn -0.0431 -0.8429 -0.5363
vn -0.7301 -0.3653 -0.5775
vn -0.5610 -0.3796 -0.7357
vn -0.6533 -0.4731 -0.5911
vn 0.4846 0.8747 -0.0035
vn 0.5952 0.8035 0.0109
vn 0.6474 0.7622 -0.0066
vn 0.5353 0.8441 -0.0316
vn 0.6479 0.7609 -0.0351
vn 0.7573 -0.6530 -0.0028
vn 0.6181 -0.7861 -0.0019
vn 0.6556 -0.7550 -0.0100
vn 0.5907 -0.8059 -0.0403
vn -0.2463 0.9692 -0.0044
vn -0.1137 0.9935 -0.0017
vn -0.1493 0.9887 -0.0162
vn -0.0409 0.9991 0.0149
vn -0.0265 0.9996 -0.0091
vn 0.9944 -0.0995 -0.0355
vn 0.9996 -0.0275 -0.0104
vn 0.9888 -0.1491 -0.0046
vn 0.9984 0.0571 -0.0041
vn 0.9993 -0.0369 0.0047
vn -0.3356 -0.9420 -0.0046
vn -0.4958 -0.8684 -0.0032
vn -0.4082 -0.9128 -0.0155
vn -0.5719 -0.8195 -0.0382
vn -0.7903 0.6127 -0.0040
vn -0.7716 0.6360 -0.0148
vn -0.7235 0.6902 0.0079
vn 0.7907 0.6112 -0.0337
vn 0.7327 0.6805 -0.0120
vn 0.7698 0.6383 0.0066
vn 0.8338 0.5520 -0.0039
vn 0.4731 -0.8810 -0.0024
vn 0.5198 -0.8542 -0.0108
vn -0.9723 -0.2335 -0.0060
vn -0.9949 -0.1006 -0.0011
vn -0.9878 -0.1547 -0.0166
vn -0.9485 -0.3166 -0.0138
vn 0.1184 0.9930 -0.0039
vn 0.1041 0.9945 -0.0135
vn 0.9414 -0.3370 -0.0148
vn 0.9759 -0.2180 -0.0119
vn 0.9485 -0.3169 -0.0033
vn -0.6719 -0.7405 -0.0145
vn -0.5700 -0.8216 -0.0114
vn -0.6533 -0.7571 -0.0024
vn -0.6420 0.7667 -0.0037
vn -0.6710 0.7413 -0.0169
vn -0.5402 0.8415 0.0115
vn -0.5786 0.8155 -0.0086
vn 0.8826 0.4685 -0.0374
vn 0.8464 0.5325 -0.0103
vn 0.9052 0.4250 -0.0059
vn 0.9006 0.4345 0.0121
vn 0.3612 -0.9324 -0.0092
vn 0.2413 -0.9705 -0.0029
vn 0.3271 -0.9441 -0.0401
vn 0.4552 -0.8893 -0.0445
vn 0.3861 -0.9224 0.0116
vn -0.9994 -0.0331 -0.0107
vn -0.9994 0.0345 0.0030
vn -0.9965 0.0825 -0.0127
vn -0.9886 0.1502 -0.0048
vn -0.9868 0.1581 -0.0360
vn 0.2717 0.9623 0.0100
vn 0.3072 0.9516 -0.0062
vn 0.8701 -0.4928 -0.0037
vn 0.8929 -0.4501 -0.0109
vn 0.8485 -0.5281 -0.0337
vn -0.7839 -0.6209 -0.0029
vn -0.7587 -0.6513 -0.0108
vn -0.8112 -0.5834 -0.0390
vn -0.4863 0.8737 -0.0131
vn -0.4401 0.8980 -0.0050
vn -0.4167 0.9083 -0.0360
vn 0.9542 0.2992 0.0067
vn 0.9411 0.3378 -0.0121
vn -0.9553 0.2935 -0.0355
vn -0.9740 0.2262 -0.0097
vn -0.9564 0.2919 0.0083
vn 0.4040 0.9147 -0.0145
vn 0.4067 0.9120 0.0539
vn 0.7864 -0.6170 -0.0314
vn 0.7029 -0.7103 -0.0379
vn -0.8830 -0.4681 -0.0346
vn -0.8471 -0.5314 -0.0101
vn -0.8715 -0.4905 -0.0037
vn -0.9117 -0.4106 0.0149
vn -0.9330 -0.3598 -0.0015
vn -0.2867 0.9574 -0.0356
vn -0.3561 0.9344 -0.0102
vn -0.3483 0.9374 0.0047
vn 0.9850 0.1719 -0.0121
vn 0.9975 0.0569 -0.0409
vn -0.2914 -0.7140 -0.6366
vn -0.2588 -0.7567 -0.6004
vn -0.1729 -0.7657 -0.6195
vn -0.1117 -0.7914 -0.6011
vn -0.0824 -0.6162 -0.7832
vn -0.0223 -0.7751 -0.6315
vn 0.3943 0.6463 -0.6533
vn 0.3341 0.7689 -0.5451
vn 0.5281 0.8100 -0.2550
vn -0.1760 0.8259 -0.5357
vn -0.3841 0.7231 -0.5741
vn -0.3244 0.8870 -0.3288
vn 0.7802 0.2542 -0.5715
vn 0.9286 0.1611 -0.3343
vn -0.7380 0.4043 -0.5402
vn 0.4533 0.4777 -0.7525
vn -0.5820 -0.3058 -0.7535
vn -0.6913 -0.2260 -0.6863
vn -0.0139 0.6318 -0.7750
vn -0.0553 0.9577 -0.2824
vn 0.7549 -0.1441 -0.6398
vn 0.8312 0.0031 -0.5559
vn 0.9548 -0.1252 -0.2697
vn -0.3300 -0.7516 -0.5712
vn -0.3226 0.2946 -0.8995
vn -0.6605 0.5021 -0.5583
vn -0.6082 0.6273 -0.4863
vn 0.4441 0.3030 -0.8432
vn 0.6400 0.5489 -0.5377
vn 0.2647 -0.5784 -0.7716
vn 0.4561 -0.8495 -0.2653
vn 0.3449 -0.9108 -0.2267
vn -0.9080 -0.2175 -0.3581
vn -0.6125 -0.0353 -0.7897
vn -0.9650 -0.0413 -0.2591
vn 0.1312 0.6461 -0.7519
vn -0.2100 0.3129 -0.9263
vn 0.7953 0.5706 -0.2050
vn 0.7327 0.3947 -0.5544
vn 0.1903 -0.8317 -0.5216
vn 0.0188 -0.8379 -0.5456
vn 0.0819 -0.6266 -0.7751
vn -0.6154 -0.7857 -0.0625
vn -0.4860 -0.8666 0.1135
vn -0.6231 -0.7042 0.3402
vn -0.4966 -0.8085 -0.3158
vn -0.5534 -0.6414 -0.5314
vn 0.6999 0.7104 -0.0741
vn 0.7113 0.6109 0.3476
vn 0.5881 0.4263 0.6874
vn 0.8535 0.5005 0.1450
vn 0.1006 0.9421 -0.3200
vn 0.2180 0.9720 -0.0876
vn 0.2839 0.9274 -0.2435
vn -0.4966 0.6783 -0.5417
vn -0.6190 0.7817 -0.0763
vn -0.4829 0.8720 -0.0803
vn -0.5923 0.7314 0.3380
vn -0.4852 0.8058 0.3395
vn -0.3045 0.6548 0.6917
vn -0.3776 0.9210 0.0953
vn -0.2462 0.9093 0.3354
vn -0.2139 0.9745 -0.0683
vn -0.8408 0.5319 -0.1006
vn -0.7571 0.6531 -0.0165
vn -0.7992 0.5149 0.3100
vn -0.6594 0.6682 0.3445
vn -0.9053 0.4076 0.1197
vn -0.9568 0.2728 -0.1005
vn 0.2993 -0.8797 0.3695
vn 0.2149 -0.9749 -0.0583
vn 0.4371 -0.8523 0.2874
vn -0.8239 -0.5593 -0.0914
vn -0.8241 -0.4653 0.3232
vn -0.9155 -0.3898 -0.0997
vn -0.7434 -0.5821 0.3294
vn 0.8410 -0.5332 -0.0915
vn 0.7801 -0.6103 0.1376
vn 0.7218 -0.6148 -0.3177
vn 0.7203 -0.4123 -0.5578
vn 0.5329 -0.5222 0.6659
vn 0.6908 -0.7151 0.1067
vn 0.9118 0.4044 -0.0712
vn 0.9452 0.3234 0.0455
vn 0.7097 0.1837 0.6801
vn 0.9760 0.1745 0.1300
vn 0.9968 0.0223 -0.0766
vn 0.9829 -0.1607 0.0899
vn 0.9480 0.0191 0.3176
vn 0.7129 -0.1099 0.6926
vn -0.9759 -0.2134 0.0453
vn -0.9868 -0.1081 0.1203
vn -0.6947 -0.0329 0.7185
vn -0.9570 0.0358 0.2879
vn 0.4332 0.9002 0.0454
vn 0.2686 0.8785 0.3952
vn 0.3816 0.6409 0.6661
vn 0.5622 0.8177 0.1235
vn 0.5796 0.7136 0.3935
vn 0.5835 0.7214 -0.3731
vn -0.1071 0.9853 0.1329
vn -0.0324 0.7232 0.6899
vn 0.0494 0.9912 0.1230
vn 0.1333 -0.9211 0.3659
vn 0.0630 -0.9949 -0.0783
vn -0.7252 -0.6837 -0.0816
vn -0.6401 -0.5266 -0.5595
vn 0.5384 -0.8412 -0.0496
vn 0.6288 -0.7765 0.0416
vn -0.9311 0.0897 -0.3536
vn -0.9852 0.1101 0.1313
vn -0.8992 0.2319 0.3710
vn 0.9072 -0.4118 -0.0861
vn 0.8172 -0.4689 0.3350
vn 0.9417 -0.2973 0.1573
vn 0.9078 -0.2735 -0.3179
vn 0.5191 -0.6590 -0.5442
vn 0.0249 -0.9968 0.0761
vn 0.0936 -0.9955 0.0134
vn 0.1831 -0.9804 0.0726
vn 0.3365 -0.8610 0.3813
vn 0.2321 -0.9477 0.2192
vn 0.4015 -0.8897 0.2174
vn 0.2210 -0.8973 0.3820
vn 0.2409 -0.9705 0.0108
vn 0.3553 -0.9311 0.0826
vn 0.5428 -0.8107 0.2194
vn 0.4788 -0.8759 0.0598
vn 0.5870 -0.8080 0.0515
vn 0.4191 -0.8241 0.3810
vn 0.4858 -0.7778 0.3988
vn 0.6598 -0.7479 0.0728
vn 0.7107 -0.6708 0.2118
vn 0.7437 -0.6670 0.0439
vn 0.8361 -0.5439 0.0716
vn 0.8531 -0.5216 0.0099
vn 0.9082 -0.4135 0.0649
vn 0.9387 -0.3446 0.0094
vn 0.9572 -0.2814 0.0678
vn 0.9155 -0.3378 0.2184
vn 0.8981 -0.2256 0.3774
vn 0.9668 -0.1778 0.1836
vn 0.8589 -0.3240 0.3966
vn 0.9814 -0.1911 0.0157
vn 0.9763 -0.0430 0.2122
vn 0.9950 -0.0817 0.0566
vn 0.9981 0.0249 0.0569
vn 0.9263 -0.0115 0.3766
vn 0.9702 0.1165 0.2123
vn 0.9909 0.1234 0.0537
vn 0.9698 0.2362 0.0613
vn 0.9107 0.1717 0.3758
vn 0.9367 0.2853 0.2029
vn 0.9205 0.0692 0.3847
vn 0.9814 0.1918 -0.0028
vn 0.9219 0.3804 0.0732
vn 0.8893 0.2598 0.3764
vn 0.8635 0.3396 0.3728
vn 0.8700 0.4440 0.2142
vn 0.8051 0.4482 0.3885
vn 0.8390 0.5393 0.0720
vn 0.7173 0.6923 0.0786
vn 0.6855 0.7279 0.0168
vn 0.7639 0.5262 0.3735
vn 0.7577 0.6181 0.2094
vn 0.6875 0.6192 0.3793
vn 0.6346 0.6801 0.3671
vn 0.6031 0.7658 0.2235
vn 0.5094 0.7772 0.3694
vn 0.4414 0.8159 0.3734
vn 0.4182 0.8844 0.2071
vn 0.3294 0.8647 0.3792
vn 0.5682 0.8202 0.0669
vn 0.1460 0.9174 0.3702
vn 0.2518 0.9429 0.2179
vn 0.0918 0.9800 0.1768
vn 0.2320 0.9699 0.0742
vn 0.1025 0.9945 0.0190
vn -0.0267 0.9752 0.2196
vn -0.0488 0.9967 0.0649
vn -0.1934 0.9793 0.0595
vn -0.3727 0.9024 0.2162
vn -0.3035 0.9508 0.0630
vn -0.4137 0.9092 0.0480
vn -0.2501 0.8911 0.3785
vn -0.3261 0.8577 0.3974
vn -0.5212 0.8496 0.0809
vn -0.5584 0.7988 0.2238
vn -0.7092 0.6744 0.2056
vn -0.6499 0.7572 0.0652
vn -0.7592 0.6479 0.0623
vn -0.8286 0.5551 0.0733
vn -0.8255 0.5205 0.2185
vn -0.9124 0.4030 0.0718
vn -0.9030 0.3711 0.2165
vn -0.9683 0.2405 0.0671
vn -0.9865 0.1632 0.0125
vn -0.9761 -0.0226 0.2163
vn -0.9942 0.0817 0.0698
vn -0.9985 -0.0237 0.0490
vn -0.9562 0.1920 0.2212
vn -0.9903 -0.1263 0.0583
vn -0.9653 -0.1834 0.1860
vn -0.9750 -0.2217 0.0112
vn -0.9012 -0.3955 0.1774
vn -0.9488 -0.3112 0.0535
vn -0.8614 -0.3307 0.3855
vn -0.9327 -0.2875 0.2175
vn -0.8868 -0.2593 0.3826
vn -0.8328 -0.4055 0.3768
vn -0.8346 -0.5065 0.2165
vn -0.7869 -0.4826 0.3845
vn -0.8507 -0.5213 0.0671
vn -0.7382 -0.6367 0.2227
vn -0.7630 -0.6437 0.0588
vn -0.6840 -0.7274 0.0543
vn -0.6571 -0.6614 0.3615
vn -0.5820 -0.7844 0.2145
vn -0.7488 -0.5482 0.3725
vn -0.8164 -0.5774 0.0110
vn -0.5814 -0.7101 0.3971
vn -0.5883 -0.8067 0.0554
vn -0.4499 -0.8894 0.0808
vn -0.3471 -0.8591 0.3762
vn -0.4176 -0.8817 0.2196
vn -0.2601 -0.9402 0.2201
vn -0.5232 -0.8521 0.0111
vn -0.3847 -0.9229 0.0150
vn -0.3011 -0.9511 0.0694
vn -0.1487 -0.9869 0.0633
vn -0.1299 -0.9189 0.3724
vn -0.1129 -0.9718 0.2072
vn -0.2749 -0.8819 0.3830
vn -0.0422 -0.9991 0.0063
vn 0.1435 -0.8363 -0.5291
vn -0.0445 -0.6751 -0.7364
vn 0.0236 -0.8154 -0.5784
vn -0.1721 -0.6558 -0.7351
vn -0.2840 -0.5983 -0.7493
vn -0.6412 -0.0852 -0.7626
vn -0.5129 0.3937 -0.7628
vn -0.5823 0.2875 -0.7604
vn 0.2872 0.6009 -0.7459
vn 0.5322 -0.3933 -0.7497
vn 0.3531 -0.5568 -0.7519
vn 0.0698 -0.9042 -0.4213
vn -0.0477 -0.9875 -0.1504
vn -0.0952 -0.8974 -0.4308
vn -0.2309 -0.8680 -0.4395
vn -0.2413 -0.9627 -0.1227
vn -0.3731 -0.9138 -0.1606
vn -0.0915 -0.7075 -0.7008
vn -0.2352 -0.6779 -0.6965
vn -0.1436 -0.9891 -0.0330
vn -0.4078 -0.9121 -0.0427
vn -0.4245 -0.7997 -0.4247
vn -0.5568 -0.8142 -0.1644
vn -0.3597 -0.6156 -0.7012
vn -0.6029 -0.6680 -0.4362
vn -0.7173 -0.6951 -0.0484
vn -0.7026 -0.6961 -0.1476
vn -0.7951 -0.5880 -0.1487
vn -0.5671 -0.4398 -0.6964
vn -0.7366 -0.5167 -0.4363
vn -0.8263 -0.3506 -0.4408
vn -0.8816 -0.4470 -0.1517
vn -0.9393 -0.3400 -0.0470
vn -0.9576 -0.2398 -0.1597
vn -0.6905 -0.1879 -0.6985
vn -0.8778 -0.1813 -0.4434
vn -0.9861 -0.1607 -0.0429
vn -0.7177 -0.0608 -0.6937
vn -0.8988 0.0015 -0.4384
vn -0.9987 0.0222 -0.0457
vn -0.9890 -0.0348 -0.1436
vn -0.9729 0.1737 -0.1526
vn -0.8728 0.1846 -0.4519
vn -0.9230 0.3565 -0.1447
vn -0.6817 0.2262 -0.6958
vn -0.8290 0.3476 -0.4382
vn -0.9029 0.4276 -0.0436
vn -0.8317 0.5336 -0.1532
vn -0.6264 0.3525 -0.6953
vn -0.7406 0.5041 -0.4442
vn -0.8125 0.5815 -0.0419
vn -0.7163 0.6830 -0.1427
vn -0.6293 0.6347 -0.4484
vn -0.6818 0.7304 -0.0416
vn -0.5665 0.8100 -0.1514
vn -0.4346 0.5750 -0.6932
vn -0.5129 0.7414 -0.4328
vn -0.5374 0.8421 -0.0453
vn -0.3757 0.8136 -0.4438
vn -0.3884 0.9101 -0.1446
vn -0.2105 0.9654 -0.1542
vn -0.1941 0.6917 -0.6957
vn -0.1989 0.8789 -0.4335
vn -0.1461 0.9883 -0.0436
vn -0.0139 0.9890 -0.1473
vn -0.0223 0.9012 -0.4329
vn 0.0320 0.9985 -0.0439
vn 0.2023 0.9673 -0.1529
vn 0.1451 0.8880 -0.4364
vn 0.2306 0.9723 -0.0397
vn 0.2264 0.6780 -0.6993
vn 0.3221 0.8457 -0.4254
vn 0.3984 0.9161 -0.0458
vn 0.4206 0.8948 -0.1497
vn 0.3453 0.6279 -0.6975
vn 0.4868 0.7611 -0.4287
vn 0.5878 0.7940 -0.1552
vn 0.6230 0.6506 -0.4343
vn 0.7059 0.6966 -0.1279
vn 0.5666 0.4371 -0.6985
vn 0.7417 0.5071 -0.4390
vn 0.8014 0.5775 -0.1559
vn 0.9070 0.3935 -0.1500
vn 0.8219 0.3580 -0.4432
vn 0.6959 0.1932 -0.6916
vn 0.8812 0.1727 -0.4400
vn 0.9362 0.3485 -0.0451
vn 0.9745 0.2185 -0.0507
vn 0.9658 0.2146 -0.1453
vn 0.9884 0.0192 -0.1506
vn 0.8949 -0.0087 -0.4462
vn 0.9748 -0.1696 -0.1450
vn 0.7118 -0.0825 -0.6975
vn 0.8786 -0.1793 -0.4425
vn 0.9692 -0.2423 -0.0453
vn 0.9253 -0.3463 -0.1549
vn 0.6899 -0.2249 -0.6880
vn 0.8200 -0.3631 -0.4424
vn 0.9135 -0.4046 -0.0436
vn 0.8580 -0.4919 -0.1479
vn 0.5390 -0.4681 -0.7003
vn 0.7519 -0.4986 -0.4312
vn 0.6468 -0.6326 -0.4261
vn 0.7619 -0.6293 -0.1530
vn 0.6131 -0.7761 -0.1473
vn 0.5175 -0.7366 -0.4354
vn 0.3088 -0.6460 -0.6981
vn 0.4014 -0.8081 -0.4311
vn 0.4648 -0.8729 -0.1487
vn 0.2554 -0.8622 -0.4375
vn 0.3160 -0.9382 -0.1409
vn 0.1636 -0.9854 -0.0472
vn 0.1889 -0.9819 -0.0137
vn 0.1439 -0.9769 -0.1579
vn 0.0381 -0.9992 -0.0134
vn 0.0015 -0.9993 -0.0361
vn 0.0950 -0.9955 -0.0049
vn 0.0155 -0.1369 -0.9905
vn 0.0208 -0.5282 -0.8489
vn -0.0231 -0.1887 -0.9818
vn -0.0727 0.3064 -0.9491
vn 0.0381 0.4379 -0.8982
vn -0.1633 -0.4976 -0.8519
vn 0.1054 0.2582 -0.9603
vn 0.2374 0.5250 -0.8174
vn -0.1557 -0.2347 -0.9595
vn 0.1610 0.1894 -0.9686
vn 0.5876 0.4456 -0.6754
vn 0.2826 0.1688 -0.9443
vn 0.4287 0.5093 -0.7462
vn -0.1954 -0.2077 -0.9585
vn -0.3785 -0.2424 -0.8933
vn -0.1974 -0.0585 -0.9786
vn 0.6727 0.2909 -0.6804
vn -0.4837 -0.2345 -0.8432
vn 0.3757 0.0722 -0.9239
vn -0.4363 -0.0553 -0.8981
vn -0.2525 0.0237 -0.9673
vn 0.4275 -0.0602 -0.9020
vn -0.4297 0.1022 -0.8972
vn -0.1605 0.0720 -0.9844
vn 0.2613 -0.1070 -0.9593
vn 0.5221 -0.2415 -0.8180
vn -0.1078 0.1204 -0.9869
vn -0.2215 0.3804 -0.8979
vn -0.1034 0.2836 -0.9534
vn 0.2106 -0.3989 -0.8925
vn 0.0392 -0.2704 -0.9620
vn 0.0893 -0.5683 -0.8180
vn 0.0511 0.5164 -0.8548
vn 0.0358 0.1657 -0.9855
vn -0.0664 0.4521 -0.8895
vn 0.1754 0.4784 -0.8604
vn 0.0871 0.1471 -0.9853
vn 0.2913 0.3494 -0.8906
vn -0.3835 -0.2874 -0.8777
vn 0.2014 0.1102 -0.9733
vn -0.1418 -0.2230 -0.9645
vn 0.3426 0.2524 -0.9049
vn 0.4182 0.1393 -0.8976
vn -0.5514 -0.1989 -0.8102
vn -0.3166 -0.1072 -0.9425
vn 0.2776 -0.0011 -0.9607
vn -0.4080 -0.0357 -0.9123
vn -0.2449 0.0533 -0.9681
vn -0.5592 0.1350 -0.8180
vn 0.1978 -0.0279 -0.9798
vn 0.2292 -0.1478 -0.9621
vn 0.1398 -0.2783 -0.9503
vn 0.2583 -0.3542 -0.8988
vn 0.1201 -0.4138 -0.9024
vn -0.1535 0.2170 -0.9640
vn -0.0458 0.8361 -0.5467
vn -0.1334 0.6683 -0.7318
vn -0.2199 0.7855 -0.5786
vn -0.1109 0.5827 -0.8051
vn 0.7912 -0.1333 -0.5969
vn 0.6541 -0.0216 -0.7561
vn 0.8352 0.0352 -0.5488
vn 0.5945 0.1017 -0.7977
vn -0.8070 -0.1948 -0.5575
vn -0.6126 -0.2303 -0.7561
vn 0.7906 -0.2525 -0.5578
vn 0.6651 -0.1283 -0.7356
vn -0.8020 -0.0236 -0.5969
vn -0.6578 -0.1168 -0.7441
vn 0.7432 -0.4764 -0.4699
vn 0.5960 -0.2703 -0.7561
vn -0.8247 0.0934 -0.5578
vn -0.6744 0.0154 -0.7382
vn 0.6338 -0.5358 -0.5578
vn 0.5654 -0.3731 -0.7357
vn 0.3992 -0.4220 -0.8140
vn -0.8218 0.3222 -0.4699
vn -0.6685 0.1325 -0.7318
vn 0.4933 -0.6749 -0.5488
vn 0.4472 -0.4778 -0.7561
vn -0.7262 0.4019 -0.5578
vn -0.5960 0.2703 -0.7561
vn -0.4698 0.3375 -0.8157
vn 0.3287 -0.7319 -0.5969
vn 0.3621 -0.5692 -0.7382
vn -0.6359 0.6122 -0.4699
vn -0.5478 0.3825 -0.7441
vn 0.2293 -0.7977 -0.5578
vn 0.2612 -0.6295 -0.7318
vn 0.0285 0.0785 -0.9965
vn -0.0005 0.0319 -0.9995
vn 0.0295 0.2496 -0.9679
vn 0.0204 0.0240 -0.9995
vn 0.1276 0.2084 -0.9697
vn 0.0835 0.0386 -0.9958
vn 0.0751 0.0662 -0.9950
vn 0.0328 -0.0002 -0.9995
vn 0.1028 0.0121 -0.9946
vn 0.0265 -0.0146 -0.9995
vn 0.1010 -0.0273 -0.9945
vn 0.0551 -0.0747 -0.9957
vn 0.0834 -0.0612 -0.9946
vn 0.0085 -0.0290 -0.9995
vn 0.0317 -0.0958 -0.9949
vn -0.0076 -0.0315 -0.9995
vn -0.0071 -0.1098 -0.9939
vn -0.0205 -0.0215 -0.9996
vn -0.0520 -0.1035 -0.9933
vn -0.0770 -0.0354 -0.9964
vn -0.0875 -0.0777 -0.9931
vn -0.0331 -0.0032 -0.9994
vn -0.2424 -0.0646 -0.9680
vn -0.0794 0.0293 -0.9964
vn -0.1090 0.0063 -0.9940
vn -0.0258 0.0205 -0.9995
vn -0.2167 0.1262 -0.9680
vn -0.0392 0.0839 -0.9957
vn -0.0661 0.0755 -0.9949
vn -0.0131 0.0984 -0.9951
vn -0.5171 0.6492 -0.5578
vn -0.4819 0.4793 -0.7335
vn -0.3060 0.4903 -0.8161
vn 0.0168 -0.8826 -0.4699
vn 0.1064 -0.6457 -0.7561
vn 0.4653 0.7377 -0.4893
vn 0.2724 0.6172 -0.7382
vn 0.2525 0.7906 -0.5578
vn -0.3535 0.8005 -0.4841
vn -0.3454 0.5559 -0.7561
vn -0.0934 -0.8247 -0.5578
vn -0.0152 -0.6744 -0.7382
vn -0.1320 -0.5632 -0.8157
vn 0.4851 0.6691 -0.5630
vn 0.3828 0.5466 -0.7448
vn -0.2441 0.6289 -0.7382
vn -0.3222 -0.8218 -0.4699
vn -0.1325 -0.6685 -0.7318
vn 0.4717 0.4759 -0.7423
vn -0.4019 -0.7262 -0.5578
vn -0.2703 -0.5960 -0.7561
vn -0.3374 -0.4734 -0.8136
vn 0.1438 0.6525 -0.7440
vn 0.1420 0.7989 -0.5844
vn -0.5727 -0.6190 -0.5374
vn -0.3731 -0.5654 -0.7357
vn 0.7998 0.2305 -0.5542
vn 0.6262 0.2424 -0.7410
vn -0.4778 -0.4472 -0.7561
vn 0.6683 0.1334 -0.7318
vn -0.0380 0.3087 -0.9504
vn 0.0216 0.6541 -0.7561
vn 0.0933 0.3005 -0.9492
vn 0.2382 0.2006 -0.9503
vn 0.5513 0.3429 -0.7606
vn 0.2736 0.1410 -0.9515
vn 0.3067 0.0341 -0.9512
vn 0.2978 -0.0839 -0.9509
vn 0.2437 -0.1902 -0.9510
vn 0.1917 -0.2408 -0.9515
vn 0.0941 -0.2926 -0.9516
vn 0.0295 -0.3081 -0.9509
vn -0.0843 -0.2935 -0.9522
vn -0.1888 -0.2401 -0.9522
vn -0.2677 -0.1516 -0.9515
vn -0.3165 -0.0264 -0.9482
vn -0.2959 0.0838 -0.9515
vn -0.2006 0.2382 -0.9503
vn -0.1410 0.2736 -0.9515
vn 0.3095 0.7577 0.5746
vn 0.2369 0.4124 0.8797
vn 0.2434 0.8478 0.4711
vn 0.4476 0.6849 0.5749
vn -0.4097 -0.6041 0.6835
vn -0.3636 -0.8711 0.3301
vn -0.2882 -0.8141 0.5042
vn 0.2958 -0.8040 0.5158
vn 0.1616 -0.6160 0.7710
vn 0.4157 -0.7796 0.4684
vn -0.8138 -0.1070 0.5713
vn -0.4642 -0.0151 0.8856
vn -0.7536 -0.2344 0.6141
vn 0.0190 0.8612 0.5079
vn 0.0700 0.4730 0.8783
vn -0.0857 0.7765 0.6243
vn 0.1678 0.8060 0.5676
vn -0.1228 -0.8867 0.4457
vn -0.0371 -0.9396 0.3403
vn 0.0427 -0.8920 0.4499
vn -0.6727 0.2771 0.6861
vn -0.9183 0.1343 0.3725
vn -0.3026 -0.7933 0.5284
vn -0.3098 -0.5564 0.7710
vn -0.2383 -0.8004 0.5501
vn 0.2575 0.6260 0.7361
vn -0.7584 0.5154 0.3990
vn -0.4858 0.4356 0.7578
vn -0.7023 0.3636 0.6120
vn 0.5191 -0.3352 0.7862
vn 0.5720 0.5832 0.5768
vn 0.3942 0.2954 0.8703
vn 0.5465 0.6895 0.4752
vn 0.6755 0.4590 0.5770
vn 0.4266 -0.7103 0.5599
vn 0.3928 -0.5137 0.7627
vn -0.5084 0.7173 0.4765
vn -0.7537 -0.3222 0.5729
vn -0.4053 -0.2089 0.8900
vn -0.2367 0.7664 0.5972
vn -0.1124 0.4599 0.8808
vn 0.2162 -0.8647 0.4533
vn 0.1467 0.0757 0.9863
vn 0.7135 0.2908 0.6375
vn 0.0964 0.5909 0.8009
vn 0.1628 0.9419 0.2938
vn -0.6741 -0.4614 0.5768
vn -0.5917 -0.4972 0.6346
vn 0.2737 -0.5834 0.7647
vn 0.8220 0.1649 0.5451
vn 0.6493 0.0376 0.7596
vn 0.7441 0.2287 0.6277
vn -0.0365 -0.8342 0.5502
vn -0.0720 -0.4303 0.8998
vn 0.0807 -0.7781 0.6229
vn -0.9063 0.1905 0.3771
vn -0.6182 0.2197 0.7547
vn -0.7866 0.0639 0.6141
vn 0.8330 -0.0378 0.5520
vn 0.8643 -0.0945 0.4940
vn 0.6426 -0.4356 0.6303
vn 0.5781 -0.4796 0.6601
vn 0.1374 -0.0801 0.9873
vn -0.5160 -0.5555 0.6521
vn -0.1071 -0.1043 0.9888
vn 0.6158 0.6225 0.4830
vn -0.4124 0.6662 0.6213
vn -0.3422 0.6629 0.6660
vn -0.0800 0.1201 0.9895
vn -0.7133 -0.1667 0.6808
vn -0.8790 -0.3201 0.3535
vn -0.7869 -0.3661 0.4968
vn -0.1038 0.6106 0.7851
vn 0.6089 0.0074 0.7932
vn 0.8053 -0.3186 0.5000
vn 0.5629 -0.1801 0.8066
vn -0.4890 -0.7336 0.4720
vn -0.5667 0.6129 0.5507
vn 0.0145 -0.0876 0.9960
vn -0.0427 0.0704 0.9966
vn -0.0429 -0.1040 0.9937
vn 0.0845 -0.0203 0.9962
vn 0.0692 -0.0513 0.9963
vn 0.0879 0.0139 0.9960
vn 0.0588 0.0881 0.9944
vn -0.0001 0.1136 0.9935
vn -0.0834 -0.0118 0.9964
vn -0.0729 0.0526 0.9959
vn -0.0879 -0.0600 0.9943
vn -0.4436 0.6408 0.6266
vn -0.4254 -0.6539 0.6257
vn -0.1211 -0.7731 0.6226
vn -0.4911 0.4085 0.7694
vn -0.6753 0.3917 0.6249
vn 0.5094 0.4061 0.7587
vn 0.5125 0.5953 0.6188
vn 0.7778 -0.1361 0.6135
vn 0.5744 -0.5334 0.6209
vn 0.7713 0.1735 0.6123
vn -0.7756 0.1396 0.6156
vn 0.1697 -0.7717 0.6129
vn 0.2049 0.7485 0.6307
vn 0.1035 0.7907 0.6035
vn 0.2600 0.0612 0.9637
vn -0.3698 -0.0091 0.9291
vn -0.3413 -0.1456 0.9286
vn 0.0085 -0.2588 0.9659
vn 0.0583 0.3775 0.9242
vn -0.0767 0.3610 0.9294
vn -0.3111 0.1877 0.9317
vn 0.2491 0.2667 0.9310
vn 0.2623 -0.0437 0.9640
vn -0.3490 0.1246 0.9288
vn -0.0375 -0.2420 0.9695
vn 0.1166 0.3317 0.9361
vn 0.1879 -0.1731 0.9668
vn -0.2160 0.2901 0.9323
vn 0.3299 -0.2967 0.8962
vn 0.3940 -0.4443 0.8046
vn 0.4731 -0.3589 0.8046
vn 0.2607 -0.3405 0.9034
vn 0.2260 0.3972 0.8894
vn 0.3592 0.4727 0.8047
vn 0.2598 0.5340 0.8046
vn 0.2925 0.3225 0.9003
vn -0.3732 0.1262 0.9191
vn -0.5334 0.2584 0.8054
vn -0.5736 0.1517 0.8050
vn -0.3825 0.2220 0.8969
vn -0.0500 -0.4207 0.9058
vn -0.1512 -0.5743 0.8046
vn -0.0445 -0.5907 0.8057
vn -0.1450 -0.4372 0.8876
vn 0.4444 0.0213 0.8956
vn 0.5906 -0.0503 0.8054
vn 0.5882 0.0797 0.8048
vn 0.4262 -0.0598 0.9027
vn -0.1097 0.4115 0.9048
vn -0.0806 0.5883 0.8046
vn -0.1921 0.5614 0.8049
vn -0.0333 0.4594 0.8876
vn -0.3903 -0.1838 0.9022
vn -0.5638 -0.1765 0.8069
vn -0.5182 -0.2962 0.8023
vn -0.4098 -0.1082 0.9057
vn 0.2979 -0.5129 0.8051
vn 0.1750 -0.3552 0.9183
vn 0.4479 0.3940 0.8026
vn 0.3350 0.2541 0.9073
vn -0.4731 0.3589 0.8046
vn -0.3286 0.2959 0.8969
vn -0.4429 -0.0298 0.8961
vn -0.5928 0.0362 0.8046
vn -0.5880 -0.0716 0.8057
vn -0.4262 0.0567 0.9028
vn 0.4172 -0.1411 0.8978
vn 0.0356 0.5928 0.8046
vn 0.0627 0.4286 0.9013
vn 0.1900 -0.5648 0.8031
vn 0.1126 -0.4299 0.8958
vn 0.5165 0.3002 0.8019
vn 0.5632 0.1970 0.8025
vn 0.2528 0.1165 0.9605
vn -0.3936 0.4445 0.8047
vn -0.2648 0.3460 0.9001
vn -0.2219 -0.3719 0.9013
vn -0.3589 -0.4731 0.8046
vn -0.2598 -0.5340 0.8046
vn -0.2793 -0.3183 0.9059
vn 0.5338 -0.2603 0.8046
vn 0.5705 -0.1586 0.8058
vn 0.3756 -0.2162 0.9012
vn 0.1506 0.5744 0.8046
vn 0.1362 0.4003 0.9062
vn -0.3652 -0.2822 0.8871
vn -0.4445 -0.3936 0.8047
vn 0.0631 -0.5874 0.8069
vn 0.0198 -0.4330 0.9012
vn 0.3527 0.1687 0.9204
vn 0.4345 0.1127 0.8936
vn -0.2974 0.5177 0.8022
vn -0.1888 0.3951 0.8990
vn 0.1639 -0.4542 0.8757
vn 0.2209 -0.5896 0.7769
vn 0.1591 -0.6551 0.7386
vn 0.0529 -0.4253 0.9035
vn 0.0429 -0.6660 0.7447
vn 0.1424 0.5615 0.8151
vn 0.1575 0.4653 0.8710
vn 0.2200 0.5430 0.8104
vn -0.2612 0.5571 0.7883
vn -0.2041 0.3720 0.9055
vn -0.4079 0.3270 0.8525
vn -0.1603 0.6271 0.7623
vn -0.4495 0.2527 0.8568
vn -0.3714 0.1670 0.9133
vn -0.5028 0.1098 0.8574
vn -0.4323 0.0497 0.9004
vn -0.1780 0.0703 0.9815
vn -0.1919 -0.0017 0.9814
vn -0.4010 -0.0717 0.9133
vn -0.4830 -0.0629 0.8734
vn -0.4185 -0.1467 0.8963
vn -0.1930 -0.0932 0.9768
vn -0.3599 -0.2637 0.8950
vn -0.5106 -0.2558 0.8209
vn -0.2365 -0.2609 0.9359
vn -0.2886 -0.3772 0.8800
vn -0.2293 -0.3721 0.8994
vn -0.1012 -0.2312 0.9676
vn -0.1377 -0.3624 0.9218
vn -0.1666 -0.4188 0.8927
vn -0.1232 -0.4388 0.8901
vn -0.0501 -0.2971 0.9535
vn 0.0172 -0.1869 0.9822
vn -0.0211 -0.4088 0.9124
vn -0.0396 -0.4570 0.8886
vn 0.0162 -0.5511 0.8343
vn 0.0481 -0.3638 0.9302
vn 0.0593 -0.4114 0.9095
vn 0.1478 -0.4277 0.8917
vn 0.0760 -0.3668 0.9272
vn 0.1350 -0.3358 0.9322
vn 0.0373 -0.1893 0.9812
vn 0.2110 -0.4309 0.8774
vn 0.1997 -0.3477 0.9161
vn 0.0851 -0.1060 0.9907
vn 0.2934 -0.3183 0.9014
vn 0.2707 -0.3679 0.8896
vn 0.3020 -0.2343 0.9241
vn 0.2628 -0.2468 0.9327
vn 0.2906 -0.2213 0.9309
vn 0.3357 -0.1645 0.9275
vn 0.2609 -0.1021 0.9600
vn 0.1514 -0.0060 0.9885
vn 0.3366 -0.0439 0.9406
vn 0.4575 -0.0730 0.8862
vn 0.4340 -0.0083 0.9009
vn 0.3840 0.0522 0.9219
vn 0.3985 0.0797 0.9137
vn 0.6092 0.6075 -0.5097
vn 0.2645 0.6654 0.6981
vn 0.1835 0.7608 0.6225
vn -0.2159 0.5198 0.8266
vn -0.2367 0.4904 0.8387
vn -0.1529 0.4904 0.8580
vn -0.1264 0.2984 0.9460
vn -0.1426 0.5919 0.7933
vn -0.2067 0.4633 0.8617
vn -0.1758 0.7188 0.6726
vn -0.3261 0.6193 0.7142
vn -0.0966 0.5054 0.8575
vn -0.0308 0.1471 0.9886
vn -0.0335 0.4597 0.8874
vn -0.0669 -0.1318 0.9890
vn -0.1743 -0.1788 0.9683
vn -0.0775 -0.2751 0.9583
vn -0.0019 -0.2037 0.9790
vn -0.1048 -0.0884 0.9906
vn 0.0019 0.5449 0.8385
vn 0.0372 0.1798 0.9830
vn 0.1639 0.5006 0.8500
vn 0.0029 0.2124 0.9772
vn 0.1663 -0.5060 0.8463
vn 0.0101 -0.4252 0.9050
vn 0.1286 -0.2870 0.9493
vn 0.2618 -0.6559 0.7079
vn 0.2237 -0.4714 0.8531
vn 0.0619 -0.1456 0.9874
vn 0.2596 -0.5856 0.7679
vn -0.2543 -0.0645 0.9650
vn -0.2697 -0.1579 0.9499
vn -0.2779 -0.0035 0.9606
vn -0.3780 0.0245 0.9255
vn -0.3916 -0.0351 0.9195
vn -0.2991 0.0774 0.9511
vn -0.3346 0.1286 0.9336
vn -0.3791 0.0650 0.9231
vn -0.2134 0.1402 0.9668
vn -0.3118 0.1609 0.9364
vn -0.1127 0.0242 0.9933
vn -0.2871 0.2359 0.9284
vn -0.0991 0.1026 0.9898
vn -0.1039 0.1768 0.9788
vn -0.2409 0.2919 0.9256
vn -0.2413 0.3632 0.8999
vn -0.2801 0.2584 0.9246
vn -0.1994 0.3669 0.9086
vn -0.1245 0.3207 0.9390
vn -0.1043 0.3981 0.9114
vn -0.1562 0.4405 0.8841
vn -0.0580 0.2777 0.9589
vn -0.0575 0.3822 0.9223
vn -0.0023 0.1157 0.9933
vn -0.0282 0.3445 0.9383
vn 0.0291 0.3050 0.9519
vn -0.0042 0.4076 0.9131
vn 0.1050 0.2603 0.9598
vn 0.0847 0.3584 0.9297
vn 0.1473 0.4043 0.9027
vn 0.2466 0.2105 0.9460
vn 0.2856 0.3251 0.9015
vn 0.1902 0.2686 0.9443
vn 0.2496 0.3753 0.8927
vn 0.1960 0.3718 0.9074
vn 0.3609 0.1801 0.9151
vn 0.3787 0.2701 0.8852
vn 0.3531 0.3197 0.8793
vn 0.4607 0.2620 0.8480
vn 0.3202 0.0264 0.9470
vn 0.1163 0.0525 0.9918
vn 0.4219 -0.0305 0.9061
vn 0.4417 0.0944 0.8922
vn 0.2759 -0.0917 0.9568
vn 0.4265 -0.2011 0.8818
vn 0.4378 -0.0849 0.8951
vn 0.3092 -0.2857 0.9071
vn 0.3347 -0.4340 0.8364
vn 0.4271 -0.3052 0.8512
vn -0.1388 -0.4172 0.8982
vn -0.1923 -0.5698 0.7989
vn -0.0323 -0.4961 0.8677
vn -0.0538 -0.6427 0.7642
vn 0.1454 -0.6173 0.7732
vn -0.1841 -0.5707 0.8002
vn -0.0394 -0.6729 0.7386
vn -0.1233 -0.4663 0.8760
vn -0.0371 -0.1695 0.9848
vn -0.1219 -0.6881 0.7153
vn -0.1864 -0.4572 0.8696
vn 0.0825 -0.0399 0.9958
vn -0.0231 0.0439 0.9988
vn 0.0054 0.0179 0.9998
vn 0.0531 0.0715 0.9960
vn -0.0886 -0.1017 0.9909
vn 0.0285 -0.0000 0.9996
vn 0.0854 -0.0872 0.9925
vn 0.0007 -0.0037 1.0000
vn 0.1863 -0.3883 0.9025
vn 0.0711 -0.4237 0.9030
vn -0.0283 -0.1483 0.9885
vn 0.0502 0.1821 0.9820
vn 0.0099 0.1932 0.9811
vn -0.0012 0.6184 0.7859
vn 0.0730 0.4933 0.8668
vn 0.0565 0.6586 0.7503
vn -0.3336 -0.0140 0.9426
vn -0.2642 -0.0406 0.9636
vn -0.2685 0.0044 0.9633
vn -0.2808 0.1469 0.9485
vn -0.2347 0.0996 0.9670
vn -0.2910 0.1008 0.9514
vn -0.0878 0.0398 0.9953
vn -0.1128 0.0311 0.9931
vn 0.2965 -0.0980 0.9500
vn 0.2777 -0.1316 0.9516
vn 0.2184 -0.1003 0.9707
vn -0.2862 0.0189 0.9580
vn -0.2691 0.0239 0.9628
vn -0.3089 -0.0286 0.9507
vn -0.3269 0.0800 0.9417
vn -0.2798 -0.1510 0.9481
vn -0.2349 -0.0848 0.9683
vn -0.2291 -0.1577 0.9606
vn -0.1976 -0.2447 0.9493
vn -0.1433 -0.2063 0.9679
vn -0.1654 -0.2706 0.9484
vn -0.2051 -0.2079 0.9564
vn -0.1311 -0.1185 0.9843
vn -0.0637 -0.0913 0.9938
vn -0.1167 -0.2236 0.9677
vn -0.1027 -0.2215 0.9697
vn -0.1574 -0.2814 0.9466
vn -0.1165 -0.2792 0.9531
vn -0.0530 -0.3102 0.9492
vn -0.0663 -0.2472 0.9667
vn -0.0162 -0.2475 0.9688
vn -0.0951 -0.3000 0.9492
vn -0.0121 -0.1375 0.9904
vn -0.0064 -0.3136 0.9495
vn 0.0107 -0.2930 0.9561
vn 0.0503 -0.3083 0.9500
vn 0.0653 -0.2380 0.9691
vn 0.0874 -0.2954 0.9514
vn 0.0087 -0.2500 0.9682
vn 0.1654 -0.2799 0.9457
vn 0.0735 -0.1633 0.9838
vn 0.1461 -0.1976 0.9693
vn 0.1170 -0.2721 0.9551
vn 0.2061 -0.2319 0.9507
vn 0.1671 -0.2513 0.9534
vn 0.1938 -0.1743 0.9654
vn 0.0616 -0.0871 0.9943
vn 0.0861 -0.0564 0.9947
vn 0.2652 -0.1892 0.9455
vn 0.2616 -0.1249 0.9570
vn 0.2273 -0.2294 0.9464
vn 0.2180 -0.0505 0.9746
vn 0.3155 -0.1247 0.9407
vn 0.2681 -0.1429 0.9527
vn 0.2907 -0.0417 0.9559
vn 0.2910 -0.0883 0.9527
vn 0.3178 0.0410 0.9473
vn 0.2687 0.0599 0.9614
vn 0.4119 0.1795 0.8934
vn 0.2402 0.1217 0.9631
vn 0.1425 0.0593 0.9880
vn 0.7841 0.4662 0.4096
vn 0.2731 0.1631 0.9480
vn 0.2069 0.1560 0.9658
vn 0.1827 0.1222 0.9755
vn 0.2417 0.1783 0.9538
vn 0.2463 0.1990 0.9486
vn 0.2555 0.1525 0.9547
vn 0.2353 0.1149 0.9651
vn -0.1945 -0.1372 0.9713
vn -0.2816 -0.1323 0.9504
vn -0.2512 -0.0866 0.9641
vn -0.2059 -0.1172 0.9715
vn -0.1379 -0.0917 0.9862
vn -0.1792 -0.0509 0.9825
vn -0.2389 -0.0951 0.9664
vn -0.1255 -0.1367 0.9826
vn 0.0785 0.0390 0.9961
vn 0.2064 0.0668 0.9762
vn -0.3105 0.0784 0.9473
vn -0.2446 0.0935 0.9651
vn -0.3117 0.1030 0.9446
vn -0.2137 0.0434 0.9759
vn -0.3290 0.0510 0.9429
vn 0.2913 0.0076 0.9566
vn 0.2232 0.0227 0.9745
vn 0.2301 -0.0117 0.9731
vn 0.2869 0.0416 0.9571
vn 0.0751 0.0094 0.9971
vn 0.2862 0.1054 0.9523
vn 0.2866 0.0660 0.9558
vn 0.3054 -0.0202 0.9520
vn 0.1887 -0.0398 0.9812
vn 0.2865 -0.0620 0.9561
vn -0.3038 0.0241 0.9524
vn -0.2348 0.0049 0.9720
vn -0.3025 -0.0079 0.9531
vn -0.2338 -0.0484 0.9711
vn -0.3064 -0.0805 0.9485
vn -0.2822 -0.1031 0.9538
vn -0.0972 -0.0500 0.9940
vn -0.2911 -0.0808 0.9533
vn 0.2091 0.0475 0.9767
vn 0.3303 0.0427 0.9429
vn 0.2008 -0.0193 0.9794
vn 0.2757 -0.0637 0.9591
vn 0.3500 -0.0948 0.9319
vn 0.2422 -0.1109 0.9639
vn 0.1252 -0.1390 0.9823
vn 0.1976 -0.1812 0.9634
vn -0.1469 -0.0998 0.9841
vn -0.2356 -0.1513 0.9600
vn -0.2327 -0.1822 0.9553
vn -0.1879 -0.0138 0.9821
vn -0.2525 -0.0616 0.9656
vn -0.1977 -0.0823 0.9768
vn -0.2877 -0.1195 0.9502
vn -0.2378 0.0279 0.9709
vn -0.2732 0.0729 0.9592
vn -0.3173 0.0470 0.9472
vn -0.2707 -0.0059 0.9626
vn -0.2723 -0.0334 0.9616
vn -0.1656 0.0687 0.9838
vn -0.1897 0.1373 0.9722
vn -0.2489 0.1984 0.9480
vn -0.2500 0.1352 0.9588
vn -0.0824 0.0831 0.9931
vn -0.1650 0.2109 0.9635
vn -0.2101 0.2567 0.9434
vn -0.1935 0.1946 0.9616
vn -0.0798 0.1215 0.9894
vn -0.1107 0.2251 0.9680
vn -0.1316 0.2896 0.9481
vn -0.1499 0.2524 0.9559
vn -0.1553 0.2473 0.9564
vn -0.0515 0.2254 0.9729
vn -0.0899 0.2523 0.9635
vn -0.0800 0.2944 0.9523
vn -0.0051 0.1961 0.9806
vn -0.0280 0.2820 0.9590
vn -0.0125 0.0739 0.9972
vn -0.0383 0.2870 0.9572
vn 0.0245 0.1828 0.9828
vn 0.0516 0.2919 0.9550
vn 0.0222 0.2806 0.9596
vn 0.0640 0.1471 0.9871
vn 0.0655 0.2360 0.9695
vn 0.1118 0.1907 0.9753
vn 0.1216 0.2596 0.9580
vn 0.0981 0.2497 0.9633
vn 0.1547 0.1506 0.9764
vn 0.1589 0.2117 0.9643
vn 0.1913 0.2181 0.9570
vn 0.1538 0.2701 0.9505
vn 0.2294 0.1768 0.9571
vn 0.2207 0.1986 0.9549
vn 0.2241 0.0262 0.9742
vn 0.2067 0.0855 0.9747
vn 0.1024 0.0282 0.9943
vn 0.2754 0.0897 0.9571
vn 0.2510 0.1283 0.9594
vn 0.1566 0.1033 0.9822
vn 0.2511 0.1507 0.9562
vn 0.2783 0.0747 0.9576
vn 0.2001 -0.0499 0.9785
vn 0.2362 -0.1120 0.9652
vn 0.0812 -0.0279 0.9963
vn 0.2759 -0.1030 0.9557
vn 0.2887 -0.0474 0.9562
vn 0.2558 -0.0120 0.9666
vn 0.3027 0.0249 0.9528
vn 0.3406 0.0097 0.9401
vn 0.3372 0.0801 0.9380
vn 0.2487 0.0485 0.9674
vn 0.1969 -0.0488 0.9792
vn 0.0261 -0.0123 0.9996
vn 0.2909 -0.0922 0.9523
vn -0.1872 -0.0728 0.9796
vn -0.0231 -0.2024 0.9790
vn -0.0082 -0.0339 0.9994
vn -0.1164 -0.0194 0.9930
vn -0.0546 -0.0028 0.9985
vn -0.0647 -0.0373 0.9972
vn -0.0518 -0.0152 0.9985
vn 0.1124 0.0053 0.9936
vn -0.0779 0.0140 0.9969
vn 0.0338 -0.0108 0.9994
vn 0.2471 -0.0174 0.9688
vn -0.0257 0.0672 0.9974
vn 0.0129 -0.0816 0.9966
vn 0.0119 0.0412 0.9991
vn 0.0458 0.0565 0.9974
vn -0.0875 -0.0084 0.9961
vn 0.0325 -0.0118 0.9994
vn 0.0178 -0.1349 0.9907
vn -0.3123 -0.0725 0.9472
vn -0.3109 0.0115 0.9504
vn -0.2438 -0.1561 0.9572
vn -0.1549 -0.2163 0.9640
vn -0.0658 -0.2782 0.9583
vn 0.0360 -0.2807 0.9591
vn -0.0444 -0.1668 0.9850
vn 0.0466 -0.1961 0.9795
vn 0.1775 -0.1513 0.9724
vn -0.0339 0.3436 0.9385
vn -0.0175 0.3034 0.9527
vn -0.0797 0.3691 0.9260
vn -0.1371 0.2919 0.9466
vn -0.2032 0.5312 0.8225
vn -0.0989 0.1674 0.9809
vn -0.1698 0.1825 0.9684
vn -0.1874 0.1687 0.9677
vn -0.0764 0.0353 0.9965
vn -0.1714 0.0648 0.9831
vn -0.1589 0.0104 0.9872
vn -0.0955 -0.0537 0.9940
vn -0.1463 -0.0851 0.9856
vn -0.0688 -0.1098 0.9916
vn -0.0934 -0.1857 0.9782
vn -0.0587 -0.2213 0.9734
vn -0.0666 -0.3130 0.9474
vn -0.0148 -0.2428 0.9700
vn -0.0025 -0.0953 0.9954
vn 0.0012 -0.0193 0.9998
vn 0.0038 -0.2293 0.9734
vn 0.0189 -0.2378 0.9711
vn 0.0517 -0.2075 0.9769
vn 0.1657 -0.0497 0.9849
vn 0.4499 -0.2567 0.8554
vn 0.1449 0.0032 0.9894
vn 0.1840 0.0666 0.9807
vn 0.1941 0.1614 0.9676
vn 0.1875 0.2606 0.9471
vn 0.0702 0.0696 0.9951
vn 0.1444 0.2614 0.9544
vn 0.0796 0.4115 0.9079
vn 0.0093 0.2635 0.9646
vn -0.0132 0.1271 0.9918
vn -0.0307 -0.3346 0.9419
vn -0.0099 -0.2719 0.9623
vn 0.0036 -0.3324 0.9431
vn -0.0426 -0.2912 0.9557
vn -0.0334 -0.2852 0.9579
vn -0.1711 -0.3117 0.9346
vn -0.0972 -0.2958 0.9503
vn -0.1205 -0.3687 0.9217
vn -0.0757 -0.3658 0.9276
vn -0.1766 -0.1512 0.9726
vn -0.1324 -0.1715 0.9762
vn -0.0669 -0.1386 0.9881
vn -0.1455 -0.0554 0.9878
vn -0.1551 -0.1034 0.9825
vn -0.1600 0.0399 0.9863
vn -0.1265 0.0648 0.9898
vn -0.1419 0.0290 0.9895
vn -0.1418 -0.0089 0.9899
vn -0.1696 -0.0387 0.9848
vn -0.1361 0.1176 0.9837
vn -0.1241 0.0953 0.9877
vn -0.1065 0.1194 0.9871
vn -0.0758 0.1702 0.9825
vn -0.0869 0.1593 0.9834
vn -0.1083 0.1857 0.9766
vn -0.0969 0.1271 0.9871
vn -0.0717 0.2256 0.9716
vn -0.0679 0.2017 0.9771
vn -0.0405 0.1924 0.9805
vn -0.0335 0.2322 0.9721
vn -0.0022 0.2321 0.9727
vn -0.0068 0.1904 0.9817
vn -0.0134 0.1860 0.9825
vn -0.0286 0.2021 0.9789
vn 0.0376 0.2277 0.9730
vn 0.0139 0.1805 0.9835
vn 0.0105 0.1792 0.9838
vn 0.0439 0.1669 0.9850
vn 0.0359 0.1942 0.9803
vn 0.0853 0.1944 0.9772
vn 0.0279 0.1561 0.9873
vn 0.1249 0.1322 0.9833
vn 0.0692 0.1577 0.9851
vn 0.1034 0.1112 0.9884
vn 0.0697 0.1262 0.9896
vn 0.1312 0.0560 0.9898
vn 0.1118 0.0776 0.9907
vn 0.1470 0.0523 0.9878
vn 0.0849 0.0856 0.9927
vn 0.1305 -0.0116 0.9914
vn 0.1313 0.0194 0.9912
vn 0.1589 -0.0486 0.9861
vn 0.1634 -0.1521 0.9748
vn 0.1408 -0.0646 0.9879
vn 0.1370 -0.0944 0.9861
vn 0.0393 -0.3352 0.9413
vn 0.0148 -0.2672 0.9635
vn 0.0408 -0.2716 0.9615
vn -0.0076 -0.0931 0.9956
vn -0.0275 -0.0499 0.9984
vn -0.0834 -0.2710 0.9590
vn -0.0581 -0.0333 0.9978
vn 0.0374 0.0088 0.9993
vn -0.0191 0.0365 0.9991
vn 0.1103 -0.0976 0.9891
vn -0.1058 0.0626 0.9924
vn -0.1062 0.1547 0.9822
vn 0.0659 -0.1312 0.9892
vn -0.0642 0.1615 0.9848
vn -0.0397 0.1708 0.9845
vn -0.0097 0.1534 0.9881
vn 0.0254 0.0436 0.9987
vn 0.0708 0.1736 0.9823
vn 0.1250 -0.1597 0.9792
vn 0.0433 0.0016 0.9991
vn 0.0267 -0.0603 0.9978
vn 0.0145 -0.1021 0.9947
vn -0.0087 0.2682 0.9633
vn 0.0003 0.3691 0.9294
vn -0.0145 0.2794 0.9601
vn -0.0076 0.3181 0.9480
vn 0.0612 0.4538 0.8890
vn 0.1285 0.4099 0.9031
vn 0.1352 -0.0305 0.9904
vn 0.1462 0.0055 0.9892
vn 0.1216 -0.0898 0.9885
vn 0.1367 -0.1462 0.9798
vn 0.1015 -0.1338 0.9858
vn 0.1000 -0.1936 0.9760
vn 0.0801 -0.1567 0.9844
vn 0.0681 -0.1845 0.9805
vn 0.0598 -0.2271 0.9720
vn 0.0352 -0.2072 0.9777
vn 0.0216 -0.1965 0.9803
vn -0.0290 -0.2022 0.9789
vn -0.0014 -0.2010 0.9796
vn -0.0647 -0.1670 0.9838
vn -0.0510 -0.1756 0.9831
vn -0.0876 -0.1345 0.9870
vn -0.0992 -0.0937 0.9906
vn -0.1204 -0.0323 0.9922
vn -0.1345 0.1293 0.9824
vn -0.1335 0.2154 0.9674
vn -0.0998 0.2860 0.9530
vn -0.0087 -0.2790 0.9602
vn 0.0190 -0.3080 0.9512
vn 0.0615 -0.2492 0.9665
vn 0.0691 -0.3343 0.9399
vn 0.1283 -0.3421 0.9309
vn 0.1460 -0.2570 0.9553
vn 0.1481 0.0141 0.9889
vn 0.1091 0.0920 0.9898
vn 0.0086 0.2195 0.9756
vn -0.1447 0.0011 0.9895
vn -0.1661 -0.0850 0.9824
vn -0.1516 -0.2068 0.9666
vn -0.0546 -0.3180 0.9465
vn -0.1978 -0.8756 0.4407
vn -0.6786 -0.5854 0.4437
vn -0.9093 -0.1781 0.3761
vn -0.8903 -0.1115 0.4415
vn -0.9239 -0.0523 0.3791
vn -0.8743 0.1956 0.4443
vn -0.8891 0.2622 0.3752
vn -0.9223 0.1199 0.3675
vn -0.8618 0.3459 0.3710
vn -0.8009 0.4036 0.4423
vn -0.7945 0.4691 0.3856
vn -0.4815 0.7577 0.4405
vn -0.4340 0.8206 0.3718
vn -0.5649 0.7356 0.3739
vn 0.5516 0.7067 0.4431
vn 0.8836 -0.1522 0.4429
vn 0.9207 -0.1122 0.3738
vn 0.7693 -0.5116 0.3826
vn 0.7091 -0.5496 0.4417
vn 0.6874 -0.6177 0.3821
vn 0.2543 -0.8607 0.4410
vn 0.1541 -0.8841 0.4412
vn 0.0929 -0.9256 0.3670
vn -0.4304 -0.8168 0.3841
vn -0.4935 -0.7830 0.3786
vn -0.9260 0.0524 0.3739
vn -0.7329 0.5677 0.3750
vn -0.6824 0.6278 0.3746
vn -0.6191 0.6893 0.3763
vn 0.8317 -0.4167 0.3670
vn 0.6166 -0.6935 0.3726
vn 0.5773 -0.7288 0.3683
vn -0.0286 -0.9189 0.3934
vn 0.0426 0.9185 0.3930
vn -0.0741 0.9199 0.3850
vn 0.2552 0.8861 0.3868
vn 0.0025 -0.0130 -0.9999
vn 0.0017 -0.0106 -0.9999
vn 0.2205 -0.6970 -0.6823
vn -0.0351 0.6515 -0.7579
vn 0.5864 0.4954 -0.6408
vn 0.2588 0.5806 -0.7719
vn -0.1471 -0.7149 -0.6836
vn -0.6509 -0.3105 -0.6928
vn -0.0013 -0.0107 -0.9999
vn 0.3149 -0.2926 -0.9029
vn -0.0026 -0.0097 -0.9999
vn -0.2623 -0.2060 -0.9428
vn -0.0710 0.1354 -0.9882
vn 0.2804 -0.1789 -0.9431
vn -0.1674 0.0828 -0.9824
vn -0.5471 -0.5310 -0.6471
vn -0.3742 -0.6908 -0.6187
vn -0.4342 0.6400 -0.6339
vn -0.2915 0.7073 -0.6441
vn -0.6317 0.4875 -0.6027
vn -0.7422 0.1777 -0.6462
vn -0.7122 -0.0173 -0.7018
vn 0.7299 0.1603 -0.6645
vn -0.0009 -0.0097 -1.0000
vn -0.0010 -0.0097 -1.0000
vn -0.0000 -0.0095 -1.0000
vn -0.0805 0.6395 0.7646
vn 0.0224 0.5234 0.8518
vn 0.0442 -0.1133 0.9926
vn -0.2417 0.5167 0.8214
vn 0.0166 0.0001 0.9999
vn -0.3217 0.2570 0.9113
vn 0.3977 0.2829 0.8728
vn 0.4939 0.0931 0.8645
vn -0.1024 -0.0237 0.9945
vn 0.0073 -0.6011 0.7991
vn 0.0185 -0.1821 0.9831
vn 0.2452 -0.3881 0.8884
vn -0.4411 0.0529 0.8959
vn 0.1583 0.0271 0.9870
vn -0.4949 -0.0179 0.8687
vn 0.7247 0.1723 0.6672
vn -0.1869 -0.7251 0.6628
vn 0.6243 -0.5192 0.5837
vn -0.2545 -0.2045 0.9452
vn -0.7386 0.1026 0.6663
vn 0.0208 0.0128 0.9997
vn 0.3105 -0.4118 0.8567
vn -0.2722 -0.4309 0.8604
vn -0.2425 0.5797 0.7779
vn 0.6602 -0.0798 0.7468
vn 0.1948 0.5855 0.7869
vn 0.1019 0.4394 0.8925
vn 0.2261 0.4252 0.8764
vn -0.7301 -0.6733 -0.1168
vn -0.4758 -0.3518 0.8061
vn -0.4205 -0.2118 0.8822
vn 0.0847 -0.5406 0.8370
vn 0.2444 -0.3365 0.9094
vn -0.4404 -0.0906 0.8932
vn -0.5205 -0.1437 0.8417
vn -0.3992 0.5319 0.7468
vn 0.4434 -0.1577 0.8823
vn 0.4123 -0.2494 0.8762
vn 0.3745 -0.3091 0.8742
vn 0.4607 0.0217 0.8873
vn 0.5212 -0.0609 0.8513
vn -0.4681 -0.0137 0.8836
vn -0.5170 0.1366 0.8450
vn -0.5057 0.1947 0.8405
vn -0.1244 0.6165 0.7775
vn -0.0388 0.1690 0.9849
vn 0.0156 0.5290 0.8485
vn 0.6027 0.0710 0.7948
vn -0.1412 -0.4474 0.8831
vn -0.2244 -0.4325 0.8733
vn 0.3511 0.3921 0.8503
vn 0.5915 0.4340 0.6795
vn 0.0316 0.1292 0.9911
vn -0.0094 0.1082 0.9941
vn -0.0036 0.0554 0.9985
vn -0.0598 -0.0407 0.9974
vn -0.3136 -0.4142 0.8544
vn -0.0765 -0.1282 0.9888
vn -0.2033 -0.0201 0.9789
vn -0.0596 0.0892 0.9942
vn -0.0345 0.0772 0.9964
vn -0.1504 0.0353 0.9880
vn 0.1403 -0.1298 0.9816
vn 0.2769 -0.1224 0.9531
vn 0.1065 0.0121 0.9942
vn 0.0432 0.1204 0.9918
vn -0.7954 0.2383 0.5572
vn -0.8714 0.0301 0.4897
vn -0.2500 0.0385 0.9675
vn -0.1699 0.1329 0.9765
vn -0.7691 0.3877 0.5082
vn -0.1146 0.1904 0.9750
vn -0.3822 0.7604 0.5250
vn -0.5444 0.6817 0.4889
vn -0.0729 -0.0915 0.9931
vn -0.4665 -0.7081 0.5300
vn -0.2393 -0.7797 0.5786
vn -0.2521 -0.1771 0.9514
vn -0.8232 -0.2474 0.5111
vn -0.7567 -0.4359 0.4872
vn 0.1895 -0.1029 0.9765
vn 0.7807 -0.3378 0.5258
vn 0.2976 -0.0248 0.9544
vn 0.8145 0.0712 0.5758
vn 0.8622 0.0226 0.5061
vn 0.8155 0.2639 0.5150
vn 0.7278 0.4767 0.4931
vn 0.1988 0.1556 0.9676
vn 0.6000 0.6110 0.5164
vn 0.4842 0.6665 0.5668
vn 0.3866 0.7787 0.4941
vn -0.0348 0.2988 0.9537
vn -0.0158 -0.1312 0.9912
vn 0.0832 -0.8031 0.5900
vn -0.0264 0.3326 0.9427
vn 0.0154 -0.3285 0.9444
vn 0.0755 -0.0971 0.9924
vn 0.2202 -0.0028 0.9755
vn 0.1012 0.0542 0.9934
vn -0.0495 0.0225 0.9985
vn -0.9186 -0.0419 0.3929
vn -0.4196 -0.2076 0.8836
vn 0.6331 -0.0680 0.7711
vn -0.1181 -0.3885 0.9138
vn 0.2211 0.4611 0.8594
vn -0.0293 0.0865 0.9958
vn -0.4614 0.2212 0.8592
vn 0.1556 -0.2063 0.9660
vn 0.2721 0.1143 0.9555
vn 0.7362 0.5995 0.3140
vn -0.3052 -0.3228 0.8959
vn -0.0161 -0.1637 0.9864
vn -0.0027 -0.2224 0.9750
vn 0.0437 -0.2335 0.9714
vn -0.0623 0.3570 0.9320
vn 0.1702 0.2262 0.9591
vn 0.1959 0.1701 0.9658
vn 0.2477 0.1020 0.9634
vn 0.1541 -0.2320 0.9604
vn 0.2083 -0.1130 0.9715
vn 0.2566 -0.0142 0.9664
vn -0.2050 -0.1307 0.9700
vn 0.4624 0.2513 0.8503
vn 0.2240 0.0184 0.9744
vn 0.1983 0.6529 0.7310
vn -0.0230 0.6884 0.7250
vn -0.2486 0.6406 0.7265
vn 0.4595 -0.3047 0.8343
vn -0.2273 -0.0413 0.9729
vn 0.6343 0.2247 0.7397
vn -0.2383 0.0352 0.9706
vn -0.3621 -0.3192 0.8758
vn -0.6165 0.1942 0.7630
vn -0.1275 0.2291 0.9650
vn -0.2082 0.1657 0.9639
vn -0.1272 -0.2659 0.9556
vn 0.5119 0.3480 0.7854
vn -0.6480 -0.1626 0.7441
vn -0.5348 0.3083 0.7867
vn 0.0798 0.2084 0.9748
vn -0.0326 0.2773 0.9602
vn 0.6098 0.3811 -0.6949
vn 0.7238 0.2010 -0.6600
vn 0.7336 -0.0844 -0.6743
vn -0.6374 0.5837 0.5030
vn -0.3252 0.7834 0.5296
vn -0.0294 -0.8573 0.5140
vn -0.6218 -0.5865 0.5190
vn -0.8215 -0.0369 0.5691
vn -0.7785 -0.1208 -0.6159
vn 0.8789 -0.1688 0.4461
vn 0.4284 -0.6443 -0.6336
vn 0.5591 -0.6462 0.5195
vn 0.3856 -0.7539 0.5320
vn 0.5553 -0.4648 -0.6897
vn 0.6561 -0.5355 0.5318
vn 0.2037 -0.8305 0.5184
vn 0.3978 0.5876 -0.7046
vn 0.5882 0.5770 -0.5667
vn -0.0100 0.7547 -0.6560
vn 0.2836 0.7221 -0.6310
vn 0.7822 0.0470 -0.6212
vn 0.2386 0.8209 0.5188
vn -0.2144 0.8726 0.4388
vn 0.1068 0.8559 0.5059
vn 0.0911 0.1305 0.9872
vn 0.0133 -0.1701 0.9853
vn -0.3579 0.0942 0.9290
vn 0.9999 0.0055 0.0145
vn -0.5084 0.8611 -0.0065
vn -0.9900 0.1360 0.0365
vn -0.7177 0.6959 -0.0260
vn 0.7146 -0.2922 -0.6356
vn 0.2232 -0.7423 -0.6318
vn 0.9064 0.4223 -0.0131
vn 0.3753 0.9269 0.0038
vn 0.3312 0.9432 0.0281
vn 0.0181 -0.0830 0.9964
vn -0.3057 0.5340 0.7883
vn -0.1310 0.5497 0.8250
vn 0.0344 -0.0361 0.9988
vn -0.4411 0.3843 0.8110
vn 0.0668 -0.0296 0.9973
vn -0.5822 0.1642 0.7963
vn 0.1380 0.0298 0.9900
vn 0.0807 0.1768 0.9809
vn -0.5474 -0.1656 0.8204
vn -0.2839 -0.4484 0.8475
vn 0.3136 -0.4191 0.8520
vn -0.1098 0.1687 0.9795
vn -0.1055 0.0235 0.9941
vn 0.5650 -0.1113 0.8176
vn 0.5796 0.1669 0.7976
vn -0.0874 -0.0434 0.9952
vn 0.4527 0.3968 0.7985
vn 0.3860 0.4873 0.7833
vn -0.0311 -0.0570 0.9979
vn 0.2034 0.5564 0.8057
vn 0.1411 0.6057 0.7831
vn -0.0029 -0.0769 0.9970
vn -0.0304 0.6316 0.7747
vn 0.0431 -0.5389 0.8413
vn -0.1300 -0.5423 0.8300
vn -0.3304 -0.4434 0.8332
vn -0.5521 -0.1226 0.8247
vn -0.5087 0.2088 0.8353
vn -0.2112 0.5465 0.8104
vn 0.4538 0.3500 0.8195
vn 0.5403 -0.1682 0.8245
vn 0.2792 -0.4815 0.8308
vn 0.0173 -0.7342 -0.6787
vn 0.0288 0.7288 -0.6841
vn 0.2674 -0.6904 -0.6722
vn 0.7203 0.0631 -0.6907
vn 0.5619 0.4514 -0.6932
vn -0.4576 -0.5795 -0.6744
vn -0.4512 0.5549 -0.6989
vn 0.6366 -0.3563 -0.6839
vn 0.1041 0.7212 0.6849
vn 0.6722 -0.2811 0.6849
vn 0.6590 0.3390 0.6714
vn 0.0884 -0.7235 0.6847
vn 0.2642 -0.8908 0.3696
vn 0.3756 -0.6790 0.6308
vn 0.4377 -0.5598 0.7036
vn 0.5951 -0.4707 0.6514
vn 0.4711 0.5636 0.6786
vn 0.2257 0.7499 0.6219
vn 0.4317 0.7964 0.4236
vn -0.7042 0.1990 0.6815
vn -0.4400 0.5943 0.6732
vn -0.6894 0.3534 0.6324
vn -0.8197 -0.0225 0.5723
vn -0.7142 -0.1874 0.6744
vn -0.5639 -0.4534 0.6902
vn -0.8363 -0.3905 0.3849
vn -0.0767 -0.7284 0.6808
vn -0.3660 -0.6713 0.6445
vn -0.2397 -0.7875 0.5678
vn 0.7744 -0.1646 -0.6109
vn -0.2788 0.7144 -0.6418
vn -0.2349 -0.7684 -0.5953
vn 0.5268 -0.5749 -0.6260
vn 0.3724 0.6687 -0.6435
vn -0.6765 -0.4063 -0.6142
vn -0.7156 -0.1608 -0.6797
vn 0.7098 0.2828 -0.6452
vn -0.7507 0.1162 -0.6503
vn -0.6673 0.4219 -0.6137
vn -0.6789 0.6058 0.4149
vn -0.0631 0.9253 0.3740
vn -0.6182 -0.7099 0.3374
vn 0.7018 0.6161 0.3576
vn 0.7999 0.1269 0.5866
vn 0.2812 -0.6759 -0.6812
vn 0.0388 -0.7133 -0.6998
vn -0.0870 -0.9943 -0.0610
vn 0.6085 0.2954 -0.7365
vn 0.6429 0.0735 -0.7624
vn 0.5502 0.4141 -0.7251
vn 0.4723 0.4987 -0.7268
vn 0.3435 0.5716 -0.7452
vn -0.1783 0.6597 -0.7301
vn -0.2718 0.6214 -0.7348
vn -0.6473 -0.1612 -0.7450
vn -0.3842 0.4934 -0.7804
vn -0.6437 0.2084 -0.7363
vn -0.6302 0.0476 -0.7750
vn -0.3472 -0.5769 -0.7394
vn -0.5098 -0.4266 -0.7471
vn 0.5556 -0.5562 -0.6180
vn -0.8501 -0.4294 -0.3050
vn 0.7445 -0.3171 -0.5875
vn -0.3130 0.7121 0.6284
vn -0.1747 0.7656 0.6191
vn 0.6725 -0.2847 0.6832
vn 0.6958 0.2939 0.6554
vn 0.4253 -0.6125 0.6664
vn 0.0256 -0.9756 0.2181
vn 0.8231 -0.5259 0.2144
vn -0.1905 0.9576 0.2162
vn -0.1506 0.9114 0.3829
vn 0.2001 -0.2038 -0.9583
vn -0.0496 -0.2699 -0.9616
vn -0.2134 0.1513 -0.9652
vn -0.0000 0.0001 -1.0000
vn -0.4127 -0.4269 0.8047
vn -0.6833 -0.4535 0.5722
vn 0.0921 0.1974 0.9760
vn -0.3294 -0.6730 0.6623
vn -0.0641 -0.2190 0.9736
vn 0.1027 -0.2668 0.9583
vn -0.2311 0.7130 0.6620
vn -0.2425 -0.0291 0.9697
vn 0.7458 0.0886 0.6602
vn 0.0196 0.2441 0.9696
vn -0.0581 -0.8308 0.5535
vn -0.0566 -0.2183 0.9742
vn 0.0249 -0.2233 0.9744
vn -0.3718 0.0995 0.9230
vn -0.2611 0.0198 0.9651
vn 0.0985 0.2094 0.9729
vn 0.2618 -0.2023 0.9437
vn -0.3304 -0.2842 0.9000
vn -0.2325 -0.1402 0.9625
vn -0.1329 0.2338 0.9632
vn -0.5479 0.6316 0.5486
vn 0.2163 -0.2410 0.9461
vn 0.5917 0.3331 0.7341
vn -0.1856 -0.1130 0.9761
vn 0.0313 -0.2234 0.9742
vn 0.2659 -0.7924 0.5490
vn -0.0757 0.2417 0.9674
vn -0.2573 -0.1006 0.9611
vn 0.0584 0.7456 0.6639
vn -0.0201 -0.2475 0.9687
vn 0.6742 -0.1844 0.7152
vn -0.2961 0.0714 0.9525
vn -0.6340 0.5552 0.5383
vn -0.1945 0.1575 0.9682
vn -0.6335 -0.0822 0.7693
vn 0.2937 0.0499 0.9546
vn -0.5146 0.3276 0.7924
vn 0.2103 0.2083 0.9552
vn -0.7713 -0.1718 0.6129
vn -0.7172 -0.3257 0.6160
vn 0.7389 -0.2797 0.6130
vn -0.5367 0.5681 0.6238
vn 0.7842 0.0275 0.6200
vn -0.2867 -0.7402 0.6082
vn 0.0133 -0.7795 0.6263
vn -0.7238 0.2851 0.6284
vn 0.6579 0.4084 0.6327
vn 0.4494 -0.6466 0.6164
vn 0.3286 -0.7180 0.6136
vn 0.6705 -0.4224 0.6099
vn -0.6518 -0.4568 0.6054
vn -0.5361 -0.5727 0.6201
vn -0.0170 0.7884 0.6149
vn 0.7051 0.3281 0.6286
vn 0.4203 0.6578 0.6250
vn 0.3057 0.7136 0.6303
vn -0.7908 -0.0195 0.6118
vn 0.1886 0.3047 0.9336
vn -0.0830 -0.2270 0.9704
vn -0.1258 -0.2057 0.9705
vn 0.1379 -0.3513 0.9260
vn 0.1083 -0.4802 0.8704
vn -0.1125 0.2401 0.9642
vn -0.0581 0.2393 0.9692
vn -0.4684 -0.1079 0.8769
vn 0.2490 0.0102 0.9685
vn -0.0153 0.4823 0.8759
vn 0.3459 -0.1509 0.9261
vn 0.3773 -0.0071 0.9261
vn -0.2573 0.0419 0.9654
vn -0.2442 0.0868 0.9658
vn 0.4756 -0.0834 0.8757
vn -0.1939 -0.3128 0.9298
vn -0.0797 -0.3677 0.9265
vn 0.0846 0.2311 0.9693
vn 0.1269 0.2093 0.9696
vn -0.1767 -0.4595 0.8704
vn 0.2618 -0.2718 0.9261
vn -0.1530 0.2119 0.9652
vn 0.2095 -0.1280 0.9694
vn -0.1659 -0.1791 0.9697
vn -0.2119 -0.1530 0.9652
vn 0.2773 -0.3952 0.8757
vn 0.0551 -0.2409 0.9690
vn 0.3445 0.1355 0.9290
vn -0.2386 -0.1107 0.9648
vn 0.0384 0.2411 0.9697
vn 0.2331 -0.0852 0.9687
vn -0.1924 0.1736 0.9658
vn -0.2705 -0.2614 0.9265
vn 0.2202 0.1647 0.9614
vn -0.3999 -0.2817 0.8722
vn -0.1527 0.3318 0.9309
vn 0.1017 -0.2190 0.9704
vn -0.2596 -0.0588 0.9639
vn -0.2634 -0.0141 0.9646
vn 0.4713 0.1050 0.8757
vn 0.0125 -0.3678 0.9298
vn -0.0108 0.2445 0.9696
vn -0.4756 0.0789 0.8761
vn -0.2217 0.1372 0.9654
vn 0.4075 -0.2590 0.8757
vn 0.1661 0.1798 0.9696
vn 0.1426 -0.1951 0.9704
vn 0.0114 0.6320 0.7749
vn 0.1821 0.6187 0.7642
vn -0.4895 0.0049 0.8720
vn -0.3817 0.3882 0.8388
vn -0.4694 -0.3498 0.8108
vn 0.0945 -0.4349 0.8955
vn 0.3930 0.1987 0.8978
vn 0.2025 0.0827 0.9758
vn 0.4048 0.3096 0.8604
vn 0.1497 0.1844 0.9714
vn 0.5095 0.4597 0.7274
vn -0.0784 -0.1079 0.9911
vn -0.0308 -0.2521 0.9672
vn 0.0561 0.0756 0.9956
vn 0.2684 -0.5461 0.7936
vn -0.3806 -0.1182 0.9171
vn -0.0360 0.4320 0.9011
vn 0.0448 0.4483 0.8928
vn 0.4466 0.1489 0.8822
vn 0.3231 0.0106 0.9463
vn -0.0025 -0.6444 0.7647
vn -0.2836 -0.0777 0.9558
vn -0.3400 0.0310 0.9399
vn -0.2650 0.1305 0.9554
vn -0.2469 -0.1840 0.9514
vn -0.1021 -0.1395 0.9849
vn -0.2692 -0.1492 0.9514
vn -0.2434 -0.1922 0.9507
vn -0.3958 -0.0443 0.9173
vn -0.2668 -0.0186 0.9636
vn 0.3260 0.0055 0.9453
vn -0.2402 -0.1340 0.9614
vn -0.2792 0.1009 0.9549
vn 0.0065 0.2805 0.9598
vn 0.0819 0.3022 0.9497
vn 0.2960 0.0719 0.9525
vn 0.1125 -0.2411 0.9640
vn 0.1004 -0.1821 0.9781
vn -0.0782 -0.2962 0.9519
vn 0.1296 -0.1688 0.9771
vn 0.1436 -0.1416 0.9795
vn 0.1287 -0.2470 0.9604
vn 0.0733 -0.2563 0.9638
vn 0.0765 -0.2124 0.9742
vn 0.0524 -0.2814 0.9582
vn 0.1387 -0.0802 0.9871
vn 0.1052 -0.2585 0.9603
vn -0.0561 0.3026 0.9515
vn -0.0461 0.3171 0.9473
vn 0.1467 0.0562 0.9876
vn 0.1557 0.0833 0.9843
vn 0.0074 -0.1884 0.9821
vn -0.1368 0.0010 0.9906
vn -0.1318 0.0494 0.9900
vn 0.0032 -0.0095 -1.0000
vn -0.2834 -0.3182 -0.9047
vn 0.0011 -0.0096 -1.0000
vn -0.1922 -0.7605 -0.6203
vn 0.0015 -0.0096 -1.0000
vn -0.6770 -0.4099 -0.6113
vn -0.7392 0.0907 -0.6673
vn -0.4313 0.2741 0.8596
vn 0.7289 -0.3244 -0.6028
vn 0.2733 -0.1788 0.9452
vn 0.0033 -0.0477 0.9989
vn -0.6707 -0.3861 0.6334
vn 0.0746 0.0291 0.9968
vn 0.1279 -0.2025 0.9709
vn 0.1856 -0.0692 0.9802
vn -0.0062 -0.8100 -0.5865
vn 0.0845 -0.8070 -0.5845
vn 0.5873 -0.8092 0.0143
vn -0.5160 -0.8559 0.0326
vn -0.2104 0.9772 0.0272
vn -0.9918 0.1238 0.0304
vn 0.2106 -0.5527 0.8063
vn 0.4045 -0.4154 0.8147
vn 0.4723 -0.3435 0.8117
vn -0.2218 -0.5426 0.8102
vn -0.3934 -0.4086 0.8236
vn -0.5461 -0.2911 0.7855
vn -0.5998 0.0715 0.7969
vn -0.4842 0.3614 0.7969
vn 0.1764 0.5581 0.8108
vn 0.5604 0.2345 0.7943
vn 0.6004 -0.0217 0.7994
vn -0.3386 0.6736 0.6569
vn 0.7490 -0.0764 0.6582
vn -0.1708 0.7701 0.6146
vt 0.964892 1.000000
vt 0.961882 1.000000
vt 0.944977 1.000000
vt 0.886730 0.533961
vt 0.870439 0.533042
vt 0.890668 0.503299
vt 0.816589 0.533975
vt 0.816470 0.501853
vt 0.834457 0.501829
vt 0.800658 0.524758
vt 0.794140 0.503046
vt 0.722839 0.533975
vt 0.706908 0.524758
vt 0.711160 0.501794
vt 0.629089 0.533975
vt 0.613158 0.524757
vt 0.606694 0.501985
vt 0.563270 0.502325
vt 0.550658 0.524757
vt 0.532041 0.503340
vt 0.566589 0.533975
vt 0.511730 0.533961
vt 0.502161 0.501513
vt 0.495439 0.533042
vt 0.480407 0.501714
vt 0.463353 0.501952
vt 0.470175 0.532024
vt 0.442311 0.501423
vt 0.386730 0.533961
vt 0.370439 0.533042
vt 0.391590 0.503076
vt 0.376947 0.501291
vt 0.353185 0.501848
vt 0.310172 0.501610
vt 0.300657 0.524757
vt 0.291411 0.502005
vt 0.316589 0.533975
vt 0.253170 0.533789
vt 0.248775 0.501965
vt 0.270223 0.501713
vt 0.167980 0.533962
vt 0.151689 0.533042
vt 0.168320 0.502469
vt 0.105480 0.533961
vt 0.089189 0.533042
vt 0.112719 0.503896
vt 0.042981 0.533961
vt 0.026664 0.533039
vt 0.032018 0.502318
vt 0.010157 0.501391
vt 0.684158 1.000000
vt 0.709924 1.000000
vt 0.678153 1.000000
vt 0.629694 0.500765
vt 0.637506 0.500025
vt 0.659296 0.500819
vt 0.659878 0.500000
vt 0.660101 0.500021
vt 0.956989 1.000000
vt 0.957233 1.000000
vt 0.934335 1.000000
vt 0.947115 1.000000
vt 0.969256 1.000000
vt 0.015630 0.500016
vt 0.038493 0.500002
vt 0.042890 0.500045
vt 0.070018 0.500000
vt 0.075006 0.500025
vt 0.071552 0.500820
vt 0.098049 0.500712
vt 0.105232 0.500001
vt 0.105390 0.500045
vt 0.128046 0.500819
vt 0.132564 0.500000
vt 0.137506 0.500025
vt 0.160165 0.500520
vt 0.163493 0.500002
vt 0.167890 0.500045
vt 0.192311 0.501423
vt 0.191128 0.500000
vt 0.200006 0.500025
vt 0.213353 0.501952
vt 0.230407 0.501714
vt 0.246183 0.500020
vt 0.222462 0.500008
vt 0.277394 0.500045
vt 0.282136 0.500002
vt 0.308644 0.500045
vt 0.330407 0.501923
vt 0.339894 0.500045
vt 0.371144 0.500045
vt 0.402394 0.500045
vt 0.410165 0.500520
vt 0.432079 0.500020
vt 0.462637 0.500029
vt 0.496144 0.500045
vt 0.500630 0.500002
vt 0.527394 0.500045
vt 0.534616 0.500762
vt 0.558644 0.500045
vt 0.584003 0.501575
vt 0.584588 0.500018
vt 0.605969 0.500028
vt 0.628627 0.500000
vt 0.683683 0.500020
vt 0.689988 0.501883
vt 0.656211 0.624637
vt 0.640045 0.638988
vt 0.640870 0.187476
vt 0.626399 0.764530
vt 0.624339 0.261123
vt 0.714933 0.500020
vt 0.746144 0.500045
vt 0.750886 0.500002
vt 0.730557 0.501637
vt 0.753954 0.500930
vt 0.777394 0.500045
vt 0.784296 0.500819
vt 0.807079 0.500020
vt 0.837151 0.500025
vt 0.871144 0.500045
vt 0.875886 0.500002
vt 0.854353 0.501704
vt 0.878366 0.500762
vt 0.902394 0.500045
vt 0.909296 0.500819
vt 0.907719 1.000000
vt 0.910012 1.000000
vt 0.925591 1.000000
vt 0.945405 0.606075
vt 0.924778 0.752509
vt 0.922422 0.187476
vt 0.890459 1.000000
vt 0.877062 1.000000
vt 0.871146 1.000000
vt 0.835042 1.000000
vt 0.839808 1.000000
vt 0.855465 1.000000
vt 0.823922 1.000000
vt 0.808514 1.000000
vt 0.792799 1.000000
vt 0.782481 1.000000
vt 0.777308 1.000000
vt 0.757360 1.000000
vt 0.716134 1.000000
vt 0.738637 1.000000
vt 0.722692 1.000000
vt 0.707201 1.000000
vt 0.691306 1.000000
vt 0.672166 1.000000
vt 0.652797 1.000000
vt 0.652169 1.000000
vt 0.636770 1.000000
vt 0.605407 1.000000
vt 0.605477 1.000000
vt 0.589901 1.000000
vt 0.621144 1.000000
vt 0.570452 1.000000
vt 0.554086 1.000000
vt 0.550785 1.000000
vt 0.480494 1.000000
vt 0.491946 1.000000
vt 0.511953 1.000000
vt 0.528365 1.000000
vt 0.530908 1.000000
vt 0.472692 1.000000
vt 0.435156 1.000000
vt 0.453064 1.000000
vt 0.433546 1.000000
vt 0.418150 1.000000
vt 0.403766 1.000000
vt 0.402488 1.000000
vt 0.386602 1.000000
vt 0.362059 1.000000
vt 0.371001 1.000000
vt 0.339808 1.000000
vt 0.355364 1.000000
vt 0.309012 1.000000
vt 0.300873 1.000000
vt 0.320103 1.000000
vt 0.272036 1.000000
vt 0.285150 1.000000
vt 0.244370 1.000000
vt 0.246186 1.000000
vt 0.265448 1.000000
vt 0.216266 1.000000
vt 0.214697 1.000000
vt 0.230237 1.000000
vt 0.184011 1.000000
vt 0.183368 1.000000
vt 0.199066 1.000000
vt 0.152866 1.000000
vt 0.152218 1.000000
vt 0.167687 1.000000
vt 0.136511 1.000000
vt 0.121547 1.000000
vt 0.101563 1.000000
vt 0.117374 1.000000
vt 0.089892 1.000000
vt 0.090888 1.000000
vt 0.074262 1.000000
vt 0.054494 1.000000
vt 0.039675 1.000000
vt 0.035100 1.000000
vt 0.998835 1.000000
vt 0.989811 1.000000
vt 0.983526 1.000000
vt 0.554888 0.170321
vt 0.569276 0.143237
vt 0.574182 0.133788
vt 0.386232 0.621483
vt 0.358815 0.748802
vt 0.356097 0.403199
vt 0.373630 0.095075
vt 0.354807 0.087412
vt 0.104572 0.626130
vt 0.073178 0.626131
vt 0.077023 0.195861
vt 0.065238 0.081847
vt 0.506376 0.606147
vt 0.483802 0.635217
vt 0.484452 0.187475
vt 0.469440 0.764198
vt 0.467809 0.261023
vt 0.200242 0.092006
vt 0.209080 0.195805
vt 0.192493 0.606147
vt 0.223882 0.607180
vt 0.207740 0.675830
vt 0.914425 0.606159
vt 0.889405 0.626126
vt 0.898629 0.186598
vt 0.867642 0.081349
vt 0.608648 0.638993
vt 0.604997 0.188282
vt 0.593692 0.731712
vt 0.316187 0.088597
vt 0.334222 0.195805
vt 0.325802 0.735857
vt 0.303788 0.626755
vt 0.041938 0.624770
vt 0.046483 0.187473
vt 0.750298 0.450187
vt 0.729919 0.656085
vt 0.739852 0.194836
vt 0.763400 0.184911
vt 0.455068 0.634625
vt 0.448579 0.188285
vt 0.157556 0.179816
vt 0.177794 0.195806
vt 0.167358 0.626139
vt 0.845752 0.179816
vt 0.866079 0.195802
vt 0.858012 0.626133
vt 0.577251 0.638994
vt 0.578303 0.187475
vt 0.555601 0.758145
vt 0.561735 0.261121
vt 0.291586 0.090274
vt 0.303199 0.197720
vt 0.283803 0.507506
vt 0.280741 0.761149
vt 0.021560 0.413499
vt 0.004800 0.531718
vt 0.020748 0.073411
vt 0.043301 0.086772
vt 0.025109 0.766289
vt 0.718092 0.224314
vt 0.709239 0.672008
vt 0.702736 0.195863
vt 0.694557 0.605239
vt 0.686737 0.087261
vt 0.421614 0.755651
vt 0.419023 0.402823
vt 0.135965 0.626130
vt 0.139727 0.195807
vt 0.123553 0.095076
vt 0.826619 0.626135
vt 0.827879 0.195862
vt 0.811768 0.087261
vt 0.546308 0.195865
vt 0.537767 0.607176
vt 0.530448 0.087261
vt 0.263574 0.734427
vt 0.265528 0.186142
vt 0.669157 0.092606
vt 0.678057 0.193743
vt 0.669428 0.740761
vt 0.398757 0.184936
vt 0.395829 0.814376
vt 0.105584 0.096206
vt 0.086475 0.092006
vt 0.794194 0.092605
vt 0.803197 0.193738
vt 0.797028 0.638997
vt 0.782300 0.763597
vt 0.768899 0.652422
vt 0.512832 0.092006
vt 0.521936 0.195806
vt 0.521799 0.675835
vt 0.241679 0.186596
vt 0.221922 0.081609
vt 0.932079 0.500020
vt 0.941415 0.500520
vt 0.957846 0.500033
vt 0.972666 0.500513
vt 0.972378 0.500000
vt 0.986218 0.500011
vt 0.402745 1.000000
vt 0.431882 1.000000
vt 0.401535 1.000000
vt 0.527399 1.000000
vt 0.568753 1.000000
vt 0.550694 1.000000
vt 0.291231 1.000000
vt 0.270656 1.000000
vt 0.660151 1.000000
vt 0.371658 1.000000
vt 0.819256 1.000000
vt 0.784756 1.000000
vt 0.496658 1.000000
vt 0.499754 1.000000
vt 0.215245 1.000000
vt 0.244382 1.000000
vt 0.218504 1.000000
vt 0.927061 1.000000
vt 0.622098 1.000000
vt 0.640624 1.000000
vt 0.618043 1.000000
vt 0.340594 1.000000
vt 0.353223 1.000000
vt 0.059158 1.000000
vt 0.069947 1.000000
vt 0.052810 1.000000
vt 0.781559 1.000000
vt 0.750527 1.000000
vt 0.749754 1.000000
vt 0.465409 1.000000
vt 0.590078 1.000000
vt 0.341129 1.000000
vt 0.318709 1.000000
vt 0.027824 1.000000
vt 0.994989 1.000000
vt 0.015628 1.000000
vt 0.000651 1.000000
vt 0.001824 1.000000
vt 0.883229 1.000000
vt 0.910461 1.000000
vt 0.874778 1.000000
vt 0.906005 1.000000
vt 0.878891 1.000000
vt 0.370331 1.000000
vt 0.355550 1.000000
vt 0.336100 1.000000
vt 0.327975 1.000000
vt 0.473987 1.000000
vt 0.457035 1.000000
vt 0.443316 1.000000
vt 0.592870 1.000000
vt 0.598017 1.000000
vt 0.571518 1.000000
vt 0.597650 1.000000
vt 0.579636 1.000000
vt 0.558776 1.000000
vt 0.555908 1.000000
vt 0.531028 1.000000
vt 0.526794 1.000000
vt 0.652788 1.000000
vt 0.627310 1.000000
vt 0.652544 1.000000
vt 0.619484 1.000000
vt 0.675901 1.000000
vt 0.699670 1.000000
vt 0.045729 1.000000
vt 0.026794 1.000000
vt 0.065857 1.000000
vt 0.839295 1.000000
vt 0.820623 1.000000
vt 0.808100 1.000000
vt 0.843529 1.000000
vt 0.153143 1.000000
vt 0.136599 1.000000
vt 0.127999 1.000000
vt 0.156756 1.000000
vt 0.121276 1.000000
vt 0.117998 1.000000
vt 0.310788 1.000000
vt 0.293795 1.000000
vt 0.277526 1.000000
vt 0.272307 1.000000
vt 0.245812 1.000000
vt 0.216557 1.000000
vt 0.246294 1.000000
vt 0.215026 1.000000
vt 0.777074 1.000000
vt 0.758452 1.000000
vt 0.753901 1.000000
vt 0.737811 1.000000
vt 0.419680 1.000000
vt 0.444552 1.000000
vt 0.413900 1.000000
vt 0.397307 1.000000
vt 0.380751 1.000000
vt 0.379453 1.000000
vt 0.508452 1.000000
vt 0.496276 1.000000
vt 0.484951 1.000000
vt 0.017115 1.000000
vt 0.002998 1.000000
vt 0.863239 1.000000
vt 0.849796 1.000000
vt 0.081989 1.000000
vt 0.098652 1.000000
vt 0.723986 1.000000
vt 0.725752 1.000000
vt 0.702770 1.000000
vt 0.175739 1.000000
vt 0.156028 1.000000
vt 0.191747 1.000000
vt 0.192736 1.000000
vt 0.095314 1.000000
vt 0.969943 0.821779
vt 0.977708 0.765242
vt 0.993262 0.830275
vt 0.019938 0.866284
vt 0.007672 0.844037
vt 0.027378 0.844743
vt 0.002446 0.853264
vt -0.000051 0.836845
vt 0.003632 0.812766
vt 0.019013 0.824530
vt 0.054959 0.844752
vt 0.043053 0.815750
vt 0.062196 0.810258
vt 0.035076 0.866807
vt 0.050597 0.866162
vt 0.081346 0.814184
vt 0.090343 0.844752
vt 0.096577 0.806103
vt 0.119936 0.817310
vt 0.128903 0.762148
vt 0.145503 0.814669
vt 0.160332 0.762148
vt 0.165063 0.821700
vt 0.157129 0.844752
vt 0.174854 0.868100
vt 0.184591 0.839911
vt 0.156507 0.865244
vt 0.183020 0.770432
vt 0.204317 0.844752
vt 0.200277 0.815750
vt 0.215921 0.813920
vt 0.213713 0.868397
vt 0.231778 0.844752
vt 0.231721 0.815750
vt 0.251149 0.816446
vt 0.245509 0.867840
vt 0.259307 0.844752
vt 0.230073 0.867936
vt 0.241810 0.627748
vt 0.275174 0.821700
vt 0.261457 0.867560
vt 0.276882 0.867358
vt 0.286827 0.844752
vt 0.293333 0.873968
vt 0.302990 0.817482
vt 0.333487 0.821700
vt 0.342291 0.763597
vt 0.313821 0.864312
vt 0.322215 0.844752
vt 0.332145 0.868209
vt 0.347945 0.868342
vt 0.357603 0.844752
vt 0.367190 0.868557
vt 0.382807 0.867110
vt 0.393053 0.844752
vt 0.401560 0.866540
vt 0.366546 0.817181
vt 0.439341 0.866077
vt 0.424503 0.844752
vt 0.446511 0.837606
vt 0.427344 0.821700
vt 0.446689 0.766834
vt 0.467816 0.844752
vt 0.471680 0.821700
vt 0.495595 0.810968
vt 0.526797 0.844752
vt 0.514924 0.815257
vt 0.530364 0.813921
vt 0.507250 0.866993
vt 0.522685 0.864996
vt 0.553131 0.821700
vt 0.562185 0.844752
vt 0.593641 0.844752
vt 0.577614 0.815750
vt 0.599510 0.814000
vt 0.621088 0.821700
vt 0.625097 0.844752
vt 0.649995 0.816455
vt 0.652618 0.844752
vt 0.678917 0.821700
vt 0.687624 0.767446
vt 0.719466 0.844752
vt 0.703393 0.815750
vt 0.719029 0.813920
vt 0.684079 0.844752
vt 0.734838 0.815750
vt 0.745102 0.838192
vt 0.750871 0.763596
vt 0.782221 0.839911
vt 0.766283 0.815750
vt 0.774199 0.867135
vt 0.762605 0.844752
vt 0.759669 0.865858
vt 0.790320 0.865716
vt 0.801983 0.844752
vt 0.805190 0.866778
vt 0.803498 0.817959
vt 0.829445 0.844752
vt 0.829173 0.815750
vt 0.848276 0.810258
vt 0.837147 0.867813
vt 0.864890 0.844752
vt 0.820179 0.867215
vt 0.813730 0.763596
vt 0.859647 0.874101
vt 0.867454 0.814184
vt 0.892275 0.821700
vt 0.907483 0.866081
vt 0.896352 0.844752
vt 0.923813 0.844752
vt 0.877835 0.764531
vt 0.905353 0.768760
vt 0.919782 0.821700
vt 0.942933 0.816446
vt 0.944238 0.864006
vt 0.947450 0.844752
vt 0.922311 0.868316
vt 0.956125 0.731134
vt 0.019921 1.000000
vt 0.004920 1.000000
vt 0.980355 0.502827
vt 0.993893 0.500752
vt 1.000006 0.501150
vt 0.949570 0.502469
vt 0.922840 0.503076
vt 0.762281 0.503896
vt 0.637281 0.503896
vt 0.666583 0.503178
vt 0.418320 0.502469
vt 0.141589 0.503076
vt 0.082679 0.503076
vt 0.975012 0.010959
vt 0.955836 0.029687
vt 0.947713 0.011052
vt 0.920354 0.011052
vt 0.927020 0.036458
vt 0.903978 0.029687
vt 0.943183 0.004675
vt 0.911951 0.004675
vt 0.941347 0.088597
vt 0.896336 0.072838
vt 0.885203 0.011052
vt 0.869306 0.029687
vt 0.880720 0.004675
vt 0.846422 0.011052
vt 0.833828 0.072838
vt 0.838291 0.029687
vt 0.814690 0.029687
vt 0.818836 0.004675
vt 0.811528 0.011052
vt 0.842478 0.004675
vt 0.787605 0.004675
vt 0.780293 0.011052
vt 0.787885 0.029687
vt 0.771320 0.072838
vt 0.752771 0.029687
vt 0.756373 0.004675
vt 0.749058 0.011052
vt 0.740066 0.072838
vt 0.724563 0.004675
vt 0.713930 0.011052
vt 0.708812 0.072838
vt 0.717663 0.029687
vt 0.685917 0.029687
vt 0.693910 0.004675
vt 0.682656 0.011052
vt 0.654044 0.029687
vt 0.662679 0.004675
vt 0.651460 0.011052
vt 0.646304 0.072838
vt 0.622803 0.029687
vt 0.630869 0.004675
vt 0.620186 0.011052
vt 0.615050 0.072838
vt 0.591561 0.029687
vt 0.600216 0.004675
vt 0.588989 0.011052
vt 0.583797 0.072838
vt 0.560819 0.029687
vt 0.568985 0.004675
vt 0.561405 0.011052
vt 0.552542 0.072838
vt 0.534072 0.011052
vt 0.529709 0.029687
vt 0.497836 0.029687
vt 0.506522 0.004675
vt 0.499177 0.011052
vt 0.537753 0.004675
vt 0.490034 0.072838
vt 0.466594 0.029687
vt 0.483308 0.004675
vt 0.467942 0.011052
vt 0.458780 0.072838
vt 0.431923 0.029687
vt 0.444060 0.004675
vt 0.436707 0.011052
vt 0.467701 0.004675
vt 0.427676 0.084612
vt 0.412828 0.004675
vt 0.405472 0.011052
vt 0.396272 0.072838
vt 0.393493 0.029687
vt 0.381018 0.004675
vt 0.373620 0.011052
vt 0.362256 0.029687
vt 0.342265 0.011052
vt 0.358382 0.004675
vt 0.341616 0.036402
vt 0.319134 0.004675
vt 0.311766 0.011052
vt 0.342775 0.004675
vt 0.314844 0.029687
vt 0.279144 0.029687
vt 0.287902 0.004675
vt 0.280531 0.011052
vt 0.256671 0.004675
vt 0.245403 0.011052
vt 0.272647 0.072838
vt 0.249558 0.072838
vt 0.247902 0.029687
vt 0.216660 0.029687
vt 0.224861 0.004675
vt 0.214129 0.011052
vt 0.185419 0.029687
vt 0.193629 0.004675
vt 0.182934 0.011052
vt 0.177494 0.072838
vt 0.154677 0.029687
vt 0.162398 0.004675
vt 0.147783 0.011052
vt 0.146240 0.072838
vt 0.131839 0.029687
vt 0.139763 0.004675
vt 0.100514 0.004675
vt 0.120424 0.011052
vt 0.093120 0.011052
vt 0.124156 0.004675
vt 0.104473 0.029687
vt 0.069326 0.029687
vt 0.077299 0.004675
vt 0.061885 0.011052
vt 0.038051 0.004675
vt 0.038206 0.011052
vt 0.061693 0.004675
vt 0.041989 0.029687
vt 0.012237 0.009924
vt 0.014838 0.004675
vt 0.014676 0.022679
vt 0.002977 0.017676
vt 0.002769 0.066710
vt 0.998688 0.009497
vt 0.987033 0.025825
vt 1.002641 0.013342
vt 0.990998 0.050364
vt 0.993673 0.133113
vt 0.974311 0.174554
vt 0.963826 0.085066
vt 0.980149 0.510295
vt 0.740385 0.474101
vt 0.752501 0.484968
vt 0.811018 0.464949
vt 0.716591 0.464425
vt 0.780400 0.462479
vt 0.829906 0.469317
vt 0.846006 0.444269
vt 0.843917 0.438115
vt 0.884907 0.434259
vt 0.904245 0.404152
vt 0.927856 0.368095
vt 0.942437 0.352922
vt 0.899762 0.399716
vt 0.918467 0.407847
vt 0.947957 0.369819
vt 0.962707 0.318731
vt 0.945931 0.331578
vt 0.968952 0.338257
vt 0.965009 0.278091
vt 0.980479 0.262358
vt 0.972864 0.232076
vt 0.963054 0.214167
vt 0.969163 0.178720
vt 0.949040 0.148154
vt 0.944723 0.153751
vt 0.939231 0.155485
vt 0.945905 0.119679
vt 0.894825 0.079847
vt 0.914379 0.082084
vt 0.853908 0.043604
vt 0.796991 0.033299
vt 0.838155 0.053571
vt 0.778212 0.034773
vt 0.776675 0.040536
vt 0.712376 0.018484
vt 0.688942 0.034916
vt 0.782842 0.021539
vt 0.755435 0.011131
vt 0.659090 0.034378
vt 0.608427 0.077525
vt 0.595801 0.078283
vt 0.571663 0.130841
vt 0.548989 0.153312
vt 0.617939 0.078194
vt 0.554874 0.125315
vt 0.528188 0.187510
vt 0.548412 0.188842
vt 0.542246 0.186966
vt 0.520351 0.255263
vt 0.535273 0.243688
vt 0.540734 0.306261
vt 0.547178 0.305413
vt 0.535051 0.311018
vt 0.530681 0.329887
vt 0.565754 0.384891
vt 0.656443 0.451499
vt 0.581364 0.413980
vt 0.630210 0.447911
vt 0.692891 0.473613
vt 0.641810 0.437756
vt 0.751052 0.460751
vt 0.720525 0.457824
vt 0.709917 0.456907
vt 0.718423 0.458202
vt 0.957154 0.207738
vt 0.958643 0.238456
vt 0.961602 0.248909
vt 0.958948 0.276397
vt 0.543093 0.209916
vt 0.551920 0.180546
vt 0.945091 0.168013
vt 0.953226 0.197706
vt 0.539249 0.251052
vt 0.542176 0.220525
vt 0.925202 0.131691
vt 0.938344 0.159491
vt 0.543504 0.292148
vt 0.540419 0.261635
vt 0.898291 0.100224
vt 0.917741 0.123918
vt 0.887855 0.091244
vt 0.555694 0.331623
vt 0.546716 0.302299
vt 0.866218 0.074168
vt 0.889969 0.093577
vt 0.575351 0.367962
vt 0.560826 0.340953
vt 0.583822 0.378812
vt 0.829969 0.054088
vt 0.856764 0.069273
vt 0.601720 0.399768
vt 0.582204 0.376111
vt 0.790229 0.042456
vt 0.819179 0.052821
vt 0.819129 0.414651
vt 0.747496 0.390217
vt 0.790255 0.442108
vt 0.847788 0.347835
vt 0.860707 0.412080
vt 0.915304 0.317542
vt 0.893178 0.364407
vt 0.895226 0.238327
vt 0.932631 0.265577
vt 0.868620 0.176140
vt 0.924688 0.194502
vt 0.848496 0.101046
vt 0.890155 0.131873
vt 0.783204 0.114320
vt 0.800905 0.073917
vt 0.710824 0.112354
vt 0.729649 0.067838
vt 0.649824 0.154216
vt 0.661486 0.089492
vt 0.584692 0.182457
vt 0.606800 0.135579
vt 0.608674 0.249683
vt 0.557110 0.213674
vt 0.585350 0.319129
vt 0.567834 0.270353
vt 0.649073 0.347365
vt 0.587920 0.360707
vt 0.682459 0.415308
vt 0.635579 0.393200
vt 0.734435 0.432636
vt 0.633788 0.425818
vt 0.610032 0.406423
vt 0.645766 0.432600
vt 0.748948 0.039221
vt 0.779458 0.042235
vt 0.867972 0.424659
vt 0.840952 0.439175
vt 0.831623 0.444306
vt 0.670321 0.445112
vt 0.643238 0.430724
vt 0.707649 0.042676
vt 0.738364 0.040416
vt 0.694218 0.045966
vt 0.896091 0.402994
vt 0.876113 0.417798
vt 0.680547 0.448080
vt 0.668144 0.055084
vt 0.697974 0.047618
vt 0.905566 0.389062
vt 0.632033 0.075338
vt 0.659065 0.060884
vt 0.621188 0.083822
vt 0.802299 0.453284
vt 0.792147 0.456497
vt 0.600232 0.101720
vt 0.623889 0.082204
vt 0.956935 0.290089
vt 0.948019 0.319420
vt 0.593577 0.110032
vt 0.957827 0.279475
vt 0.734819 0.448200
vt 0.761635 0.459581
vt 0.828477 0.433669
vt 0.906176 0.372610
vt 0.929068 0.355759
vt 0.935332 0.324365
vt 0.948169 0.265184
vt 0.938879 0.188194
vt 0.900869 0.120594
vt 0.859116 0.082709
vt 0.803544 0.058614
vt 0.747785 0.050281
vt 0.688191 0.061121
vt 0.620586 0.099116
vt 0.572696 0.160126
vt 0.550281 0.252215
vt 0.561077 0.311822
vt 0.627263 0.406363
vt 0.675618 0.435364
vt 0.341591 0.456539
vt 0.371292 0.443546
vt 0.331202 0.463490
vt 0.380125 0.434702
vt 0.385227 0.443524
vt 0.352001 0.466302
vt 0.344169 0.465202
vt 0.315321 0.033585
vt 0.299518 0.027337
vt 0.343542 0.041622
vt 0.024639 0.236963
vt 0.021687 0.243322
vt 0.028983 0.197194
vt 0.268796 0.475174
vt 0.287992 0.475229
vt 0.239878 0.476858
vt 0.304855 0.469356
vt 0.300375 0.479438
vt 0.273409 0.487695
vt 0.254646 0.484858
vt 0.225468 0.487584
vt 0.465681 0.152418
vt 0.480298 0.186396
vt 0.479438 0.199625
vt 0.167881 0.039753
vt 0.133295 0.054715
vt 0.176473 0.034885
vt 0.155831 0.034798
vt 0.121296 0.051098
vt 0.164950 0.026887
vt 0.066222 0.381356
vt 0.084648 0.406475
vt 0.054715 0.366705
vt 0.086576 0.420383
vt 0.055244 0.388354
vt 0.057304 0.384343
vt 0.413659 0.405767
vt 0.436126 0.382397
vt 0.406720 0.416164
vt 0.440902 0.370846
vt 0.351615 0.048204
vt 0.383328 0.065739
vt 0.335781 0.030047
vt 0.367782 0.042133
vt 0.376617 0.052142
vt 0.387876 0.054172
vt 0.040114 0.167003
vt 0.041622 0.156458
vt 0.197325 0.469564
vt 0.198909 0.472624
vt 0.208739 0.481251
vt 0.463927 0.336025
vt 0.462022 0.327365
vt 0.199625 0.020562
vt 0.209022 0.014036
vt 0.059098 0.129154
vt 0.063875 0.117603
vt 0.180665 0.478559
vt 0.164417 0.468758
vt 0.152977 0.468963
vt 0.472572 0.288614
vt 0.477426 0.257044
vt 0.472624 0.301091
vt 0.224287 0.025537
vt 0.212008 0.024771
vt 0.258489 0.022720
vt 0.029593 0.299501
vt 0.038109 0.331654
vt 0.024919 0.283089
vt 0.474463 0.224287
vt 0.475229 0.212008
vt 0.487695 0.226591
vt 0.486562 0.249269
vt 0.432448 0.117468
vt 0.414799 0.092522
vt 0.440378 0.119919
vt 0.088350 0.092878
vt 0.085278 0.088658
vt 0.049037 0.124881
vt 0.061637 0.103029
vt 0.080645 0.087216
vt 0.085467 0.076930
vt 0.136384 0.445015
vt 0.159291 0.458437
vt 0.123893 0.443034
vt 0.483546 0.288690
vt 0.478561 0.319331
vt 0.468758 0.335583
vt 0.468963 0.347023
vt 0.245078 0.013963
vt 0.289882 0.014455
vt 0.291261 0.018749
vt 0.019458 0.300875
vt 0.011137 0.255552
vt 0.015142 0.254646
vt 0.313415 0.480355
vt 0.457452 0.161191
vt 0.465115 0.176473
vt 0.119921 0.065314
vt 0.109462 0.426901
vt 0.226103 0.451292
vt 0.345804 0.070297
vt 0.330967 0.435460
vt 0.055291 0.309810
vt 0.094489 0.382134
vt 0.047287 0.229884
vt 0.134225 0.084736
vt 0.246125 0.047668
vt 0.453279 0.264148
vt 0.407520 0.120813
vt 0.419547 0.360088
vt 0.130854 0.437898
vt 0.122000 0.068018
vt 0.201384 0.032887
vt 0.085969 0.399306
vt 0.064258 0.373609
vt 0.428438 0.381751
vt 0.407470 0.408059
vt 0.467113 0.201385
vt 0.403513 0.088956
vt 0.469190 0.288171
vt 0.032887 0.298616
vt 0.288171 0.030810
vt 0.316342 0.462957
vt 0.293119 0.468906
vt 0.038954 0.207197
vt 0.031108 0.255992
vt 0.044274 0.172899
vt 0.249192 0.465342
vt 0.295276 0.465723
vt 0.214515 0.466815
vt 0.071597 0.378220
vt 0.412778 0.396617
vt 0.038639 0.291219
vt 0.047205 0.335856
vt 0.291219 0.461361
vt 0.335856 0.452795
vt 0.097160 0.401699
vt 0.129082 0.434054
vt 0.101212 0.391066
vt 0.119855 0.415506
vt 0.090067 0.386936
vt 0.131591 0.417382
vt 0.140672 0.076550
vt 0.113064 0.090067
vt 0.146897 0.066426
vt 0.108935 0.101211
vt 0.441763 0.177859
vt 0.433574 0.146897
vt 0.450161 0.184692
vt 0.423450 0.140673
vt 0.284630 0.452085
vt 0.315309 0.450162
vt 0.281370 0.458699
vt 0.323388 0.441446
vt 0.045042 0.244540
vt 0.041803 0.280129
vt 0.040083 0.233739
vt 0.047915 0.284629
vt 0.295341 0.050046
vt 0.266261 0.040083
vt 0.305548 0.047116
vt 0.255461 0.045042
vt 0.437267 0.333479
vt 0.454189 0.300001
vt 0.438623 0.343213
vt 0.449954 0.295342
vt 0.154644 0.437716
vt 0.165413 0.436608
vt 0.083187 0.121780
vt 0.082618 0.131590
vt 0.409933 0.113064
vt 0.398789 0.108935
vt 0.454958 0.255460
vt 0.459056 0.224996
vt 0.460809 0.259948
vt 0.452085 0.215372
vt 0.058554 0.323389
vt 0.224996 0.040944
vt 0.215371 0.047915
vt 0.195377 0.453183
vt 0.204658 0.449954
vt 0.064427 0.155431
vt 0.047735 0.191751
vt 0.051359 0.166846
vt 0.380145 0.084494
vt 0.368410 0.082619
vt 0.359328 0.423450
vt 0.386936 0.409933
vt 0.353103 0.433574
vt 0.391065 0.398789
vt 0.066426 0.353103
vt 0.051431 0.321483
vt 0.076550 0.359327
vt 0.184692 0.049839
vt 0.176612 0.058554
vt 0.417382 0.368409
vt 0.415506 0.380145
vt 0.240795 0.460020
vt 0.244539 0.454958
vt 0.061235 0.170141
vt 0.050046 0.204658
vt 0.343212 0.061377
vt 0.333480 0.062734
vt 0.000000 0.000000
vt 0.931262 0.896148
vt 0.829941 0.895360
vt 0.745048 0.868196
vt 0.735862 0.896473
vt 0.725698 0.867064
vt 0.679838 0.896473
vt 0.671695 0.866348
vt 0.692479 0.864313
vt 0.653239 0.865524
vt 0.641131 0.896533
vt 0.631411 0.867754
vt 0.554806 0.896086
vt 0.541868 0.866435
vt 0.566884 0.866208
vt 0.357841 0.896506
vt 0.184782 0.895562
vt 0.200735 0.868141
vt 0.115922 0.869115
vt 0.106312 0.896281
vt 0.096200 0.868379
vt 0.006398 0.896294
vt 0.990862 0.896641
vt 0.980360 0.864067
vt 0.996455 0.854281
vt 0.921008 0.999577
vt 0.941119 0.999577
vt 0.892596 0.866604
vt 0.885698 0.999577
vt 0.876638 0.866449
vt 0.865952 0.999577
vt 0.846448 0.999577
vt 0.830613 0.999577
vt 0.798759 0.999577
vt 0.783198 0.999577
vt 0.814801 0.999577
vt 0.751684 0.999577
vt 0.731540 0.999577
vt 0.710767 0.866924
vt 0.696530 0.999577
vt 0.712631 0.999577
vt 0.664834 0.999577
vt 0.645505 0.999577
vt 0.615233 0.868486
vt 0.593979 0.999577
vt 0.599609 0.868051
vt 0.625311 0.999579
vt 0.584885 0.866923
vt 0.373166 0.999577
vt 0.341368 0.999577
vt 0.309867 0.999577
vt 0.289968 0.999577
vt 0.270548 0.999577
vt 0.254670 0.999577
vt 0.234774 0.999577
vt 0.215322 0.999578
vt 0.183522 0.999577
vt 0.151884 0.999577
vt 0.134292 0.865778
vt 0.120426 0.999577
vt 0.085239 0.999577
vt 0.081348 0.867045
vt 0.069271 0.999577
vt 0.066634 0.864823
vt 0.057485 0.999577
vt 0.979651 0.999577
vt 0.962949 0.867248
vt 0.960515 0.999577
vt 0.901430 0.999577
vt 0.767329 0.999577
vt 0.578087 0.999577
vt 0.562428 0.999577
vt 0.542787 0.999577
vt 0.522926 0.999577
vt 0.502853 0.999577
vt 0.463507 0.999577
vt 0.458797 0.872457
vt 0.475724 0.866978
vt 0.424240 0.999577
vt 0.420702 0.867093
vt 0.404531 0.999577
vt 0.388982 0.999577
vt 0.199215 0.999577
vt 0.167737 0.999579
vt 0.104564 0.999577
vt 0.041701 0.999577
vt 0.021738 0.999577
vt 0.002152 0.999577
vt 1.001232 0.999577
vt 1.000105 0.896390
vt 0.386185 0.897780
vt 0.297068 0.796928
vt 0.286945 0.996237
vt 0.499046 0.948378
vt 0.675950 0.829764
vt 0.607454 0.900862
vt 0.711985 0.996186
vt 0.988371 0.849095
vt 0.701875 0.783134
vt 0.796736 0.199069
vt 0.786923 0.496917
vt 0.625754 0.150826
vt 0.723689 0.006757
vt 0.387024 0.147041
vt 0.967335 0.095260
vt 0.952747 0.939549
vt 0.829544 0.987085
vt 0.786893 0.009097
vt 0.612454 0.000372
vt 0.963361 0.074483
vt 0.993713 0.193058
vt 0.998974 0.247706
vt 0.328593 0.261851
vt 0.663916 0.700986
vt 0.688039 0.575341
vt 0.351985 0.585319
vt 0.357870 0.968884
vt 0.625289 0.968247
vt 0.282421 0.985205
vt 0.227574 0.958225
vt 0.146657 0.976890
vt 0.137870 0.925605
vt 0.930213 0.845647
vt 0.949778 0.793650
vt 0.980558 0.806042
vt 0.503266 0.026086
vt 0.507914 0.019438
vt 0.770647 0.046228
vt 0.038488 0.791644
vt 0.019591 0.224626
vt 0.054751 0.328726
vt 0.300308 0.322730
vt 0.663304 0.490502
vt 0.323028 0.477445
vt 0.664328 0.240949
vt 0.708244 0.320468
vt 0.699605 0.575164
vt 0.682772 0.679920
vt 0.310268 0.679955
vt 0.319647 0.579080
vt 0.727868 0.744546
vt 0.741582 0.962672
vt 0.721350 0.959236
vt 0.817692 0.944505
vt 0.097515 0.108389
vt 0.083395 0.138454
vt 0.053161 0.180657
vt 0.508388 0.030612
vt 0.770798 0.054141
vt 0.047577 0.253916
vt 0.060380 0.213625
vt 0.207651 0.950311
vt 0.947296 0.192906
vt 0.901904 0.116693
vt 0.902587 0.098331
vt 0.951491 0.276498
vt 0.938054 0.229128
vt 0.067893 0.757450
vt 0.061721 0.808669
vt 0.062731 0.857864
vt 0.357175 0.963722
vt 0.353606 0.959748
vt 0.624968 0.963412
vt 0.941077 0.776533
vt 0.295004 0.045404
vt 0.245292 0.043678
vt 0.865012 0.935795
vt 0.893523 0.905803
vt 0.677433 0.918369
vt 0.385695 0.919947
vt 0.506840 0.046198
vt 0.160082 0.158146
vt 0.148956 0.077884
vt 0.267855 0.098385
vt 0.121578 0.223875
vt 0.244373 0.907120
vt 0.201295 0.884879
vt 0.131443 0.806525
vt 0.821105 0.136114
vt 0.865227 0.201297
vt 0.878798 0.267756
vt 0.238496 0.026535
vt 0.992937 0.192047
vt 0.997212 0.252271
vt 0.977009 0.224952
vt 0.947338 0.087964
vt 0.983456 0.128297
vt 0.799417 0.020973
vt 0.740701 0.005081
vt 0.828113 0.012996
vt 0.858287 0.960887
vt 0.868661 0.980765
vt 0.744908 0.993519
vt 0.958521 0.897487
vt 0.993232 0.814878
vt 0.982186 0.878320
vt 0.045568 0.914845
vt 0.016035 0.869623
vt 0.020679 0.803220
vt 0.001133 0.369382
vt 0.002748 0.749318
vt 0.004526 0.209098
vt 0.013613 0.141169
vt 0.033929 0.128789
vt 0.030210 0.063044
vt 0.117221 0.019516
vt 0.224267 0.008321
vt 0.509894 0.008320
vt 0.647999 0.988952
vt 0.404674 0.999001
vt 0.502721 0.080319
vt 0.503311 0.069806
vt 0.731197 0.099191
vt 0.870118 0.774382
vt 0.868848 0.796257
vt 0.136910 0.796473
vt 0.125709 0.640889
vt 0.130840 0.223065
vt 0.864071 0.216917
vt 0.692603 0.896029
vt 0.764394 0.897027
vt 0.651176 0.918235
vt 0.171749 0.858717
vt 0.294962 0.902213
vt 0.146320 0.244916
vt 0.177204 0.170058
vt 0.232851 0.110341
vt 0.303001 0.096659
vt 0.595051 0.879161
vt 0.367585 0.878984
vt 0.301750 0.913268
vt 0.285256 0.145665
vt 0.216845 0.184865
vt 0.189810 0.236175
vt 0.279083 0.864892
vt 0.214629 0.828740
vt 0.195001 0.779567
vt 0.786773 0.826237
vt 0.833716 0.851327
vt 0.181528 0.414868
vt 0.617087 0.827340
vt 0.506814 0.837348
vt 0.377354 0.827729
vt 0.801755 0.239595
vt 0.820655 0.770210
vt 0.790696 0.509964
vt 0.806695 0.239581
vt 0.205878 0.244700
vt 0.228571 0.521224
vt 0.688095 0.135999
vt 0.767590 0.172265
vt 0.709556 0.868559
vt 0.716982 0.784052
vt 0.265831 0.744552
vt 0.277016 0.784128
vt 0.333205 0.124261
vt 0.502512 0.104778
vt 0.012936 0.145710
vt 0.003699 0.208520
vt 0.003632 0.792128
vt 0.951355 0.052430
vt 0.598314 0.000897
vt 0.620127 0.998887
vt 0.960675 0.934881
vt 0.998345 0.680534
vt 0.996464 0.781149
vt 0.005593 0.809927
vt 0.172418 0.987243
vt 0.119255 0.979951
vt 0.225834 0.992084
vt 0.056383 0.950117
vt 0.048493 0.946481
vt 0.314835 0.997827
vt 0.144299 0.017201
vt 0.038651 0.071223
vt 0.496119 0.000004
vt 0.262518 0.005522
vt 0.000525 0.388142
vt 0.316823 0.001846
vt 0.526379 0.000215
vt 0.481758 0.000258
vt 0.808166 0.882568
vt 0.502786 0.066899
vt 0.840991 0.221653
vt 0.919970 0.059773
vt 0.820095 0.006311
vt 0.991910 0.189365
vt 0.832467 0.247930
vt 0.816191 0.232161
vt 0.771561 0.190203
vt 0.006805 0.202551
vt 0.164697 0.016894
vt 0.171943 0.007217
vt 0.909420 0.533790
vt 0.846892 0.533623
vt 0.784396 0.533623
vt 0.753170 0.533789
vt 0.659420 0.533789
vt 0.690646 0.533623
vt 0.596896 0.533623
vt 0.221920 0.533789
vt 0.534396 0.533623
vt 0.440646 0.533623
vt 0.409420 0.533790
vt 0.346896 0.533623
vt 0.284396 0.533623
vt 0.190670 0.533789
vt 0.052753 0.501575
vt 0.065642 0.533623
vt 0.128142 0.533623
vt 0.000000 0.500000
vt -0.000003 0.500557
vt 0.005199 0.533570
vt 0.996486 0.533552
vt 0.971950 0.533788
vt 0.977272 1.000000
vt 0.931000 1.000000
vt 0.313130 0.500002
vt 0.005647 0.500000
vt 0.257518 0.500000
vt 0.344380 0.500002
vt 0.375630 0.500002
vt 0.406880 0.500002
vt 0.531880 0.500002
vt 0.441128 0.500000
vt 0.472378 0.500000
vt 0.563130 0.500002
vt 0.781880 0.500002
vt 0.597377 0.500000
vt 0.695018 0.500000
vt 0.730187 0.500000
vt 0.906880 0.500002
vt 0.816128 0.500000
vt 0.851268 0.500000
vt 0.999113 0.547697
vt 0.997489 0.814762
vt 0.940670 0.533789
vt 0.941128 0.500000
vt 0.121494 1.000000
vt 0.817506 1.000000
vt 0.183994 1.000000
vt 0.996100 1.000000
vt 0.169801 0.457532
vt 0.211830 0.469190
vt 0.902526 1.000000
vt 0.987883 1.000000
vt 0.464833 1.000000
vt 0.183776 1.000000
vt 0.679850 1.000000
vt 0.801463 1.000000
vt 0.308776 1.000000
vt 0.773601 1.000000
vt 0.090026 1.000000
vt 0.000000 1.000000
vt 0.995827 0.843756
vt 0.970115 0.844747
vt 0.121799 0.844752
vt 0.495336 0.844752
vt 0.491216 0.864995
vt 0.974993 0.004675
vt 0.996099 0.500000
vt 0.858085 0.004675
vt 0.003129 0.004675
vt 0.998634 0.004675
vt 0.791270 0.485339
vt 0.878189 0.451632
vt 0.910903 0.426930
vt 0.941975 0.391820
vt 0.983218 0.301932
vt 0.988884 0.261333
vt 0.987076 0.220314
vt 0.892741 0.086959
vt 0.974575 0.169170
vt 0.887227 0.054407
vt 0.801932 0.016782
vt 0.846433 0.031394
vt 0.693589 0.040241
vt 0.621811 0.048368
vt 0.584938 0.077251
vt 0.554408 0.112772
vt 0.531394 0.153567
vt 0.517917 0.192281
vt 0.511587 0.238736
vt 0.578194 0.382061
vt 0.514661 0.291270
vt 0.548368 0.378188
vt 0.603353 0.438629
vt 0.648357 0.465954
vt 0.698068 0.483219
vt 0.750000 0.250000
vt 0.423691 0.414022
vt 0.419354 0.412784
vt 0.447858 0.376617
vt 0.452353 0.376985
vt 0.363167 0.450512
vt 0.311762 0.028195
vt 0.020408 0.232696
vt 0.017538 0.208778
vt 0.277820 0.478556
vt 0.468737 0.178126
vt 0.136833 0.049488
vt 0.075418 0.400110
vt 0.431285 0.391942
vt 0.391942 0.068715
vt 0.030047 0.164219
vt 0.044506 0.146153
vt 0.188238 0.471805
vt 0.222180 0.021444
vt 0.033813 0.344874
vt 0.031263 0.321875
vt 0.412963 0.075349
vt 0.412784 0.080645
vt 0.479592 0.267304
vt 0.442696 0.115657
vt 0.445523 0.112679
vt 0.122957 0.448992
vt 0.030810 0.211830
vt 0.042468 0.169801
vt 0.453457 0.159962
vt 0.098246 0.412855
vt 0.472425 0.244675
vt 0.159962 0.046543
vt 0.244675 0.027575
vt 0.046543 0.340038
vt 0.439332 0.367067
vt 0.369146 0.062102
vt 0.330199 0.042468
vt 0.431982 0.122000
vt 0.062102 0.130854
vt 0.088957 0.096486
vt 0.255325 0.472425
vt 0.457532 0.330199
vt 0.378000 0.431982
vt 0.342385 0.452524
vt 0.027575 0.255325
vt 0.375127 0.431449
vt 0.331662 0.449259
vt 0.368966 0.429499
vt 0.323164 0.043505
vt 0.288588 0.032665
vt 0.333154 0.051359
vt 0.292804 0.038954
vt 0.032665 0.211412
vt 0.034658 0.249192
vt 0.254554 0.470687
vt 0.447748 0.155720
vt 0.468775 0.238572
vt 0.461362 0.208781
vt 0.449259 0.168339
vt 0.465559 0.202480
vt 0.124873 0.068551
vt 0.196111 0.037658
vt 0.168339 0.050741
vt 0.131034 0.070501
vt 0.161340 0.047854
vt 0.396617 0.087222
vt 0.370309 0.071399
vt 0.070501 0.368966
vt 0.401699 0.402841
vt 0.428601 0.370309
vt 0.368821 0.063975
vt 0.207197 0.461046
vt 0.456495 0.323163
vt 0.448641 0.333154
vt 0.208781 0.038638
vt 0.050741 0.331661
vt 0.402841 0.098302
vt 0.087222 0.103384
vt 0.071399 0.129691
vt 0.063975 0.131179
vt 0.168647 0.454847
vt 0.166846 0.448641
vt 0.461046 0.292803
vt 0.465342 0.250808
vt 0.467335 0.288588
vt 0.246768 0.029614
vt 0.250808 0.034658
vt 0.034441 0.297520
vt 0.429499 0.131034
vt 0.430965 0.123607
vt 0.098302 0.097159
vt 0.129691 0.428601
vt 0.136048 0.999577
vt 0.483710 0.999577
vt 0.444063 0.999577
vt 0.325576 0.999577
vt 0.357123 0.999577
vt 0.680885 0.999577
vt 0.609760 0.999577
vt 0.214989 0.475946
vt 0.221855 0.157494
vt 0.991947 0.999577
vt 0.328865 0.701016
vt 0.359341 0.471142
vt 0.653557 0.469877
vt 0.273108 0.550553
vt 0.326442 0.445435
vt 0.686267 0.445938
vt 0.684222 0.261788
vt 0.082187 0.876858
vt 0.015593 0.870641
vt 0.341435 0.244470
vt 0.499368 0.113689
vt 0.697287 0.471353
vt 0.921178 0.794264
vt 0.734470 0.100044
vt 0.827308 0.147100
vt 0.613693 0.999632
vt 0.389901 0.999673
vt 0.000139 0.000139
vt 1.000000 1.000000
vt 0.999976 0.999971
vt 0.004157 0.219306
vt 0.227369 0.191100
vt 0.168114 0.247476
vt 0.169748 0.244142
vt 0.228962 0.190153
vt 0.841719 0.807938
vt 0.841631 0.807832
vt 0.000000 1.000000
vt 0.000000 0.000000
vt 0.000003 0.000745
vt 0.000000 0.998276
vt 0.158273 0.807895
vt 0.158281 0.807938
vt 0.785550 0.001456
vt 0.998597 0.252891
s 1
usemtl Metal_part
f 751/1/1 831/2/2 752/3/3
f 1031/4/4 145/5/5 122/6/6
f 149/7/7 124/8/8 123/9/9
f 149/7/7 1501/10/10 970/11/11
f 154/12/12 1502/13/13 975/14/14
f 158/15/15 1503/16/16 978/17/17
f 127/18/18 1504/19/19 980/20/20
f 161/21/21 1504/19/19 127/18/18
f 1057/22/22 128/23/23 980/20/20
f 1057/22/22 164/24/24 128/23/23
f 128/23/23 164/24/24 982/25/25
f 129/26/26 165/27/27 983/28/28
f 1066/29/29 170/30/30 985/31/31
f 131/32/32 170/30/30 986/33/33
f 132/34/34 1505/35/35 988/36/36
f 174/37/37 1505/35/35 132/34/34
f 177/38/38 133/39/39 989/40/40
f 1081/41/41 183/42/42 992/43/43
f 1087/44/44 187/45/45 136/46/46
f 1092/47/47 191/48/48 139/49/49
f 139/49/49 191/48/48 997/50/50
f 817/51/51 822/52/52 804/53/53
f 126/54/54 1506/55/55 976/56/56
f 1506/55/55 204/57/57 1009/58/58
f 1507/59/59 826/60/60 845/61/61
f 806/62/62 1507/59/59 845/61/61
f 25/63/63 1507/59/59 806/62/62
f 997/50/50 1508/64/64 139/49/49
f 1508/64/64 223/65/65 1509/66/66
f 223/65/65 222/67/67 1510/68/68
f 995/69/69 1510/68/68 138/70/70
f 1510/68/68 843/71/71 1511/72/72
f 138/70/70 1511/72/72 994/73/73
f 843/71/71 221/74/74 1512/75/75
f 994/73/73 1512/75/75 135/76/76
f 1512/75/75 220/77/77 1513/78/78
f 135/76/76 1513/78/78 991/79/79
f 220/77/77 219/80/80 1514/81/81
f 991/79/79 1514/81/81 134/82/82
f 990/83/83 1021/84/84 133/39/39
f 990/83/83 218/85/85 1021/84/84
f 1020/86/86 1021/84/84 216/87/87
f 989/40/40 1021/84/84 1020/86/86
f 988/36/36 1019/88/88 132/34/34
f 988/36/36 1020/86/86 1019/88/88
f 987/89/89 1019/88/88 1018/90/90
f 986/33/33 1017/91/91 131/32/32
f 986/33/33 1018/90/90 1017/91/91
f 131/32/32 1016/92/92 130/93/93
f 131/32/32 1017/91/91 1016/92/92
f 130/93/93 1015/94/94 983/28/28
f 130/93/93 1016/92/92 1015/94/94
f 983/28/28 1014/95/95 129/26/26
f 983/28/28 1015/94/94 1014/95/95
f 1013/96/96 1014/95/95 209/97/97
f 982/25/25 1013/96/96 128/23/23
f 982/25/25 1014/95/95 1013/96/96
f 128/23/23 1012/98/98 981/99/99
f 128/23/23 1013/96/96 1012/98/98
f 981/99/99 1011/100/100 127/18/18
f 981/99/99 1012/98/98 1011/100/100
f 979/101/101 1011/100/100 1010/102/102
f 978/17/17 1515/103/103 126/54/54
f 1515/103/103 205/104/104 1506/55/55
f 976/56/56 1008/105/105 125/106/106
f 976/56/56 1009/58/58 1008/105/105
f 125/106/106 1007/112/112 975/14/14
f 125/106/106 1008/105/105 1007/112/112
f 1006/113/113 1007/112/112 202/114/114
f 974/115/115 1006/113/113 973/116/116
f 974/115/115 1007/112/112 1006/113/113
f 973/116/116 1005/117/117 971/118/118
f 973/116/116 1006/113/113 1005/117/117
f 971/118/118 1004/119/119 124/8/8
f 971/118/118 1005/117/117 1004/119/119
f 124/8/8 1003/120/120 123/9/9
f 124/8/8 1004/119/119 1003/120/120
f 1002/121/121 1003/120/120 198/122/122
f 969/123/123 1002/121/121 968/124/124
f 969/123/123 1003/120/120 1002/121/121
f 968/124/124 1001/125/125 967/126/126
f 968/124/124 1002/121/121 1001/125/125
f 795/127/127 753/128/128 1490/129/129
f 753/128/128 795/127/127 1727/133/133
f 1543/134/134 754/135/135 1727/133/133
f 1541/136/136 1722/137/137 1491/138/138
f 1541/136/136 1491/138/138 754/135/135
f 1495/139/139 1541/136/136 755/140/140
f 1722/137/137 1541/136/136 1495/139/139
f 1488/141/141 797/142/142 756/143/143
f 797/142/142 1488/141/141 755/140/140
f 797/142/142 757/144/144 756/143/143
f 1546/145/145 1487/146/146 757/144/144
f 1546/145/145 758/147/147 1487/146/146
f 758/147/147 1546/145/145 1486/148/148
f 1546/145/145 759/149/149 1486/148/148
f 1546/145/145 1492/150/150 759/149/149
f 1492/150/150 798/151/151 1723/152/152
f 1723/152/152 798/151/151 1485/153/153
f 1484/154/154 1544/155/155 760/156/156
f 1544/155/155 1484/154/154 1496/157/157
f 761/158/158 1/159/159 1724/160/160
f 2/161/161 1497/162/162 1483/163/163
f 832/164/164 1483/163/163 1725/165/165
f 2/161/161 786/166/166 1497/162/162
f 786/166/166 802/167/167 1482/168/168
f 802/167/167 1728/169/169 1482/168/168
f 1498/170/170 834/171/171 762/172/172
f 1481/173/173 812/174/174 1493/175/175
f 812/174/174 763/176/176 1480/177/177
f 1493/175/175 812/174/174 1480/177/177
f 791/178/178 1479/179/179 764/180/180
f 1479/179/179 1542/181/181 765/182/182
f 799/183/183 766/184/184 1478/185/185
f 814/186/186 767/187/187 1477/188/188
f 793/189/189 1726/190/190 1476/191/191
f 3/192/192 768/193/193 1475/194/194
f 3/192/192 1474/195/195 768/193/193
f 801/196/196 1473/197/197 769/198/198
f 787/199/199 815/200/200 1472/201/201
f 1494/202/202 1545/203/203 750/204/204
f 784/205/205 808/206/206 1499/207/207
f 831/2/2 751/1/1 1499/207/207
f 1195/208/208 256/209/209 1194/210/210
f 967/126/126 1000/303/303 121/304/304
f 967/126/126 1001/125/125 1000/303/303
f 121/304/304 999/305/305 120/306/306
f 121/304/304 1000/303/303 999/305/305
f 999/305/305 195/307/307 998/308/308
f 833/309/309 820/310/310 1556/311/311
f 832/164/164 1/159/159 14/312/312
f 15/313/313 839/314/314 1/159/159
f 803/315/315 836/316/316 1542/181/181
f 1546/145/145 817/51/51 798/151/151
f 798/151/151 817/51/51 17/317/317
f 812/174/174 834/171/171 830/318/318
f 816/319/319 796/320/320 797/142/142
f 829/321/321 14/312/312 13/322/322
f 813/323/323 819/324/324 9/325/325
f 806/62/62 841/326/326 795/127/127
f 1544/155/155 798/151/151 828/327/327
f 828/327/327 840/328/328 821/329/329
f 812/174/174 830/318/318 811/330/330
f 811/330/330 830/318/318 837/331/331
f 794/332/332 835/333/333 818/334/334
f 796/320/320 805/335/335 827/336/336
f 827/336/336 805/335/335 19/337/337
f 2/161/161 829/321/321 810/338/338
f 1544/155/155 828/327/327 809/339/339
f 812/174/174 811/330/330 791/178/178
f 837/331/331 849/340/340 10/341/341
f 1545/203/203 794/332/332 4/342/342
f 1546/145/145 827/336/336 822/52/52
f 2/161/161 810/338/338 802/167/167
f 802/167/167 810/338/338 820/310/310
f 1544/155/155 809/339/339 1/159/159
f 808/206/206 24/343/343 25/63/63
f 1545/203/203 1547/344/344 808/345/206
f 1547/344/344 4/342/342 24/346/343
f 808/345/206 1547/344/344 24/346/343
f 847/347/345 846/348/346 286/349/347
f 23/350/348 847/347/345 22/351/349
f 848/352/350 824/353/351 849/340/340
f 837/331/331 848/352/350 849/340/340
f 824/353/351 293/354/352 866/355/353
f 12/356/354 1548/357/355 838/358/356
f 16/359/357 1550/360/358 1549/361/359
f 1550/360/358 287/362/360 790/363/361
f 790/363/361 276/364/362 852/365/363
f 852/365/363 275/366/364 853/367/365
f 14/312/312 839/314/314 853/367/365
f 1549/361/359 852/365/363 839/314/314
f 840/328/328 856/368/366 857/369/367
f 17/317/317 856/368/366 840/328/328
f 299/370/368 292/371/369 857/369/367
f 1551/372/370 299/370/368 856/368/366
f 17/317/317 804/53/53 856/368/366
f 860/373/371 1551/372/370 804/53/53
f 818/334/334 807/374/372 861/375/373
f 818/334/334 294/376/374 807/374/372
f 4/342/342 818/334/334 861/375/373
f 862/377/375 289/378/376 863/379/377
f 862/377/375 285/380/378 289/378/376
f 1553/381/379 1552/382/380 6/383/381
f 7/384/382 1553/381/379 6/383/381
f 1552/382/380 283/385/383 864/386/384
f 6/383/381 1552/382/380 864/386/384
f 865/387/385 866/355/353 1554/388/386
f 1554/388/386 278/389/387 867/390/388
f 845/61/61 846/348/346 23/350/348
f 868/391/389 854/392/390 9/325/325
f 277/393/391 298/394/392 854/392/390
f 869/395/393 858/396/394 19/337/337
f 858/396/394 295/397/395 823/398/396
f 849/340/340 866/355/353 865/387/385
f 10/341/341 849/340/340 865/387/385
f 820/310/310 1555/399/397 1556/311/311
f 1555/399/397 282/400/398 281/401/399
f 1555/399/397 281/401/399 870/402/400
f 870/402/400 300/403/401 848/352/350
f 11/404/402 1556/311/311 848/352/350
f 870/402/400 281/401/399 300/403/401
f 853/367/365 871/405/403 13/322/322
f 853/367/365 275/366/364 871/405/403
f 871/405/403 297/406/404 851/407/405
f 861/375/373 279/408/406 850/409/407
f 1557/410/408 285/380/378 862/377/375
f 1557/410/408 286/349/347 285/380/378
f 21/411/409 1557/410/408 862/377/375
f 821/329/329 1550/360/358 16/359/357
f 821/329/329 857/369/367 1550/360/358
f 1558/412/410 294/376/374 835/333/333
f 1558/412/410 872/413/411 294/376/374
f 18/414/412 860/373/371 822/52/52
f 860/373/371 859/415/413 789/416/414
f 1559/417/415 284/418/416 1553/381/379
f 1559/417/415 855/419/417 284/418/416
f 7/384/382 1559/417/415 1553/381/379
f 8/420/418 1559/417/415 7/384/382
f 863/379/377 869/395/393 805/335/335
f 867/390/388 277/393/391 868/391/389
f 5/421/419 6/383/381 872/413/411
f 750/204/204 1545/203/203 1500/540/537
f 1500/540/537 808/345/206 784/541/205
f 964/542/538 119/543/539 997/544/50
f 965/545/540 120/306/306 964/542/538
f 966/546/541 121/304/304 965/545/540
f 969/123/123 968/124/124 122/6/6
f 972/547/542 971/118/118 970/11/11
f 974/115/115 973/116/116 972/547/542
f 977/548/543 976/56/56 1583/549/544
f 978/17/17 126/54/54 977/548/543
f 985/31/31 130/93/93 984/550/545
f 993/551/546 135/76/76 992/43/43
f 136/46/46 137/552/547 138/70/70
f 120/306/306 998/308/308 119/543/539
f 120/306/306 999/305/305 998/308/308
f 1113/680/654 194/681/655 1114/682/656
f 1112/683/657 1113/680/654 1111/684/658
f 1114/682/656 194/681/655 196/685/659
f 1111/684/658 1114/682/656 1116/686/660
f 1111/684/658 1116/686/660 26/687/661
f 1114/682/656 196/685/659 1115/688/662
f 1116/686/660 1115/688/662 1607/689/663
f 28/690/664 1607/689/663 1119/691/665
f 27/692/666 1607/689/663 28/690/664
f 1117/693/667 1118/694/668 1120/695/669
f 28/690/664 1119/691/665 29/696/670
f 1120/695/669 1118/694/668 200/697/671
f 1119/691/665 1120/695/669 1122/698/672
f 1120/695/669 200/697/671 1121/699/673
f 1120/695/669 1121/699/673 1123/700/674
f 1122/698/672 1123/700/674 31/701/675
f 1123/700/674 1121/699/673 1124/702/676
f 1123/700/674 1124/702/676 1125/703/677
f 31/701/675 1126/704/678 32/705/679
f 1125/703/677 1124/702/676 204/706/57
f 1127/707/680 204/706/57 205/708/104
f 1125/703/677 204/706/57 1127/707/680
f 1127/707/680 205/708/104 1129/709/681
f 1127/707/680 1129/709/681 1131/710/682
f 34/711/683 1131/710/682 1132/712/684
f 34/711/683 1132/712/684 35/713/685
f 1131/710/682 210/714/686 1133/715/687
f 1130/716/688 209/717/97 210/714/686
f 1133/715/687 211/718/689 1136/719/690
f 1136/719/690 211/718/689 1135/720/691
f 38/721/692 1136/719/690 1139/722/693
f 1137/723/694 1136/719/690 38/721/692
f 1139/722/693 1138/724/695 1140/725/696
f 39/726/697 38/721/692 1141/727/698
f 1141/727/698 1139/722/693 1142/728/699
f 1141/727/698 1142/728/699 40/729/700
f 40/729/700 1144/730/701 41/731/702
f 1143/732/703 1142/728/699 219/733/80
f 1143/732/703 219/733/80 1145/734/704
f 1150/735/705 221/736/74 1147/737/706
f 1145/734/704 221/736/74 1150/735/705
f 1150/735/705 1147/737/706 1149/738/707
f 1148/739/708 1150/735/705 1112/683/657
f 1113/680/654 1149/738/707 194/681/655
f 1150/735/705 1149/738/707 1113/680/654
f 1174/740/709 271/741/710 1176/742/711
f 44/743/712 1174/740/709 1176/742/711
f 1182/744/713 236/745/714 1181/746/715
f 31/701/675 1181/746/715 30/747/716
f 31/701/675 1182/744/713 1181/746/715
f 1196/748/717 257/749/718 1195/208/208
f 39/726/697 1196/748/717 1195/208/208
f 1183/750/719 237/751/720 1182/744/713
f 32/705/679 1182/744/713 31/701/675
f 32/705/679 1183/750/719 1182/744/713
f 1197/752/721 259/753/722 1196/748/717
f 40/729/700 1196/748/717 39/726/697
f 40/729/700 1197/752/721 1196/748/717
f 1184/754/723 239/755/724 1183/750/719
f 32/705/679 1184/754/723 1183/750/719
f 1198/756/725 260/757/726 1197/752/721
f 41/731/702 1197/752/721 40/729/700
f 41/731/702 1198/756/725 1197/752/721
f 1185/758/727 240/759/728 1184/754/723
f 33/760/729 1184/754/723 32/705/679
f 33/760/729 1185/758/727 1184/754/723
f 1199/761/730 262/762/731 1198/756/725
f 41/731/702 1199/761/730 1198/756/725
f 1186/763/732 242/764/733 1185/758/727
f 33/760/729 1186/763/732 1185/758/727
f 1200/765/734 263/766/735 1199/761/730
f 42/767/736 1199/761/730 41/731/702
f 42/767/736 1200/765/734 1199/761/730
f 1187/768/737 243/769/738 1186/763/732
f 34/711/683 1186/763/732 33/760/729
f 34/711/683 1187/768/737 1186/763/732
f 1201/770/739 265/771/740 1200/765/734
f 42/767/736 1201/770/739 1200/765/734
f 1188/772/741 245/773/742 1187/768/737
f 35/713/685 1187/768/737 34/711/683
f 35/713/685 1188/772/741 1187/768/737
f 227/774/743 1173/775/744 1151/776/745
f 1609/777/746 227/774/743 1153/778/747
f 233/779/748 1609/777/746 230/780/749
f 1610/781/750 233/779/748 235/782/751
f 1611/783/752 1610/781/750 238/784/753
f 244/785/754 1611/783/752 241/786/755
f 1612/787/756 244/785/754 246/788/757
f 1613/789/758 1612/787/756 249/790/759
f 1614/791/760 1613/789/758 252/792/761
f 258/793/762 1614/791/760 255/794/763
f 1615/795/764 258/793/762 1165/796/765
f 264/797/766 1615/795/764 261/798/767
f 1170/799/768 264/797/766 1168/800/769
f 270/801/770 1170/799/768 267/802/771
f 1173/775/744 270/801/770 272/803/772
f 1202/804/773 266/805/774 1201/770/739
f 43/806/775 1201/770/739 42/767/736
f 43/806/775 1202/804/773 1201/770/739
f 1189/807/776 247/808/777 1188/772/741
f 35/713/685 1189/807/776 1188/772/741
f 1178/809/778 226/810/779 1177/811/780
f 26/687/661 1178/809/778 1177/811/780
f 1203/812/781 268/813/782 1202/804/773
f 43/806/775 1203/812/781 1202/804/773
f 1190/814/783 248/815/784 1189/807/776
f 36/816/785 1189/807/776 35/713/685
f 36/816/785 1190/814/783 1189/807/776
f 1179/817/786 228/818/787 1178/809/778
f 27/692/666 1178/809/778 26/687/661
f 27/692/666 1179/817/786 1178/809/778
f 1176/742/711 269/819/788 1203/812/781
f 44/743/712 1203/812/781 43/806/775
f 44/743/712 1176/742/711 1203/812/781
f 1191/820/789 250/821/790 1190/814/783
f 36/816/785 1191/820/789 1190/814/783
f 27/692/666 28/690/664 229/822/791
f 1192/823/792 251/824/793 1191/820/789
f 37/825/794 1191/820/789 36/816/785
f 37/825/794 1192/823/792 1191/820/789
f 1177/811/780 225/826/795 1175/827/796
f 26/687/661 1175/827/796 1111/684/658
f 26/687/661 1177/811/780 1175/827/796
f 1193/828/797 253/829/798 1192/823/792
f 37/825/794 1193/828/797 1192/823/792
f 1180/830/799 232/831/800 29/696/670
f 30/747/716 1180/830/799 29/696/670
f 1194/210/210 254/832/801 1193/828/797
f 38/721/692 1193/828/797 37/825/794
f 38/721/692 1194/210/210 1193/828/797
f 1181/746/715 234/833/802 1180/830/799
f 30/747/716 1181/746/715 1180/830/799
f 225/826/795 1172/834/803 224/835/804
f 225/826/795 1151/776/745 1172/834/803
f 1172/834/803 1151/776/745 272/803/772
f 226/810/779 1151/776/745 225/826/795
f 226/810/779 1152/836/805 1151/776/745
f 228/818/787 1152/836/805 226/810/779
f 228/818/787 1153/778/747 1152/836/805
f 1152/836/805 1153/778/747 227/774/743
f 229/822/791 1153/778/747 228/818/787
f 229/822/791 1154/837/806 1153/778/747
f 231/838/807 1154/837/806 229/822/791
f 232/831/800 1154/837/806 231/838/807
f 232/831/800 1155/839/808 1154/837/806
f 234/833/802 1155/839/808 232/831/800
f 234/833/802 1156/840/809 1155/839/808
f 236/745/714 1156/840/809 234/833/802
f 237/751/720 1156/840/809 236/745/714
f 237/751/720 1157/841/810 1156/840/809
f 239/755/724 1157/841/810 237/751/720
f 240/759/728 1157/841/810 239/755/724
f 240/759/728 1158/842/811 1157/841/810
f 242/764/733 1158/842/811 240/759/728
f 243/769/738 1158/842/811 242/764/733
f 243/769/738 1159/843/812 1158/842/811
f 245/773/742 1159/843/812 243/769/738
f 245/773/742 1160/844/813 1159/843/812
f 247/808/777 1160/844/813 245/773/742
f 248/815/784 1160/844/813 247/808/777
f 248/815/784 1161/845/814 1160/844/813
f 250/821/790 1161/845/814 248/815/784
f 250/821/790 1162/846/815 1161/845/814
f 251/824/793 1162/846/815 250/821/790
f 1162/846/815 252/792/761 249/790/759
f 253/829/798 1162/846/815 251/824/793
f 253/829/798 1163/847/816 1162/846/815
f 254/832/801 1163/847/816 253/829/798
f 1163/847/816 255/794/763 252/792/761
f 256/209/209 1163/847/816 254/832/801
f 256/209/209 1164/848/817 1163/847/816
f 257/749/718 1164/848/817 256/209/209
f 1164/848/817 258/793/762 255/794/763
f 259/753/722 1164/848/817 257/749/718
f 259/753/722 1165/796/765 1164/848/817
f 1164/848/817 1165/796/765 258/793/762
f 260/757/726 1165/796/765 259/753/722
f 260/757/726 1166/849/818 1165/796/765
f 262/762/731 1166/849/818 260/757/726
f 262/762/731 1167/850/819 1166/849/818
f 263/766/735 1167/850/819 262/762/731
f 1167/850/819 264/797/766 261/798/767
f 265/771/740 1167/850/819 263/766/735
f 265/771/740 1168/800/769 1167/850/819
f 1167/850/819 1168/800/769 264/797/766
f 266/805/774 1168/800/769 265/771/740
f 266/805/774 1169/851/820 1168/800/769
f 268/813/782 1169/851/820 266/805/774
f 269/819/788 1169/851/820 268/813/782
f 269/819/788 1171/852/821 1169/851/820
f 271/741/710 1171/852/821 269/819/788
f 271/741/710 1172/834/803 1171/852/821
f 224/835/804 1172/834/803 271/741/710
f 1175/827/796 224/835/804 1174/740/709
f 1111/684/658 1174/740/709 44/743/712
f 1111/684/658 1175/827/796 1174/740/709
f 64/853/822 1211/854/823 1210/855/824
f 73/856/825 1211/854/823 64/853/822
f 273/857/826 274/858/827 1208/859/828
f 1204/860/829 70/861/830 1213/862/831
f 67/863/832 1216/864/833 50/865/834
f 1205/866/835 1221/867/836 1220/868/837
f 1207/869/838 1221/867/836 1205/866/835
f 1222/870/839 788/871/840 1218/872/841
f 1218/872/841 788/871/840 279/873/406
f 280/874/842 789/875/414 1223/876/843
f 69/877/844 1616/878/845 1262/879/846
f 1226/880/847 281/881/399 282/882/398
f 66/883/848 47/884/849 1618/885/850
f 283/886/383 284/887/416 1228/888/851
f 63/889/852 1233/890/853 1232/891/854
f 62/892/855 1233/890/853 63/889/852
f 56/893/856 1213/862/831 57/894/857
f 276/895/362 790/896/361 1235/897/858
f 1235/897/858 790/896/361 287/898/360
f 51/899/859 50/865/834 1236/900/860
f 45/901/861 1220/868/837 1238/902/862
f 1218/872/841 279/873/406 1237/903/863
f 62/892/855 1239/904/864 1233/890/853
f 1617/905/865 1239/904/864 62/892/855
f 1226/880/847 282/882/398 1241/906/866
f 1241/906/866 282/882/398 290/907/867
f 73/856/825 1232/891/854 1211/854/823
f 63/889/852 1232/891/854 73/856/825
f 68/908/868 1236/900/860 1246/909/869
f 51/899/859 1236/900/860 68/908/868
f 1237/903/863 807/910/372 1247/911/870
f 1247/911/870 807/910/372 294/912/374
f 61/913/871 60/914/872 1250/915/873
f 54/916/874 1242/917/875 55/918/876
f 49/919/877 48/920/878 1619/921/879
f 72/922/880 1225/923/881 60/914/872
f 1223/876/843 823/924/396 295/925/395
f 58/926/882 71/927/883 1254/928/884
f 52/929/885 1246/909/869 1256/930/886
f 68/908/868 1246/909/869 52/929/885
f 293/931/352 824/932/351 1255/933/887
f 1255/933/887 824/932/351 300/934/401
f 1206/935/888 65/936/889 1257/937/890
f 1617/905/865 1250/915/873 1239/904/864
f 61/913/871 1250/915/873 1617/905/865
f 296/938/891 825/939/892 1240/940/893
f 1240/940/893 825/939/892 289/941/376
f 297/942/404 275/943/364 1214/944/894
f 67/863/832 1619/921/879 1216/864/833
f 298/945/392 277/946/391 1217/947/895
f 1207/869/838 1210/855/824 1221/867/836
f 64/853/822 1210/855/824 1207/869/838
f 1208/859/828 826/948/60 1222/870/839
f 59/949/896 1254/928/884 1261/950/897
f 58/926/882 1254/928/884 59/949/896
f 53/951/898 1256/930/886 1616/878/845
f 52/929/885 1256/930/886 53/951/898
f 1255/933/887 300/934/401 281/881/399
f 46/952/899 1257/937/890 47/884/849
f 1274/953/900 1273/954/901 1263/955/902
f 1279/956/903 1273/954/901 1271/957/904
f 1266/958/905 1273/954/901 1279/956/903
f 1269/959/906 1273/954/901 1266/958/905
f 1278/960/907 1273/954/901 1269/959/906
f 1276/961/908 1273/954/901 1280/962/909
f 1272/963/910 1273/954/901 1276/961/908
f 1263/955/902 1273/954/901 1272/963/910
f 46/952/899 333/964/911 1206/935/888
f 1616/878/845 312/965/912 53/951/898
f 54/916/874 322/966/913 1262/879/846
f 66/883/848 1258/967/914 47/884/849
f 66/883/848 315/968/915 1258/967/914
f 63/889/852 1259/969/916 62/892/855
f 63/889/852 317/970/917 1259/969/916
f 72/922/880 311/971/918 1261/950/897
f 58/926/882 324/972/919 71/927/883
f 1617/905/865 328/973/920 61/913/871
f 1618/885/850 315/968/915 66/883/848
f 1619/921/879 330/974/921 49/919/877
f 1204/860/829 304/975/922 70/861/830
f 1207/869/838 1260/976/923 64/853/822
f 1207/869/838 308/977/924 1260/976/923
f 1205/866/835 308/977/924 1207/869/838
f 338/978/925 1267/979/926 1290/980/927
f 340/981/928 1620/982/929 1291/983/930
f 1287/984/931 1258/967/914 315/968/915
f 1288/985/932 1259/969/916 317/970/917
f 362/986/933 1293/987/934 1267/979/926
f 1620/982/929 1260/976/923 308/977/924
f 341/988/935 1281/989/936 1620/982/929
f 347/990/937 1302/991/938 1287/984/931
f 513/992/939 1621/993/940 1642/994/941
f 513/992/939 506/995/942 1621/993/940
f 512/996/943 1622/997/944 1643/998/945
f 512/996/943 505/999/946 1622/997/944
f 511/1000/947 1623/1001/948 1644/1002/949
f 511/1000/947 504/1003/950 1623/1001/948
f 510/1004/951 1624/1005/952 1645/1006/953
f 510/1004/951 485/1007/954 1624/1005/952
f 509/1008/955 1625/1009/956 1646/1010/957
f 509/1008/955 503/1011/958 1625/1009/956
f 508/1012/959 1626/1013/960 1647/1014/961
f 508/1012/959 502/1015/962 1626/1013/960
f 515/1016/963 1354/1017/964 1639/1018/965
f 515/1016/963 501/1019/966 1354/1017/964
f 506/995/942 1627/1020/967 1621/993/940
f 506/995/942 500/1021/968 1627/1020/967
f 505/999/946 1628/1022/969 1622/997/944
f 505/999/946 499/1023/970 1628/1022/969
f 504/1003/950 1629/1024/971 1623/1001/948
f 504/1003/950 498/1025/972 1629/1024/971
f 516/1026/973 1630/1027/974 1633/1028/975
f 516/1026/973 489/1029/976 1630/1027/974
f 503/1011/958 497/1030/977 1625/1009/956
f 502/1015/962 1632/1031/978 1626/1013/960
f 502/1015/962 496/1032/979 1632/1031/978
f 501/1019/966 516/1026/973 1354/1017/964
f 500/1021/968 1634/1033/980 1627/1020/967
f 500/1021/968 495/1034/981 1634/1033/980
f 499/1023/970 1355/1035/982 1628/1022/969
f 1353/1036/983 351/1037/984 1355/1035/982
f 498/1025/972 1635/1038/985 1629/1024/971
f 498/1025/972 493/1039/986 1635/1038/985
f 507/1040/987 1636/1041/988 1648/1042/989
f 507/1040/987 492/1043/990 1636/1041/988
f 497/1030/977 1637/1044/991 1631/1045/992
f 497/1030/977 491/1046/993 1637/1044/991
f 496/1032/979 1638/1047/994 1632/1031/978
f 496/1032/979 490/1048/995 1638/1047/994
f 514/1049/996 1639/1018/965 1641/1050/997
f 514/1049/996 515/1016/963 1639/1018/965
f 495/1034/981 1352/1051/998 1634/1033/980
f 495/1034/981 488/1052/999 1352/1051/998
f 494/1053/1000 1353/1036/983 1355/1035/982
f 494/1053/1000 487/1054/1001 1353/1036/983
f 493/1039/986 1640/1055/1002 1635/1038/985
f 493/1039/986 486/1056/1003 1640/1055/1002
f 492/1043/990 1641/1050/997 1636/1041/988
f 492/1043/990 514/1049/996 1641/1050/997
f 491/1046/993 1642/994/941 1637/1044/991
f 491/1046/993 513/992/939 1642/994/941
f 490/1048/995 1643/998/945 1638/1047/994
f 490/1048/995 512/996/943 1643/998/945
f 489/1029/976 1644/1002/949 1630/1027/974
f 489/1029/976 511/1000/947 1644/1002/949
f 488/1052/999 510/1004/951 1352/1051/998
f 487/1054/1001 1646/1010/957 1353/1036/983
f 487/1054/1001 509/1008/955 1646/1010/957
f 486/1056/1003 1647/1014/961 1640/1055/1002
f 486/1056/1003 508/1012/959 1647/1014/961
f 485/1007/954 1648/1042/989 1624/1005/952
f 485/1007/954 507/1040/987 1648/1042/989
f 449/1057/1004 420/1057/1005 422/1057/1006
f 1327/1057/1007 422/1057/1006 1663/1057/1008
f 375/1057/1009 471/1057/1010 448/1057/1011
f 377/1057/1012 1317/1057/1013 1316/1057/1014
f 377/1057/1012 1318/1057/1015 1317/1057/1013
f 378/1057/1016 1316/1057/1014 444/1057/1017
f 1304/1057/1018 444/1057/1017 462/1057/1019
f 462/1057/1019 443/1057/1020 442/1057/1021
f 462/1057/1019 442/1057/1021 1328/1057/1022
f 380/1057/1023 1328/1057/1022 1320/1057/1024
f 1328/1057/1022 442/1057/1021 1329/1057/1025
f 1328/1057/1022 1329/1057/1025 1320/1057/1024
f 1320/1057/1024 1329/1057/1025 1331/1057/1026
f 453/1057/1027 1331/1057/1026 1330/1057/1028
f 1649/1057/1029 1330/1057/1028 463/1057/1030
f 1330/1057/1028 438/1057/1031 463/1057/1030
f 463/1057/1030 438/1057/1031 1321/1057/1032
f 1333/1057/1033 1321/1057/1032 1322/1057/1034
f 435/1057/1035 432/1057/1036 455/1057/1037
f 1306/1057/1038 435/1057/1035 455/1057/1037
f 1307/1057/1039 1650/1057/1040 1651/1057/1041
f 457/1057/1042 464/1057/1043 456/1057/1044
f 464/1057/1043 371/1057/1045 456/1057/1044
f 382/1057/1046 456/1057/1044 1323/1057/1047
f 457/1057/1042 456/1057/1044 382/1057/1046
f 1323/1057/1047 456/1057/1044 1315/1057/1048
f 1308/1057/1049 1324/1057/1050 1323/1057/1047
f 383/1057/1051 465/1057/1052 372/1057/1053
f 384/1057/1054 372/1057/1053 1334/1057/1055
f 1334/1057/1055 1664/1057/1056 466/1057/1057
f 1309/1057/1058 1334/1057/1055 466/1057/1057
f 1310/1057/1059 1335/1057/1060 1312/1057/1061
f 1310/1057/1059 466/1057/1057 1335/1057/1060
f 466/1057/1057 1664/1057/1056 1335/1057/1060
f 416/1057/1062 467/1057/1063 1313/1057/1064
f 389/1057/1065 1326/1057/1066 450/1057/1067
f 1326/1057/1066 468/1057/1068 450/1057/1067
f 390/1057/1069 389/1057/1065 450/1057/1067
f 1326/1057/1066 426/1057/1070 468/1057/1068
f 387/1057/1071 426/1057/1070 388/1057/1072
f 390/1057/1069 450/1057/1067 469/1057/1073
f 450/1057/1067 468/1057/1068 425/1057/1074
f 469/1057/1073 425/1057/1074 447/1057/1075
f 1338/1057/1076 1337/1057/1077 459/1057/1078
f 1338/1057/1076 459/1057/1078 427/1057/1079
f 481/1057/1080 1337/1057/1077 1338/1057/1076
f 1313/1057/1064 470/1057/1081 387/1057/1071
f 470/1057/1081 429/1057/1082 426/1057/1070
f 448/1057/1011 471/1057/1010 1319/1057/1083
f 471/1057/1010 445/1057/1084 1319/1057/1083
f 1339/1057/1085 427/1057/1079 418/1057/1086
f 427/1057/1079 1339/1057/1085 428/1057/1087
f 427/1057/1079 459/1057/1078 418/1057/1086
f 418/1057/1086 419/1057/1088 1339/1057/1085
f 428/1057/1087 1339/1057/1085 460/1057/1089
f 424/1057/1090 428/1057/1087 460/1057/1089
f 1339/1057/1085 419/1057/1088 421/1057/1091
f 1348/1057/1092 370/1057/1093 481/1057/1080
f 472/1057/1094 412/1057/1095 414/1057/1096
f 472/1057/1094 414/1057/1096 1348/1057/1092
f 473/1057/1097 369/1057/1098 413/1057/1099
f 473/1057/1097 413/1057/1099 412/1057/1095
f 1653/1057/1100 1652/1057/1101 473/1057/1097
f 1340/1057/1102 1653/1057/1100 473/1057/1097
f 1653/1057/1100 1654/1057/1103 1652/1057/1101
f 1341/1057/1104 1342/1057/1105 458/1057/1106
f 458/1057/1106 411/1057/1107 368/1057/1108
f 1342/1057/1105 410/1057/1109 458/1057/1106
f 1343/1057/1110 367/1057/1111 409/1057/1112
f 1344/1057/1113 408/1057/1114 367/1057/1111
f 433/1057/1115 1345/1057/1116 1344/1057/1113
f 434/1057/1117 1314/1057/1118 1345/1057/1116
f 436/1057/1119 1656/1057/1120 434/1057/1117
f 436/1057/1119 366/1057/1121 1656/1057/1120
f 1657/1057/1122 1658/1057/1123 454/1057/1124
f 405/1057/1125 406/1057/1126 454/1057/1124
f 474/1057/1127 404/1057/1128 1657/1057/1122
f 1659/1057/1129 1658/1057/1123 1657/1057/1122
f 402/1057/1130 404/1057/1128 474/1057/1127
f 475/1057/1131 474/1057/1127 440/1057/1132
f 1660/1057/1133 401/1057/1134 475/1057/1131
f 475/1057/1131 401/1057/1134 474/1057/1127
f 452/1057/1135 1661/1057/1136 400/1057/1137
f 476/1057/1138 399/1057/1139 398/1057/1140
f 476/1057/1138 398/1057/1140 1661/1057/1136
f 451/1057/1141 394/1057/1142 478/1057/1143
f 478/1057/1143 395/1057/1144 397/1057/1145
f 392/1057/1146 394/1057/1142 451/1057/1141
f 1347/1057/1147 479/1057/1148 446/1057/1149
f 1327/1057/1007 1347/1057/1147 425/1057/1074
f 1347/1057/1147 393/1057/1150 479/1057/1148
f 446/1057/1149 479/1057/1148 1346/1057/1151
f 449/1057/1004 1327/1057/1007 425/1057/1074
f 424/1057/1090 468/1057/1068 427/1057/1079
f 428/1057/1087 424/1057/1090 427/1057/1079
f 427/1057/1079 468/1057/1068 426/1057/1070
f 427/1057/1079 429/1057/1082 1338/1057/1076
f 481/1057/1080 1664/1057/1056 1340/1057/1102
f 1348/1057/1092 1340/1057/1102 472/1057/1094
f 1348/1057/1092 481/1057/1080 1340/1057/1102
f 1340/1057/1102 1664/1057/1056 1349/1057/1152
f 1653/1057/1100 1340/1057/1102 1341/1057/1104
f 1349/1057/1152 1334/1057/1055 372/1057/1053
f 1341/1057/1104 1349/1057/1152 1315/1057/1048
f 1342/1057/1105 1341/1057/1104 1315/1057/1048
f 431/1057/1153 1315/1057/1048 456/1057/1044
f 1342/1057/1105 1315/1057/1048 431/1057/1153
f 1344/1057/1113 431/1057/1153 433/1057/1115
f 1344/1057/1113 1342/1057/1105 431/1057/1153
f 431/1057/1153 432/1057/1036 433/1057/1115
f 434/1057/1117 433/1057/1115 482/1057/1154
f 434/1057/1117 482/1057/1154 436/1057/1119
f 437/1057/1155 439/1057/1156 440/1057/1132
f 440/1057/1132 439/1057/1156 1329/1057/1025
f 440/1057/1132 1329/1057/1025 441/1057/1157
f 439/1057/1156 1331/1057/1026 1329/1057/1025
f 452/1057/1135 441/1057/1157 1350/1057/1158
f 1350/1057/1158 441/1057/1157 443/1057/1020
f 1350/1057/1158 443/1057/1020 1351/1057/1159
f 476/1057/1138 452/1057/1135 1350/1057/1158
f 443/1057/1020 444/1057/1017 1351/1057/1159
f 477/1057/1160 1350/1057/1158 1351/1057/1159
f 476/1057/1138 1350/1057/1158 477/1057/1160
f 1351/1057/1159 1316/1057/1014 1317/1057/1013
f 445/1057/1084 1351/1057/1159 1317/1057/1013
f 1662/1057/1161 1351/1057/1159 483/1057/1162
f 1351/1057/1159 445/1057/1084 483/1057/1162
f 445/1057/1084 1318/1057/1015 1319/1057/1083
f 483/1057/1162 445/1057/1084 484/1057/1163
f 484/1057/1163 480/1057/1164 446/1057/1149
f 446/1057/1149 480/1057/1164 425/1057/1074
f 374/1057/1165 461/1057/1166 373/1057/1167
f 447/1057/1075 480/1057/1164 461/1057/1166
f 1263/955/902 507/1040/987 485/1007/954
f 1273/954/901 508/1012/959 486/1056/1003
f 1278/960/907 508/1012/959 1273/954/901
f 1266/958/905 509/1008/955 487/1054/1001
f 1274/953/900 510/1004/951 488/1052/999
f 1263/955/902 510/1004/951 1274/953/900
f 1280/962/909 511/1000/947 1276/961/908
f 1269/959/906 512/996/943 490/1048/995
f 1271/957/904 513/992/939 491/1046/993
f 1272/963/910 514/1049/996 492/1043/990
f 1273/954/901 486/1056/1003 493/1039/986
f 1266/958/905 487/1054/1001 494/1053/1000
f 1274/953/900 488/1052/999 495/1034/981
f 1272/963/910 515/1016/963 514/1049/996
f 1278/960/907 490/1048/995 496/1032/979
f 1269/959/906 490/1048/995 1278/960/907
f 1279/956/903 491/1046/993 497/1030/977
f 1271/957/904 491/1046/993 1279/956/903
f 1263/955/902 492/1043/990 507/1040/987
f 1272/963/910 492/1043/990 1263/955/902
f 1280/962/909 493/1039/986 498/1025/972
f 1273/954/901 493/1039/986 1280/962/909
f 1266/958/905 494/1053/1000 1269/959/906
f 1274/953/900 495/1034/981 500/1021/968
f 1276/961/908 516/1026/973 501/1019/966
f 1278/960/907 496/1032/979 502/1015/962
f 1279/956/903 497/1030/977 503/1011/958
f 1276/961/908 489/1029/976 516/1026/973
f 511/1000/947 489/1029/976 1276/961/908
f 1280/962/909 498/1025/972 504/1003/950
f 1269/959/906 499/1023/970 505/999/946
f 494/1053/1000 499/1023/970 1269/959/906
f 1272/963/910 501/1019/966 515/1016/963
f 1276/961/908 501/1019/966 1272/963/910
f 1278/960/907 502/1015/962 508/1012/959
f 1266/958/905 503/1011/958 509/1008/955
f 1279/956/903 503/1011/958 1266/958/905
f 1263/955/902 485/1007/954 510/1004/951
f 1280/962/909 504/1003/950 511/1000/947
f 1269/959/906 505/999/946 512/996/943
f 1271/957/904 506/995/942 513/992/939
f 500/1021/968 506/995/942 1271/957/904
f 559/1057/1168 1391/1057/1169 1392/1057/1170
f 1356/1057/1171 618/1057/1172 1359/1057/1173
f 618/1057/1172 1415/1057/1174 1379/1057/1175
f 617/1057/1176 593/1057/1177 615/1057/1178
f 1357/1057/1179 628/1057/1180 1361/1057/1181
f 1358/1057/1182 618/1057/1172 628/1057/1180
f 619/1057/1183 1665/1057/1184 1393/1057/1185
f 538/1057/1186 1383/1057/1187 1384/1057/1188
f 1382/1057/1189 529/1057/1190 538/1057/1186
f 529/1057/1190 1378/1057/1191 1383/1057/1187
f 1378/1057/1191 1377/1057/1192 629/1057/1193
f 540/1057/1194 629/1057/1193 539/1057/1195
f 1383/1057/1187 629/1057/1193 540/1057/1194
f 543/1057/1196 1394/1057/1197 1666/1057/1198
f 541/1057/1199 629/1057/1193 1394/1057/1197
f 629/1057/1193 1377/1057/1192 1394/1057/1197
f 1394/1057/1197 604/1057/1200 1666/1057/1198
f 542/1057/1201 1666/1057/1198 545/1057/1202
f 543/1057/1196 1666/1057/1198 542/1057/1201
f 544/1057/1203 630/1057/1204 1385/1057/1205
f 545/1057/1202 620/1057/1206 544/1057/1203
f 1364/1057/1207 622/1057/1208 631/1057/1209
f 546/1057/1210 622/1057/1208 1364/1057/1207
f 548/1057/1211 1363/1057/1212 631/1057/1209
f 632/1057/1213 647/1057/1214 1376/1057/1215
f 550/1057/1216 632/1057/1213 1667/1057/1217
f 550/1057/1216 547/1057/1218 632/1057/1213
f 1667/1057/1217 1386/1057/1219 551/1057/1220
f 549/1057/1221 1667/1057/1217 551/1057/1220
f 553/1057/1222 1365/1057/1223 1386/1057/1219
f 554/1057/1224 634/1057/1225 1387/1057/1226
f 555/1057/1227 1411/1057/1228 597/1057/1229
f 1388/1057/1230 555/1057/1227 1668/1057/1231
f 1668/1057/1231 530/1057/1232 561/1057/1233
f 556/1057/1234 1668/1057/1231 561/1057/1233
f 1668/1057/1231 597/1057/1229 530/1057/1232
f 1389/1057/1235 530/1057/1232 1670/1057/1236
f 1389/1057/1235 561/1057/1233 530/1057/1232
f 1397/1057/1237 1390/1057/1238 1398/1057/1239
f 533/1057/1240 609/1057/1241 612/1057/1242
f 532/1057/1243 533/1057/1240 612/1057/1242
f 533/1057/1240 534/1057/1244 609/1057/1241
f 530/1057/1232 1409/1057/1245 1396/1057/1246
f 526/1057/1247 636/1057/1248 558/1057/1249
f 608/1057/1250 636/1057/1248 526/1057/1247
f 608/1057/1250 526/1057/1247 536/1057/1251
f 560/1057/1252 1395/1057/1253 637/1057/1254
f 624/1057/1255 1395/1057/1253 560/1057/1252
f 1395/1057/1253 1396/1057/1246 646/1057/1256
f 528/1057/1257 1396/1057/1246 557/1057/1258
f 624/1057/1255 1396/1057/1246 1395/1057/1253
f 1366/1057/1259 1399/1057/1260 1371/1057/1261
f 595/1057/1262 1675/1057/1263 1671/1057/1264
f 638/1057/1265 1665/1057/1184 1360/1057/1266
f 1360/1057/1266 1665/1057/1184 1362/1057/1267
f 1361/1057/1181 638/1057/1265 1360/1057/1266
f 638/1057/1265 605/1057/1268 1665/1057/1184
f 1390/1057/1238 1672/1057/1269 1398/1057/1239
f 639/1057/1270 524/1057/1271 1673/1057/1272
f 616/1057/1273 1673/1057/1272 617/1057/1176
f 1673/1057/1272 1674/1057/1274 617/1057/1176
f 1370/1057/1275 531/1057/1276 611/1057/1277
f 1371/1057/1261 1399/1057/1260 1370/1057/1275
f 640/1057/1278 522/1057/1279 590/1057/1280
f 599/1057/1281 586/1057/1282 1400/1057/1283
f 586/1057/1282 589/1057/1284 1400/1057/1283
f 600/1057/1285 582/1057/1286 585/1057/1287
f 600/1057/1285 585/1057/1287 584/1057/1288
f 599/1057/1281 600/1057/1285 587/1057/1289
f 602/1057/1290 582/1057/1286 600/1057/1285
f 641/1057/1291 581/1057/1292 521/1057/1293
f 1685/1057/1294 623/1057/1295 641/1057/1291
f 623/1057/1295 580/1057/1296 579/1057/1297
f 641/1057/1291 579/1057/1297 581/1057/1292
f 603/1057/1298 642/1057/1299 623/1057/1295
f 520/1057/1300 578/1057/1301 642/1057/1299
f 623/1057/1295 578/1057/1301 577/1057/1302
f 623/1057/1295 577/1057/1302 580/1057/1296
f 621/1057/1303 576/1057/1304 642/1057/1299
f 621/1057/1303 519/1057/1305 576/1057/1304
f 643/1057/1306 575/1057/1307 621/1057/1303
f 643/1057/1306 621/1057/1303 649/1057/1308
f 621/1057/1303 1677/1057/1309 519/1057/1305
f 644/1057/1310 571/1057/1311 574/1057/1312
f 1401/1057/1313 645/1057/1314 644/1057/1310
f 1678/1057/1315 569/1057/1316 518/1057/1317
f 1401/1057/1313 518/1057/1317 645/1057/1314
f 1679/1057/1318 567/1057/1319 1678/1057/1315
f 1679/1057/1318 568/1057/1320 567/1057/1319
f 567/1057/1319 570/1057/1321 1678/1057/1315
f 1402/1057/1322 566/1057/1323 1679/1057/1318
f 566/1057/1323 568/1057/1320 1679/1057/1318
f 1406/1057/1324 1404/1057/1325 606/1057/1326
f 1404/1057/1325 565/1057/1327 564/1057/1328
f 1405/1057/1329 564/1057/1328 1403/1057/1330
f 1406/1057/1324 1681/1057/1331 565/1057/1327
f 1406/1057/1324 565/1057/1327 1404/1057/1325
f 1407/1057/1332 615/1057/1178 1682/1057/1333
f 1374/1057/1334 615/1057/1178 1407/1057/1332
f 1407/1057/1332 1406/1057/1324 606/1057/1326
f 1407/1057/1332 1683/1057/1335 563/1057/1336
f 1381/1057/1337 1680/1057/1338 1406/1057/1324
f 1407/1057/1332 1381/1057/1337 1406/1057/1324
f 616/1057/1273 617/1057/1176 615/1057/1178
f 1367/1057/1339 517/1057/1340 1408/1057/1341
f 614/1057/1342 1408/1057/1341 1416/1057/1343
f 614/1057/1342 1368/1057/1344 1367/1057/1339
f 1408/1057/1341 517/1057/1340 639/1057/1270
f 610/1057/1345 1417/1057/1346 1684/1057/1347
f 1684/1057/1347 531/1057/1276 1399/1057/1260
f 1410/1057/1348 1684/1057/1347 646/1057/1256
f 639/1057/1270 1673/1057/1272 596/1057/1349
f 1675/1057/1263 1684/1057/1347 1410/1057/1348
f 646/1057/1256 1399/1057/1260 637/1057/1254
f 646/1057/1256 1396/1057/1246 1409/1057/1245
f 1409/1057/1245 530/1057/1232 597/1057/1229
f 640/1057/1278 1375/1057/1350 598/1057/1351
f 598/1057/1351 1409/1057/1245 1411/1057/1228
f 1409/1057/1245 597/1057/1229 1411/1057/1228
f 598/1057/1351 635/1057/1352 1412/1057/1353
f 598/1057/1351 1411/1057/1228 635/1057/1352
f 1400/1057/1283 598/1057/1351 599/1057/1281
f 1412/1057/1353 635/1057/1352 601/1057/1354
f 633/1057/1355 1386/1057/1219 601/1057/1354
f 1412/1057/1353 601/1057/1354 602/1057/1290
f 602/1057/1290 601/1057/1354 1685/1057/1294
f 1685/1057/1294 601/1057/1354 1376/1057/1215
f 603/1057/1298 1685/1057/1294 648/1057/1356
f 1685/1057/1294 1376/1057/1215 647/1057/1214
f 648/1057/1356 647/1057/1214 622/1057/1208
f 1685/1057/1294 647/1057/1214 648/1057/1356
f 621/1057/1303 648/1057/1356 649/1057/1308
f 648/1057/1356 1686/1057/1357 649/1057/1308
f 643/1057/1306 649/1057/1308 644/1057/1310
f 1686/1057/1357 620/1057/1206 604/1057/1200
f 649/1057/1308 1413/1057/1358 644/1057/1310
f 1413/1057/1358 1377/1057/1192 1378/1057/1191
f 1679/1057/1318 1414/1057/1359 1405/1057/1329
f 1378/1057/1191 529/1057/1190 1414/1057/1359
f 1414/1057/1359 529/1057/1190 605/1057/1268
f 1405/1057/1329 1414/1057/1359 606/1057/1326
f 606/1057/1326 1687/1057/1360 607/1057/1361
f 605/1057/1268 638/1057/1265 1687/1057/1360
f 606/1057/1326 607/1057/1361 1407/1057/1332
f 607/1057/1361 1379/1057/1175 1415/1057/1174
f 1374/1057/1334 607/1057/1361 1415/1057/1174
f 1673/1057/1272 1374/1057/1334 596/1057/1349
f 1416/1057/1343 596/1057/1349 612/1057/1242
f 614/1057/1342 1416/1057/1343 613/1057/1362
f 1372/1057/1363 610/1057/1345 594/1057/1364
f 1373/1057/1365 523/1057/1366 610/1057/1345
f 1417/1057/1346 523/1057/1366 1688/1057/1367
f 1417/1057/1346 1688/1057/1367 1689/1057/1368
f 625/1057/1369 1691/1057/1370 613/1057/1362
f 613/1057/1362 627/1057/1371 614/1057/1342
f 725/1057/1372 711/1057/1373 1461/1057/1374
f 659/1057/1375 709/1057/1376 718/1057/1377
f 724/1057/1378 718/1057/1377 1439/1057/1379
f 724/1057/1378 659/1057/1375 718/1057/1377
f 1439/1057/1379 718/1057/1377 706/1057/1380
f 723/1057/1381 1439/1057/1379 655/1057/1382
f 656/1057/1383 655/1057/1382 706/1057/1380
f 745/1057/1384 655/1057/1382 656/1057/1383
f 745/1057/1384 657/1057/1385 1440/1057/1386
f 745/1057/1384 656/1057/1383 657/1057/1385
f 1433/1057/1387 1441/1057/1388 1460/1057/1389
f 732/1057/1390 1453/1057/1391 705/1057/1392
f 1460/1057/1389 705/1057/1392 660/1057/1393
f 660/1057/1393 705/1057/1392 719/1057/1394
f 1431/1057/1395 733/1057/1396 1443/1057/1397
f 1431/1057/1395 1443/1057/1397 720/1057/1398
f 720/1057/1398 1444/1057/1399 671/1057/1400
f 1444/1057/1399 1434/1057/1401 1445/1057/1402
f 1445/1057/1402 1434/1057/1401 1446/1057/1403
f 734/1057/1404 710/1057/1405 711/1057/1373
f 1461/1057/1374 711/1057/1373 709/1057/1376
f 735/1057/1406 1430/1057/1407 1438/1057/1408
f 1427/1057/1409 698/1057/1410 735/1057/1406
f 737/1057/1411 697/1057/1412 736/1057/1413
f 736/1057/1413 697/1057/1412 1447/1057/1414
f 1448/1057/1415 696/1057/1416 1425/1057/1417
f 1448/1057/1415 1425/1057/1417 737/1057/1411
f 1448/1057/1415 654/1057/1418 1692/1057/1419
f 1692/1057/1419 696/1057/1416 1448/1057/1415
f 1696/1057/1420 695/1057/1421 1695/1057/1422
f 1696/1057/1420 1695/1057/1422 1694/1057/1423
f 1696/1057/1420 1694/1057/1423 1693/1057/1424
f 1696/1057/1420 738/1057/1425 695/1057/1421
f 738/1057/1425 653/1057/1426 695/1057/1421
f 738/1057/1425 693/1057/1427 653/1057/1426
f 691/1057/1428 692/1057/1429 727/1057/1430
f 738/1057/1425 727/1057/1430 694/1057/1431
f 731/1057/1432 690/1057/1433 691/1057/1428
f 731/1057/1432 652/1057/1434 690/1057/1433
f 731/1057/1432 730/1057/1435 652/1057/1434
f 1435/1057/1436 688/1057/1437 689/1057/1438
f 730/1057/1435 689/1057/1438 1424/1057/1439
f 1449/1057/1440 739/1057/1441 1435/1057/1436
f 739/1057/1441 1697/1057/1442 1435/1057/1436
f 687/1057/1443 1423/1057/1444 1449/1057/1440
f 1450/1057/1445 687/1057/1443 1449/1057/1440
f 1423/1057/1444 739/1057/1441 1449/1057/1440
f 1450/1057/1445 1449/1057/1440 1466/1057/1446
f 1464/1057/1447 686/1057/1448 1450/1057/1445
f 685/1057/1449 1422/1057/1450 1464/1057/1447
f 682/1057/1451 684/1057/1452 1437/1057/1453
f 1437/1057/1453 651/1057/1454 685/1057/1449
f 1437/1057/1453 650/1057/1455 683/1057/1456
f 1437/1057/1453 683/1057/1456 682/1057/1451
f 1451/1057/1457 740/1057/1458 680/1057/1459
f 740/1057/1458 681/1057/1460 680/1057/1459
f 728/1057/1461 673/1057/1462 1452/1057/1463
f 699/1057/1464 700/1057/1465 1428/1057/1466
f 699/1057/1464 734/1057/1404 700/1057/1465
f 734/1057/1404 1446/1057/1403 700/1057/1465
f 700/1057/1465 1434/1057/1401 741/1057/1467
f 1434/1057/1401 1444/1057/1399 658/1057/1468
f 658/1057/1468 1443/1057/1397 733/1057/1396
f 702/1057/1469 658/1057/1468 1442/1057/1470
f 701/1057/1471 658/1057/1468 702/1057/1469
f 717/1057/1472 701/1057/1471 702/1057/1469
f 702/1057/1469 1442/1057/1470 703/1057/1473
f 702/1057/1469 703/1057/1473 719/1057/1394
f 1699/1057/1474 702/1057/1469 1453/1057/1391
f 702/1057/1469 719/1057/1394 1453/1057/1391
f 749/1057/1475 1453/1057/1391 704/1057/1476
f 1453/1057/1391 719/1057/1394 705/1057/1392
f 1453/1057/1391 732/1057/1390 704/1057/1476
f 704/1057/1476 742/1057/1477 1466/1057/1446
f 732/1057/1390 1441/1057/1388 704/1057/1476
f 1466/1057/1446 742/1057/1477 1465/1057/1478
f 707/1057/1479 1454/1057/1480 743/1057/1481
f 1455/1057/1482 718/1057/1377 709/1057/1376
f 1455/1057/1482 709/1057/1376 710/1057/1405
f 672/1057/1483 1700/1057/1484 1704/1057/1485
f 1457/1057/1486 1700/1057/1484 672/1057/1483
f 1457/1057/1486 744/1057/1487 1700/1057/1484
f 1458/1057/1488 1446/1057/1403 744/1057/1487
f 671/1057/1400 1445/1057/1402 1458/1057/1488
f 1421/1057/1489 720/1057/1398 669/1057/1490
f 1421/1057/1489 668/1057/1491 1431/1057/1395
f 668/1057/1491 721/1057/1492 1431/1057/1395
f 1701/1057/1493 722/1057/1494 721/1057/1492
f 1702/1057/1495 1703/1057/1496 722/1057/1494
f 1703/1057/1496 716/1057/1497 722/1057/1494
f 715/1057/1498 716/1057/1497 1703/1057/1496
f 715/1057/1498 660/1057/1393 716/1057/1497
f 1459/1057/1499 660/1057/1393 715/1057/1498
f 667/1057/1500 1460/1057/1389 713/1057/1501
f 713/1057/1501 1460/1057/1389 660/1057/1393
f 665/1057/1502 1433/1057/1387 666/1057/1503
f 1419/1057/1504 1440/1057/1386 665/1057/1502
f 1418/1057/1505 745/1057/1384 1419/1057/1504
f 746/1057/1506 745/1057/1384 1418/1057/1505
f 662/1057/1507 724/1057/1378 723/1057/1381
f 662/1057/1507 661/1057/1508 724/1057/1378
f 661/1057/1508 659/1057/1375 724/1057/1378
f 661/1057/1508 712/1057/1509 659/1057/1375
f 712/1057/1509 1461/1057/1374 659/1057/1375
f 1455/1057/1482 1471/1057/1510 726/1057/1511
f 726/1057/1511 1438/1057/1408 728/1057/1461
f 747/1057/1512 1698/1057/1513 729/1057/1514
f 707/1057/1479 1436/1057/1515 740/1057/1458
f 1429/1057/1516 1437/1057/1453 748/1057/1517
f 748/1057/1517 1464/1057/1447 1465/1057/1478
f 1464/1057/1447 1450/1057/1445 1465/1057/1478
f 1466/1057/1446 1449/1057/1440 714/1057/1518
f 714/1057/1518 1435/1057/1436 704/1057/1476
f 704/1057/1476 1435/1057/1436 730/1057/1435
f 1699/1057/1474 731/1057/1432 727/1057/1430
f 717/1057/1472 1699/1057/1474 727/1057/1430
f 717/1057/1472 727/1057/1430 738/1057/1425
f 701/1057/1471 738/1057/1425 1696/1057/1420
f 1467/1057/1519 1693/1057/1424 1468/1057/1520
f 1467/1057/1519 1468/1057/1520 741/1057/1467
f 1468/1057/1520 1448/1057/1415 1469/1057/1521
f 1469/1057/1521 737/1057/1411 1428/1057/1466
f 1428/1057/1466 1447/1057/1414 1470/1057/1522
f 1428/1057/1466 1470/1057/1522 699/1057/1464
f 1470/1057/1522 1447/1057/1414 735/1057/1406
f 1470/1057/1522 735/1057/1406 1471/1057/1510
f 1471/1057/1510 1438/1057/1408 726/1057/1511
f 1918/1147/1559 1916/1148/1560 1880/1149/1561
f 1880/1149/1561 1730/1150/1562 1918/1147/1559
f 1919/1151/1563 1921/1152/1564 1733/1153/1565 1734/1154/1566 1920/1155/1567
f 1734/1154/1566 1933/1156/1568 1930/1157/1569
f 1825/1158/1570 1874/1159/1571 1729/1160/1572
f 1874/1159/1571 1933/1156/1568 1877/1161/1573
f 1876/1162/1574 1733/1153/1565 1800/1163/1575
f 1874/1159/1571 1802/1164/1576 1801/1165/1577
f 1874/1159/1571 1803/1166/1578 1802/1164/1576
f 1877/1161/1573 1879/1167/1579 1803/1166/1578
f 1877/1161/1573 1878/1168/1580 1879/1167/1579
f 1729/1160/1572 1826/1169/1581 1825/1158/1570
f 1915/1170/1582 1932/1171/1583 1935/1172/1584
f 1856/1173/1585 1732/1174/1586 1767/1175/1587
f 1739/1176/1588 1853/1177/1589 1740/1178/1590
f 1739/1176/1588 1856/1173/1585 1767/1175/1587
f 1743/1179/1591 1852/1180/1592 1768/1181/1593
f 1731/1182/1594 1764/1183/1595 1770/1184/1596
f 1738/1185/1597 1766/1186/1598 1836/1187/1599
f 1903/1188/1600 1936/1189/1601 1902/1190/1602
f 1936/1189/1601 1755/1191/1603 1904/1192/1604
f 1937/1193/1605 1922/1194/1606 1905/1195/1607
f 1939/1196/1608 1937/1193/1605 1905/1195/1607
f 1864/1197/1609 1922/1194/1606 1937/1193/1605
f 1858/1198/1610 1756/1199/1611 1835/1200/1612
f 1732/1174/1586 1756/1199/1611 1858/1198/1610
f 1736/1201/1613 1906/1202/1614 1735/1203/1615
f 1770/1184/1596 1840/1204/1616 1731/1182/1594
f 1770/1184/1596 1761/1205/1617 1840/1204/1616
f 1832/1206/1618 1759/1207/1619 1836/1187/1599
f 1740/1178/1590 1837/1208/1620 1739/1176/1588
f 1850/1209/1621 1762/1210/1622 1737/1211/1623
f 1901/1212/1624 1763/1213/1625 1850/1209/1621
f 1836/1187/1599 1833/1214/1626 1738/1185/1597
f 1738/1185/1597 1838/1215/1627 1742/1216/1628
f 1839/1217/1629 1760/1218/1630 1834/1219/1631
f 1852/1180/1592 1743/1179/1591 1841/1220/1632
f 1731/1182/1594 1757/1221/1633 1831/1222/1634
f 1744/1223/1635 1835/1200/1612 1842/1224/1636
f 1908/1225/1637 1756/1199/1611 1848/1226/1638
f 1848/1226/1638 1756/1199/1611 1760/1218/1630
f 1886/1227/1639 1757/1221/1633 1840/1204/1616
f 1820/1228/1640 1758/1229/1641 1847/1230/1642
f 1821/1231/1643 1759/1207/1619 1820/1228/1640
f 1848/1226/1638 1760/1218/1630 1887/1232/1644
f 1887/1232/1644 1740/1178/1590 1888/1233/1645
f 1888/1233/1645 1740/1178/1590 1889/1234/1646
f 1908/1225/1637 1835/1200/1612 1756/1199/1611
f 1863/1235/1647 1761/1205/1617 1762/1210/1622
f 1863/1235/1647 1762/1210/1622 1909/1236/1648
f 1909/1236/1648 1763/1213/1625 1776/1237/1649
f 1889/1234/1646 1759/1207/1619 1821/1231/1643
f 1831/1222/1634 1765/1238/1650 1764/1183/1595
f 1831/1222/1634 1764/1183/1595 1731/1182/1594
f 1818/1239/1651 1819/1240/1652 1771/1241/1653
f 1860/1242/1654 1818/1239/1651 1771/1241/1653
f 1860/1242/1654 1817/1243/1655 1818/1239/1651
f 1859/1244/1656 1816/1245/1657 1829/1246/1658
f 1851/1247/1659 1813/1248/1660 1814/1249/1661
f 1769/1250/1662 1813/1248/1660 1851/1247/1659
f 1769/1250/1662 1828/1251/1663 1811/1252/1664
f 1911/1253/1665 1808/1254/1666 1910/1255/1667
f 1766/1186/1598 1910/1255/1667 1748/1256/1668
f 1810/1257/1669 1748/1256/1668 1910/1255/1667
f 1766/1186/1598 1748/1256/1668 1883/1258/1670
f 1883/1258/1670 1882/1259/1671 1857/1260/1672
f 1857/1260/1672 1747/1261/1673 1884/1262/1674
f 1884/1262/1674 1746/1263/1675 1765/1238/1650
f 1855/1264/1676 1764/1183/1595 1765/1238/1650
f 1859/1244/1656 1860/1242/1654 1770/1184/1596
f 1859/1244/1656 1770/1184/1596 1855/1264/1676
f 1855/1264/1676 1770/1184/1596 1764/1183/1595
f 1854/1265/1677 1858/1198/1610 1851/1247/1659
f 1851/1247/1659 1858/1198/1610 1744/1223/1635
f 1851/1247/1659 1768/1181/1593 1769/1250/1662
f 1766/1186/1598 1738/1185/1597 1910/1255/1667
f 1738/1185/1597 1742/1216/1628 1911/1253/1665
f 1765/1238/1650 1735/1203/1615 1857/1260/1672
f 1884/1262/1674 1765/1238/1650 1857/1260/1672
f 1749/1266/1678 1767/1175/1587 1854/1265/1677
f 1767/1175/1587 1732/1174/1586 1854/1265/1677
f 1778/1267/1679 1862/1268/1680 1785/1269/1681
f 1843/1270/1682 1776/1237/1649 1774/1271/1683
f 1784/1272/1684 1773/1273/1685 1846/1274/1686
f 1912/1275/1687 1776/1237/1649 1843/1270/1682
f 1845/1276/1688 1775/1277/1689 1777/1278/1690
f 1783/1279/1691 1889/1234/1646 1784/1272/1684
f 1890/1280/1692 1888/1233/1645 1783/1279/1691
f 1781/1281/1693 1846/1274/1686 1780/1282/1694
f 1846/1274/1686 1820/1228/1640 1861/1283/1695
f 1778/1267/1679 1779/1284/1696 1862/1268/1680
f 1865/1285/1697 1777/1278/1690 1895/1286/1698
f 1895/1286/1698 1777/1278/1690 1782/1287/1699
f 1823/1288/1700 1780/1282/1694 1779/1284/1696
f 1914/1289/1701 1780/1282/1694 1823/1288/1700
f 1873/1290/1702 1780/1282/1694 1914/1289/1701
f 1895/1286/1698 1782/1287/1699 1890/1280/1692
f 1899/1291/1703 1783/1279/1691 1891/1292/1704
f 1890/1280/1692 1783/1279/1691 1899/1291/1703
f 1891/1292/1704 1784/1272/1684 1872/1293/1705
f 1892/1294/1706 1843/1270/1682 1844/1295/1707
f 1845/1276/1688 1844/1295/1707 1775/1277/1689
f 1845/1276/1688 1777/1278/1690 1865/1285/1697
f 1784/1272/1684 1846/1274/1686 1897/1296/1708
f 1868/1297/1709 1865/1285/1697 1923/1298/1710
f 1923/1298/1710 1865/1285/1697 1871/1299/1711
f 1869/1300/1712 1824/1301/1713 1940/1302/1714
f 1869/1300/1712 1896/1303/1715 1824/1301/1713
f 1872/1293/1705 1897/1296/1708 1873/1290/1702
f 1873/1290/1702 1870/1304/1716 1941/1305/1717
f 1893/1306/1718 1894/1307/1719 1755/1191/1603
f 1898/1308/1720 1868/1297/1709 1867/1309/1721
f 1892/1294/1706 1898/1308/1720 1867/1309/1721
f 1754/1310/1722 1872/1293/1705 1939/1196/1608
f 1899/1291/1703 1891/1292/1704 1872/1293/1705
f 1871/1299/1711 1899/1291/1703 1866/1311/1723
f 1823/1288/1700 1913/1312/1724 1788/1313/1725
f 1793/1314/1726 1794/1315/1727 1900/1316/1728
f 1818/1239/1651 1879/1167/1579 1819/1240/1652
f 1817/1243/1655 1879/1167/1579 1818/1239/1651
f 1803/1166/1578 1817/1243/1655 1830/1317/1729
f 1803/1166/1578 1830/1317/1729 1829/1246/1658
f 1816/1245/1657 1802/1164/1576 1829/1246/1658
f 1801/1165/1577 1816/1245/1657 1751/1318/1730
f 1733/1153/1565 1815/1319/1731 1814/1249/1661
f 1813/1248/1660 1800/1163/1575 1814/1249/1661
f 1876/1162/1574 1813/1248/1660 1812/1320/1732
f 1811/1252/1664 1876/1162/1574 1812/1320/1732
f 1828/1251/1663 1734/1154/1566 1811/1252/1664
f 1750/1321/1733 1799/1322/1734 1828/1251/1663
f 1809/1323/1735 1900/1316/1728 1810/1257/1669
f 1797/1324/1736 1827/1325/1737 1806/1326/1738
f 1875/1327/1739 1807/1328/1740 1827/1325/1737
f 1880/1149/1561 1806/1326/1738 1805/1329/1741
f 1881/1330/1742 1792/1331/1743 1793/1314/1726
f 1734/1154/1566 1799/1322/1734 1878/1168/1580
f 1734/1154/1566 1878/1168/1580 1877/1161/1573
f 1729/1160/1572 1874/1159/1571 1881/1330/1742
f 1874/1159/1571 1801/1165/1577 1789/1332/1744
f 1730/1150/1562 1880/1149/1561 1733/1153/1565
f 1789/1332/1744 1791/1333/1745 1881/1330/1742
f 1795/1334/1746 1748/1256/1668 1810/1257/1669
f 1789/1332/1744 1804/1335/1747 1791/1333/1745
f 1801/1165/1577 1751/1318/1730 1885/1336/1748
f 1789/1332/1744 1745/1337/1749 1804/1335/1747
f 1773/1273/1685 1821/1231/1643 1846/1274/1686
f 1775/1277/1689 1907/1338/1750 1908/1225/1637
f 1844/1295/1707 1774/1271/1683 1907/1338/1750
f 1782/1287/1699 1887/1232/1644 1888/1233/1645
f 1848/1226/1638 1887/1232/1644 1782/1287/1699
f 1861/1283/1695 1847/1230/1642 1779/1284/1696
f 1772/1339/1751 1847/1230/1642 1886/1227/1639
f 1894/1307/1719 1787/1340/1752 1896/1303/1715
f 1893/1306/1718 1788/1313/1725 1785/1269/1681
f 1898/1308/1720 1845/1276/1688 1865/1285/1697
f 1919/1057/1563 1920/1057/1753 1867/1057/1721
f 1923/1057/1710 1871/1057/1711 1918/1057/1754 1730/1057/1562
f 1916/1057/1755 1866/1057/1723 1754/1057/1722
f 1927/1341/1756 1939/1342/1608 1941/1343/1717
f 1928/1344/1757 1902/1345/1602 1924/1346/1758
f 1930/1347/1759 1937/1348/1760 1932/1349/1761
f 1958/1057/1762 1946/1057/1763 1945/1057/1764
f 1969/1057/1765 1947/1057/1766 1946/1057/1763
f 1968/1057/1767 1948/1057/1768 1947/1057/1766
f 1959/1057/1769 1960/1057/1770 1949/1057/1771
f 1950/1057/1772 1960/1057/1770 1951/1057/1773
f 1961/1057/1774 1962/1057/1775 1952/1057/1776
f 1953/1057/1777 1963/1057/1778 1954/1057/1779
f 1966/1057/1780 1964/1057/1781 1955/1057/1782
f 1955/1057/1782 1964/1057/1781 1956/1057/1783
f 1956/1057/1783 1957/1057/1784 1965/1057/1785
f 1972/1057/1786 1958/1057/1762 1957/1057/1784
f 1964/1057/1781 1973/1057/1787 1957/1057/1784
f 1963/1057/1778 1975/1057/1788 1964/1057/1781
f 1962/1057/1775 1978/1057/1789 1963/1057/1778
f 1961/1057/1774 1980/1057/1790 1962/1057/1775
f 1967/1057/1791 1961/1057/1774 1960/1057/1770
f 1942/1057/1792 1960/1057/1770 1959/1057/1769
f 1982/1057/1793 1959/1057/1769 1968/1057/1767
f 1985/1057/1794 1969/1057/1765 1958/1057/1762
f 1958/1057/1762 1945/1057/1764 1965/1057/1785
f 2018/1057/1795 2022/1057/1796 2014/1057/1797
f 1999/1057/1798 2022/1057/1796 2027/1057/1799
f 2023/1057/1800 2022/1057/1796 2018/1057/1795
f 2022/1057/1796 2023/1057/1800 2016/1057/1801
f 2017/1057/1802 2022/1057/1796 1999/1057/1798
f 2009/1057/1803 2008/1057/1804 2006/1057/1805
f 1994/1057/1806 2000/1057/1807 2001/1057/1808
f 1994/1057/1806 1986/1057/1809 2007/1057/1810
f 2009/1057/1803 2006/1057/1805 1995/1057/1811
f 2009/1057/1803 1995/1057/1811 2032/1057/1812
f 1995/1057/1811 2002/1057/1813 2032/1057/1812
f 2011/1057/1814 2031/1057/1815 1997/1057/1816
f 2011/1057/1814 1990/1057/1817 1998/1057/1818
f 2003/1057/1819 2011/1057/1814 1998/1057/1818
f 1998/1057/1818 1991/1057/1820 2003/1057/1819
f 1994/1057/1806 2003/1057/1819 1992/1057/1821
f 2012/1057/1822 2004/1057/1823 1992/1057/1821
f 1999/1057/1798 2015/1057/1824 2017/1057/1802
f 2016/1057/1801 2019/1057/1825 2022/1057/1796
f 2018/1057/1795 2020/1057/1826 2023/1057/1800
f 2017/1057/1802 2021/1057/1827 2014/1057/1797
f 2027/1057/1799 2022/1057/1796 2024/1057/1828
f 2023/1057/1800 2025/1057/1829 2026/1057/1830
f 2027/1057/1799 2028/1057/1831 1999/1057/1798
f 2026/1057/1830 2029/1057/1832 2016/1057/1801
f 2016/1057/1801 2029/1057/1832 2013/1057/1833
f 2014/1057/1797 1994/1057/1806 2018/1057/1795
f 2013/1057/1833 1997/1057/1816 1989/1057/1834
f 2014/1057/1797 2001/1057/1808 2000/1057/1807
f 2017/1057/1802 2008/1057/1804 2007/1057/1810
f 2015/1057/1824 2008/1057/1804 2017/1057/1802
f 2017/1057/1802 2007/1057/1810 2021/1057/1827
f 2021/1057/1827 2007/1057/1810 1986/1057/1809
f 2022/1057/1796 1988/1057/1835 2009/1057/1803
f 2023/1057/1800 2012/1057/1822 1993/1057/1836
f 2023/1057/1800 2003/1057/1819 2025/1057/1829
f 2023/1057/1800 1993/1057/1836 2003/1057/1819
f 2024/1057/1828 2032/1057/1812 2002/1057/1813
f 2025/1057/1829 2003/1057/1819 1991/1057/1820
f 2024/1057/1828 1995/1057/1811 2005/1057/1837
f 2024/1057/1828 2005/1057/1837 2027/1057/1799
f 2026/1057/1830 1990/1057/1817 2029/1057/1832
f 2027/1057/1799 2005/1057/1837 2006/1057/1805
f 2029/1057/1832 1990/1057/1817 2011/1057/1814
f 2028/1057/1831 1987/1057/1838 1999/1057/1798
f 2029/1057/1832 2011/1057/1814 1997/1057/1816
f 2018/1057/1795 1994/1057/1806 1992/1057/1821
f 122/6/6 143/1350/560 1031/4/4
f 145/5/5 147/1351/565 969/123/123
f 122/6/6 145/5/5 969/123/123
f 123/9/9 147/1351/565 149/7/7
f 969/123/123 147/1351/565 123/9/9
f 1501/10/10 150/1352/571 970/11/11
f 124/8/8 149/7/7 970/11/11
f 1501/10/10 149/7/7 150/1352/571
f 972/547/542 150/1352/571 152/1353/574
f 970/11/11 150/1352/571 972/547/542
f 974/115/115 152/1353/574 154/12/12
f 972/547/542 152/1353/574 974/115/115
f 157/1354/585 1583/549/544 125/106/106 156/1355/581
f 974/115/115 154/12/12 975/14/14
f 1502/13/13 154/12/12 156/1355/581
f 161/21/21 127/18/18 979/101/101 159/1356/592
f 977/548/543 157/1354/585 158/15/15
f 1583/549/544 157/1354/585 977/548/543
f 1503/16/16 159/1356/592 978/17/17
f 977/548/543 158/15/15 978/17/17
f 1503/16/16 158/15/15 159/1356/592
f 978/17/17 159/1356/592 979/101/101
f 179/1357/629 990/83/83 133/39/39 177/38/38
f 1504/19/19 163/1358/598 980/20/20
f 1504/19/19 161/21/21 163/1358/598
f 980/20/20 163/1358/598 1057/22/22
f 164/24/24 165/27/27 982/25/25
f 982/25/25 165/27/27 129/26/26
f 165/27/27 166/1359/607 983/28/28
f 984/550/545 166/1359/607 168/1360/611
f 983/28/28 166/1359/607 984/550/545
f 985/31/31 168/1360/611 1066/29/29
f 984/550/545 168/1360/611 985/31/31
f 985/31/31 170/30/30 131/32/32
f 170/30/30 172/1361/616 986/33/33
f 987/89/89 172/1361/616 174/37/37
f 986/33/33 172/1361/616 987/89/89
f 987/89/89 174/37/37 132/34/34
f 1505/35/35 175/1362/621 988/36/36
f 1505/35/35 174/37/37 175/1362/621
f 989/40/40 175/1362/621 177/38/38
f 988/36/36 175/1362/621 989/40/40
f 181/1363/633 991/79/79 134/82/82 179/1357/629
f 990/83/83 179/1357/629 134/82/82
f 1092/47/47 139/49/49 996/1364/1839 189/1365/643
f 992/43/43 181/1363/633 1081/41/41
f 991/79/79 181/1363/633 992/43/43
f 183/42/42 185/1366/637 993/551/546
f 992/43/43 183/42/42 993/551/546
f 993/551/546 185/1366/637 136/46/46
f 136/46/46 185/1366/637 1087/44/44
f 136/46/46 187/45/45 137/552/547
f 187/45/45 189/1365/643 137/552/547
f 137/552/547 189/1365/643 996/1364/1839
f 998/1367/308 1508/64/64 997/50/50 119/1368/539
f 191/48/48 192/1369/1840 997/50/50
f 817/51/51 1546/145/145 822/52/52
f 964/542/538 192/1370/1840 141/1371/554
f 997/544/50 192/1370/1840 964/542/538
f 976/56/56 1506/55/55 1009/58/58
f 1506/55/55 205/104/104 204/57/57
f 841/326/326 806/62/62 845/61/61
f 25/63/63 844/1372/1841 1507/59/59
f 1507/59/59 844/1372/1841 826/60/60
f 845/61/61 826/60/60 274/1373/827
f 139/49/49 1508/64/64 1509/66/66
f 216/87/87 215/1374/1842 1019/88/88 1020/86/86
f 1508/64/64 998/1367/308 194/1375/655
f 1508/64/64 194/1375/655 223/65/65
f 996/1364/1839 1509/66/66 1510/68/68
f 996/1364/1839 139/49/49 1509/66/66
f 1509/66/66 223/65/65 1510/68/68
f 138/70/70 1510/68/68 1511/72/72
f 995/69/69 996/1364/1839 1510/68/68
f 1510/68/68 222/67/67 843/71/71
f 994/73/73 1511/72/72 1512/75/75
f 1511/72/72 843/71/71 1512/75/75
f 135/76/76 1512/75/75 1513/78/78
f 1512/75/75 221/74/74 220/77/77
f 991/79/79 1513/78/78 1514/81/81
f 1513/78/78 220/77/77 1514/81/81
f 134/82/82 1514/81/81 218/85/85
f 1514/81/81 219/80/80 218/85/85
f 990/83/83 134/82/82 218/85/85
f 1021/84/84 218/85/85 217/1376/1843
f 989/40/40 133/39/39 1021/84/84
f 216/87/87 1021/84/84 217/1376/1843
f 215/1374/1842 214/1377/1844 1018/90/90 1019/88/88
f 988/36/36 989/40/40 1020/86/86
f 214/1377/1844 213/1378/1845 1017/91/91 1018/90/90
f 987/89/89 132/34/34 1019/88/88
f 213/1378/1845 212/1379/1846 1016/92/92 1017/91/91
f 986/33/33 987/89/89 1018/90/90
f 209/97/97 208/1380/1847 1012/98/98 1013/96/96
f 1015/94/94 1016/92/92 212/1379/1846
f 1015/94/94 212/1379/1846 211/1381/689
f 1014/95/95 1015/94/94 211/1381/689
f 1014/95/95 211/1381/689 210/1382/686
f 982/25/25 129/26/26 1014/95/95
f 209/97/97 1014/95/95 210/1382/686
f 208/1380/1847 207/1383/1848 1011/100/100 1012/98/98
f 202/114/114 201/1384/1849 1005/117/117 1006/113/113
f 1010/102/102 1011/100/100 207/1383/1848
f 979/101/101 1010/102/102 1515/103/103
f 979/101/101 127/18/18 1011/100/100
f 1010/102/102 207/1383/1848 206/1385/1850
f 126/54/54 1515/103/103 1506/55/55
f 978/17/17 979/101/101 1515/103/103
f 1515/103/103 1010/102/102 206/1385/1850
f 1515/103/103 206/1385/1850 205/104/104
f 1008/105/105 1009/58/58 204/57/57
f 1008/105/105 204/57/57 203/1386/1851
f 1007/112/112 1008/105/105 203/1386/1851
f 1007/112/112 203/1386/1851 842/1387/1852
f 974/115/115 975/14/14 1007/112/112
f 202/114/114 1007/112/112 842/1387/1852
f 198/122/122 197/1388/1853 1001/125/125 1002/121/121
f 1004/119/119 1005/117/117 201/1384/1849
f 1004/119/119 201/1384/1849 200/1389/671
f 1003/120/120 1004/119/119 200/1389/671
f 1003/120/120 200/1389/671 199/1390/1854
f 969/123/123 123/9/9 1003/120/120
f 198/122/122 1003/120/120 199/1390/1854
f 795/127/127 1490/129/129 752/3/3 831/2/2
f 1544/155/155 1496/157/157 1485/153/153 798/151/151
f 1727/133/133 795/127/127 1543/134/134
f 754/135/135 1543/134/134 1541/136/136
f 1541/136/136 797/142/142 755/140/140
f 797/142/142 1546/145/145 757/144/144
f 1492/150/150 1546/145/145 798/151/151
f 761/158/158 760/156/156 1544/155/155 1/159/159
f 1725/165/165 1724/160/160 1/159/159 832/164/164
f 834/171/171 1498/170/170 1728/169/169 802/167/167
f 832/164/164 2/161/161 1483/163/163
f 2/161/161 802/167/167 786/166/166
f 812/174/174 1481/173/173 762/172/172 834/171/171
f 791/178/178 764/180/180 763/176/176 812/174/174
f 799/183/183 1478/185/185 765/182/182 1542/181/181
f 1479/179/179 791/178/178 1542/181/181
f 814/186/186 1477/188/188 766/184/184 799/183/183
f 793/189/189 1476/191/191 767/187/187 814/186/186
f 3/192/192 1475/194/194 1726/190/190 793/189/189
f 769/198/198 1474/195/195 3/192/192 801/196/196
f 787/199/199 1473/197/197 801/196/196 815/200/200
f 1545/203/203 1494/202/202 1472/201/201 815/200/200
f 1195/208/208 1194/210/210 38/721/692 39/726/697
f 808/206/206 831/2/2 1499/207/207
f 256/209/209 1195/208/208 257/749/718
f 820/310/310 833/309/309 834/171/171 802/167/167
f 966/546/541 142/1393/555 143/1350/560
f 965/545/540 142/1393/555 966/546/541
f 966/546/541 143/1350/560 122/6/6
f 1000/303/303 1001/125/125 197/1388/1853
f 1000/303/303 197/1388/1853 196/1394/659
f 999/305/305 1000/303/303 196/1394/659
f 999/305/305 196/1394/659 195/307/307
f 7/384/382 800/1395/1855 801/196/196 3/192/192
f 800/1395/1855 5/421/419 815/200/200 801/196/196
f 800/1395/1855 7/384/382 6/383/381
f 1541/136/136 21/411/409 816/319/319
f 816/319/319 21/411/409 20/1396/1856
f 14/312/312 1/159/159 839/314/314
f 819/324/324 1542/181/181 836/316/316
f 799/183/183 1542/181/181 819/324/324
f 806/62/62 831/2/2 25/63/63
f 795/127/127 831/2/2 806/62/62
f 17/317/317 817/51/51 804/53/53
f 830/318/318 834/171/171 833/309/309
f 833/309/309 1556/311/311 11/404/402
f 830/318/318 833/309/309 11/404/402
f 805/335/335 796/320/320 816/319/319 20/1396/1856
f 800/1395/1855 6/383/381 5/421/419
f 1541/136/136 816/319/319 797/142/142
f 819/324/324 813/323/323 814/186/186 799/183/183
f 829/321/321 832/164/164 14/312/312
f 2/161/161 832/164/164 829/321/321
f 813/323/323 792/1397/1857 793/189/189 814/186/186
f 795/127/127 841/326/326 23/350/348
f 828/327/327 798/151/151 840/328/328
f 798/151/151 17/317/317 840/328/328
f 830/318/318 11/404/402 837/331/331
f 794/332/332 815/200/200 5/421/419
f 794/332/332 5/421/419 835/333/333
f 1545/203/203 815/200/200 794/332/332
f 797/142/142 796/320/320 827/336/336
f 1546/145/145 797/142/142 827/336/336
f 829/321/321 13/322/322 12/356/354
f 810/338/338 829/321/321 12/356/354
f 792/1397/1857 7/384/382 3/192/192 793/189/189
f 813/323/323 9/325/325 8/420/418
f 792/1397/1857 813/323/323 8/420/418
f 1543/134/134 795/127/127 22/351/349
f 795/127/127 23/350/348 22/351/349
f 809/339/339 828/327/327 16/359/357
f 828/327/327 821/329/329 16/359/357
f 791/178/178 811/330/330 10/341/341
f 811/330/330 837/331/331 10/341/341
f 4/342/342 794/332/332 818/334/334
f 827/336/336 19/337/337 18/414/412
f 822/52/52 827/336/336 18/414/412
f 810/338/338 12/356/354 838/358/356
f 820/310/310 810/338/338 838/358/356
f 844/1372/1841 25/63/63 24/343/343 850/1398/407
f 792/1397/1857 8/420/418 7/384/382
f 1541/136/136 1543/134/134 21/411/409
f 1543/134/134 22/351/349 21/411/409
f 1/159/159 809/339/339 15/313/313
f 809/339/339 16/359/357 15/313/313
f 1542/181/181 791/178/178 803/315/315
f 791/178/178 10/341/341 803/315/315
f 831/2/2 808/206/206 25/63/63
f 1545/203/203 4/342/342 1547/344/344
f 45/901/861 326/1399/1858 320/1400/1859
f 45/901/861 65/936/889 326/1399/1858
f 847/347/345 23/350/348 846/348/346
f 286/349/347 846/348/346 273/1401/826
f 848/352/350 300/403/401 824/353/351
f 837/331/331 11/404/402 848/352/350
f 849/340/340 824/353/351 866/355/353
f 844/1372/1841 850/1398/407 788/1402/840
f 282/400/398 838/358/356 1548/357/355 290/1403/867
f 844/1372/1841 788/1402/840 826/60/60
f 865/387/385 1554/388/386 803/315/315 10/341/341
f 12/356/354 851/407/405 1548/357/355
f 1548/357/355 851/407/405 290/1403/867
f 1549/361/359 1550/360/358 790/363/361
f 15/313/313 16/359/357 1549/361/359
f 1549/361/359 790/363/361 852/365/363
f 839/314/314 852/365/363 853/367/365
f 15/313/313 1549/361/359 839/314/314
f 275/366/364 852/365/363 276/364/362
f 8/420/418 854/392/390 855/419/417
f 8/420/418 9/325/325 854/392/390
f 855/419/417 854/392/390 298/394/392
f 855/419/417 298/394/392 291/1404/1860
f 857/369/367 856/368/366 299/370/368
f 821/329/329 840/328/328 857/369/367
f 18/414/412 823/398/396 859/415/413
f 18/414/412 19/337/337 823/398/396
f 19/337/337 858/396/394 823/398/396
f 859/415/413 823/398/396 789/416/414
f 804/53/53 1551/372/370 856/368/366
f 1551/372/370 860/373/371 789/416/414
f 1551/372/370 789/416/414 280/1405/842
f 1551/372/370 280/1405/842 299/370/368
f 818/334/334 835/333/333 294/376/374
f 861/375/373 807/374/372 279/408/406
f 20/1396/1856 862/377/375 863/379/377
f 20/1396/1856 21/411/409 862/377/375
f 863/379/377 289/378/376 825/1406/892
f 1552/382/380 1553/381/379 284/418/416
f 1552/382/380 284/418/416 283/385/383
f 836/316/316 803/315/315 1554/388/386
f 850/409/407 24/346/343 4/342/342 861/375/373
f 1554/388/386 866/355/353 288/1407/1861
f 1554/388/386 288/1407/1861 278/389/387
f 845/61/61 274/1373/827 846/348/346
f 841/326/326 845/61/61 23/350/348
f 846/348/346 274/1373/827 273/1401/826
f 868/391/389 277/393/391 854/392/390
f 819/324/324 868/391/389 9/325/325
f 805/335/335 869/395/393 19/337/337
f 858/396/394 869/395/393 296/1408/891
f 858/396/394 296/1408/891 295/397/395
f 866/355/353 293/354/352 288/1407/1861
f 820/310/310 838/358/356 1555/399/397
f 1555/399/397 838/358/356 282/400/398
f 1556/311/311 870/402/400 848/352/350
f 1556/311/311 1555/399/397 870/402/400
f 14/312/312 853/367/365 13/322/322
f 871/405/403 275/366/364 297/406/404
f 301/1409/1862 872/413/411 864/386/384 283/385/383
f 850/409/407 279/408/406 788/1410/840
f 21/411/409 22/351/349 1557/410/408
f 22/351/349 847/347/345 1557/410/408
f 1557/410/408 847/347/345 286/349/347
f 1550/360/358 292/371/369 287/362/360
f 1550/360/358 857/369/367 292/371/369
f 835/333/333 5/421/419 1558/412/410
f 5/421/419 872/413/411 1558/412/410
f 294/376/374 872/413/411 301/1409/1862
f 804/53/53 822/52/52 860/373/371
f 18/414/412 859/415/413 860/373/371
f 8/420/418 855/419/417 1559/417/415
f 284/418/416 855/419/417 291/1404/1860
f 12/356/354 13/322/322 851/407/405
f 13/322/322 871/405/403 851/407/405
f 851/407/405 297/406/404 290/1403/867
f 863/379/377 825/1406/892 869/395/393
f 805/335/335 20/1396/1856 863/379/377
f 869/395/393 825/1406/892 296/1408/891
f 836/316/316 867/390/388 868/391/389
f 819/324/324 836/316/316 868/391/389
f 836/316/316 1554/388/386 867/390/388
f 867/390/388 278/389/387 277/393/391
f 872/413/411 6/383/381 864/386/384
f 1500/540/537 1545/203/203 808/345/206
f 119/543/539 964/542/538 120/306/306
f 965/545/540 121/304/304 120/306/306
f 966/546/541 967/126/126 121/304/304
f 966/546/541 122/6/6 967/126/126
f 122/6/6 968/124/124 967/126/126
f 970/11/11 971/118/118 124/8/8
f 972/547/542 973/116/116 971/118/118
f 1583/549/544 976/56/56 125/106/106
f 977/548/543 126/54/54 976/56/56
f 980/20/20 981/99/99 127/18/18
f 980/20/20 128/23/23 981/99/99
f 984/550/545 130/93/93 983/28/28
f 985/31/31 131/32/32 130/93/93
f 992/43/43 135/76/76 991/79/79
f 993/551/546 994/73/73 135/76/76
f 993/551/546 136/46/46 994/73/73
f 136/46/46 138/70/70 994/73/73
f 137/552/547 995/69/69 138/70/70
f 137/552/547 996/1364/1839 995/69/69
f 998/308/308 195/307/307 194/1417/655
f 965/545/540 141/1371/554 142/1393/555
f 964/542/538 141/1371/554 965/545/540
f 125/106/106 975/14/14 1502/13/13 156/1355/581
f 1607/689/663 27/692/666 26/687/661 1116/686/660
f 1111/684/658 1113/680/654 1114/682/656
f 44/743/712 1112/683/657 1111/684/658
f 196/685/659 194/681/655 195/1421/307
f 1116/686/660 1114/682/656 1115/688/662
f 1115/688/662 196/685/659 197/1422/1853
f 1122/698/672 30/747/716 29/696/670 1119/691/665
f 1115/688/662 197/1422/1853 198/1423/122
f 1117/693/667 1115/688/662 198/1423/122
f 1119/691/665 1607/689/663 1117/693/667
f 1607/689/663 1115/688/662 1117/693/667
f 1117/693/667 198/1423/122 199/1424/1854
f 1118/694/668 1117/693/667 199/1424/1854
f 1119/691/665 1117/693/667 1120/695/669
f 1118/694/668 199/1424/1854 200/697/671
f 1125/703/677 1126/704/678 31/701/675 1123/700/674
f 1121/699/673 200/697/671 201/1425/1849
f 1122/698/672 1120/695/669 1123/700/674
f 1121/699/673 201/1425/1849 202/1426/114
f 30/747/716 1122/698/672 31/701/675
f 1121/699/673 202/1426/114 842/1427/1852
f 1124/702/676 1121/699/673 842/1427/1852
f 1127/707/680 1128/1428/1867 1126/704/678 1125/703/677
f 1124/702/676 842/1427/1852 203/1429/1851
f 1124/702/676 203/1429/1851 204/706/57
f 1128/1428/1867 33/760/729 32/705/679 1126/704/678
f 1131/710/682 34/711/683 1128/1428/1867 1127/707/680
f 1129/709/681 205/708/104 206/1430/1850
f 208/1431/1847 1130/716/688 1129/709/681 207/1432/1848
f 33/760/729 1128/1428/1867 34/711/683
f 1129/709/681 206/1430/1850 207/1432/1848
f 1131/710/682 1129/709/681 1130/716/688
f 1133/715/687 1134/1433/1868 1132/712/684 1131/710/682
f 1130/716/688 208/1431/1847 209/717/97
f 1134/1433/1868 36/816/785 35/713/685 1132/712/684
f 1136/719/690 1137/723/694 1134/1433/1868 1133/715/687
f 1131/710/682 1130/716/688 210/714/686
f 1133/715/687 210/714/686 211/718/689
f 1137/723/694 37/825/794 36/816/785 1134/1433/1868
f 1135/720/691 1138/724/695 1139/722/693 1136/719/690
f 1135/720/691 211/718/689 212/1434/1846
f 1135/720/691 212/1434/1846 213/1435/1845
f 1143/732/703 1144/730/701 40/729/700 1142/728/699
f 37/825/794 1137/723/694 38/721/692
f 1135/720/691 213/1435/1845 214/1436/1844
f 1138/724/695 1135/720/691 214/1436/1844
f 1141/727/698 38/721/692 1139/722/693
f 1138/724/695 214/1436/1844 215/1437/1842
f 1140/725/696 1138/724/695 215/1437/1842
f 1140/725/696 215/1437/1842 216/1438/87
f 1142/728/699 1139/722/693 1140/725/696
f 39/726/697 1141/727/698 40/729/700
f 1140/725/696 216/1438/87 217/1439/1843
f 1142/728/699 1140/725/696 217/1439/1843
f 1145/734/704 1146/1440/1869 1144/730/701 1143/732/703
f 1142/728/699 217/1439/1843 218/1441/85
f 219/733/80 1142/728/699 218/1441/85
f 1146/1440/1869 42/767/736 41/731/702 1144/730/701
f 1150/735/705 1148/739/708 1146/1440/1869 1145/734/704
f 1145/734/704 219/733/80 220/1442/77
f 1145/734/704 220/1442/77 221/736/74
f 1148/739/708 43/806/775 42/767/736 1146/1440/1869
f 1112/683/657 44/743/712 43/806/775 1148/739/708
f 1147/737/706 221/736/74 843/1443/71
f 1147/737/706 843/1443/71 222/1444/67
f 1149/738/707 1147/737/706 222/1444/67
f 233/779/748 230/780/749 1154/837/806 1155/839/808
f 1149/738/707 222/1444/67 223/1445/65
f 1112/683/657 1150/735/705 1113/680/654
f 1149/738/707 223/1445/65 194/681/655
f 271/741/710 1174/740/709 224/835/804
f 236/745/714 1182/744/713 237/751/720
f 257/749/718 1196/748/717 259/753/722
f 237/751/720 1183/750/719 239/755/724
f 259/753/722 1197/752/721 260/757/726
f 239/755/724 1184/754/723 240/759/728
f 260/757/726 1198/756/725 262/762/731
f 240/759/728 1185/758/727 242/764/733
f 262/762/731 1199/761/730 263/766/735
f 242/764/733 1186/763/732 243/769/738
f 263/766/735 1200/765/734 265/771/740
f 243/769/738 1187/768/737 245/773/742
f 265/771/740 1201/770/739 266/805/774
f 245/773/742 1188/772/741 247/808/777
f 1609/777/746 1608/1446/1870 1173/775/744
f 1610/781/750 1608/1446/1870 1609/777/746
f 1611/783/752 1608/1446/1870 1610/781/750
f 1612/787/756 1608/1446/1870 1611/783/752
f 1613/789/758 1608/1446/1870 1612/787/756
f 1614/791/760 1608/1446/1870 1613/789/758
f 1615/795/764 1608/1446/1870 1614/791/760
f 1170/799/768 1608/1446/1870 1615/795/764
f 1173/775/744 1608/1446/1870 1170/799/768
f 1609/777/746 1173/775/744 227/774/743
f 1610/781/750 1609/777/746 233/779/748
f 244/785/754 1612/787/756 1611/783/752
f 1615/795/764 1614/791/760 258/793/762
f 1170/799/768 1615/795/764 264/797/766
f 1173/775/744 1170/799/768 270/801/770
f 266/805/774 1202/804/773 268/813/782
f 247/808/777 1189/807/776 248/815/784
f 226/810/779 1178/809/778 228/818/787
f 268/813/782 1203/812/781 269/819/788
f 248/815/784 1190/814/783 250/821/790
f 228/818/787 1179/817/786 229/822/791
f 269/819/788 1176/742/711 271/741/710
f 250/821/790 1191/820/789 251/824/793
f 1179/817/786 27/692/666 229/822/791
f 229/822/791 28/690/664 231/838/807
f 251/824/793 1192/823/792 253/829/798
f 28/690/664 29/696/670 231/838/807
f 231/838/807 29/696/670 232/831/800
f 225/826/795 1177/811/780 226/810/779
f 253/829/798 1193/828/797 254/832/801
f 232/831/800 1180/830/799 234/833/802
f 254/832/801 1194/210/210 256/209/209
f 234/833/802 1181/746/715 236/745/714
f 272/803/772 1151/776/745 1173/775/744
f 1151/776/745 1152/836/805 227/774/743
f 1153/778/747 1154/837/806 230/780/749
f 1153/778/747 230/780/749 1609/777/746
f 235/782/751 233/779/748 1155/839/808 1156/840/809
f 238/784/753 235/782/751 1156/840/809 1157/841/810
f 241/786/755 238/784/753 1157/841/810 1158/842/811
f 235/782/751 238/784/753 1610/781/750
f 244/785/754 241/786/755 1158/842/811 1159/843/812
f 238/784/753 241/786/755 1611/783/752
f 246/788/757 244/785/754 1159/843/812 1160/844/813
f 249/790/759 246/788/757 1160/844/813 1161/845/814
f 270/801/770 267/802/771 1169/851/820 1171/852/821
f 246/788/757 249/790/759 1612/787/756
f 1161/845/814 1162/846/815 249/790/759
f 249/790/759 252/792/761 1613/789/758
f 1162/846/815 1163/847/816 252/792/761
f 252/792/761 255/794/763 1614/791/760
f 1163/847/816 1164/848/817 255/794/763
f 1165/796/765 1166/849/818 261/798/767
f 1165/796/765 261/798/767 1615/795/764
f 1166/849/818 1167/850/819 261/798/767
f 1168/800/769 1169/851/820 267/802/771
f 1168/800/769 267/802/771 1170/799/768
f 272/803/772 270/801/770 1171/852/821 1172/834/803
f 286/1447/347 1230/1448/1871 1234/1449/1872 285/1450/378
f 224/835/804 1175/827/796 225/826/795
f 1210/855/824 1211/854/823 1209/1451/1873
f 1209/1451/1874 273/857/826 1208/859/1875
f 1213/862/831 70/861/830 1212/1452/1876
f 1212/1452/1877 1214/944/894 276/895/362
f 56/893/856 1204/860/829 1213/862/831
f 1214/944/894 275/943/364 276/895/362
f 50/865/834 1216/864/833 1215/1453/1878
f 1215/1453/1879 1217/947/895 278/1454/387
f 1217/947/895 277/946/391 278/1454/387
f 1220/868/837 1221/867/836 1219/1455/1880
f 1219/1455/1881 1222/870/1882 1218/872/1883
f 1222/870/839 826/948/60 788/871/840
f 1225/923/881 1261/950/897 1224/1456/1884
f 1224/1456/1884 280/874/842 1223/876/1885
f 72/922/880 1261/950/897 1225/923/881
f 1262/879/846 1616/878/845 1227/1457/1886
f 1227/1457/1886 281/881/399 1226/880/847
f 1618/885/850 47/884/849 1229/1458/1887
f 1229/1458/1887 283/886/383 1228/888/851
f 1232/891/854 1233/890/853 1231/1459/1888
f 1231/1459/1888 1234/1449/1889 1230/1448/1871
f 1235/897/1890 1244/1460/1891 1212/1452/1877 276/895/362
f 57/894/857 1213/862/831 1244/1460/1892
f 1213/862/831 1212/1452/1876 1244/1460/1892
f 288/1461/1861 1245/1462/1893 1215/1453/1879 278/1454/387
f 1236/900/860 50/865/834 1245/1462/1894
f 50/865/834 1215/1453/1878 1245/1462/1894
f 1237/903/1895 1248/1463/1896 1219/1455/1881 1218/872/1883
f 1238/902/862 1220/868/837 1248/1463/1897
f 1220/868/837 1219/1455/1880 1248/1463/1897
f 1234/1449/1889 1231/1459/1888 1239/904/864 1240/940/1898
f 1233/890/853 1239/904/864 1231/1459/1888
f 285/1450/378 1234/1449/1872 1240/940/893 289/941/376
f 1241/906/866 1251/1464/1899 1227/1457/1886 1226/880/847
f 1242/917/875 1262/879/846 1251/1464/1900
f 1262/879/846 1227/1457/1886 1251/1464/1900
f 291/1465/1860 1252/1466/1901 1229/1458/1887 1228/888/851
f 54/916/874 1262/879/846 1242/917/875
f 48/920/878 1618/885/850 1252/1466/1902
f 1618/885/850 1229/1458/1887 1252/1466/1902
f 273/857/826 1209/1451/1874 1231/1459/1888 1230/1448/1871
f 1228/888/851 284/887/416 291/1465/1860
f 1211/854/823 1232/891/854 1209/1451/1873
f 1232/891/854 1231/1459/1888 1209/1451/1873
f 292/1467/369 1243/1468/1903 1235/897/858 287/898/360
f 1230/1448/1871 286/1447/347 273/857/826
f 71/927/883 57/894/857 1244/1460/1892
f 1244/1460/1891 1235/897/1890 1243/1468/1904
f 295/925/395 1249/1469/1905 1224/1456/1884 1223/876/1885
f 1246/909/869 1236/900/860 1245/1462/1894
f 1245/1462/1893 288/1461/1861 293/931/352
f 65/936/889 1238/902/862 1248/1463/1897
f 1248/1463/1896 1237/903/1895 1247/911/870
f 65/936/889 45/901/861 1238/902/862
f 1237/903/863 279/873/406 807/910/372
f 1250/915/873 60/914/872 1249/1469/1906
f 1249/1469/1905 295/925/395 296/938/891
f 55/918/876 1242/917/875 1251/1464/1900
f 1251/1464/1899 1241/906/866 297/942/404
f 1241/906/866 290/907/867 297/942/404
f 1619/921/879 48/920/878 1252/1466/1902
f 1252/1466/1901 291/1465/1860 298/945/392
f 60/914/872 1225/923/881 1249/1469/1906
f 1225/923/881 1224/1456/1884 1249/1469/1906
f 1253/1470/1907 1254/928/884 1244/1460/1891 1243/1468/1904
f 1223/876/843 789/875/414 823/924/396
f 71/927/883 1244/1460/1892 1254/928/884
f 299/1471/368 1253/1470/1907 1243/1468/1903 292/1467/369
f 1255/933/1908 1256/930/886 1245/1462/1893 293/931/352
f 1246/909/869 1245/1462/1894 1256/930/886
f 301/1472/1862 1257/937/890 1248/1463/1896 1247/911/870
f 65/936/889 1248/1463/1897 1257/937/890
f 1240/940/1898 1239/904/864 1249/1469/1905 296/938/891
f 46/952/899 1206/935/888 1257/937/890
f 1247/911/870 294/912/374 301/1472/1862
f 1250/915/873 1249/1469/1906 1239/904/864
f 1214/944/894 1212/1452/1877 1251/1464/1899 297/942/404
f 70/861/830 55/918/876 1212/1452/1876
f 55/918/876 1251/1464/1900 1212/1452/1876
f 1217/947/895 1215/1453/1879 1252/1466/1901 298/945/392
f 1216/864/833 1619/921/879 1215/1453/1878
f 1619/921/879 1252/1466/1902 1215/1453/1878
f 1222/870/1882 1219/1455/1881 1209/1451/1874 1208/859/1875
f 1221/867/836 1210/855/824 1219/1455/1880
f 1210/855/824 1209/1451/1873 1219/1455/1880
f 280/874/842 1224/1456/1884 1254/928/884 1253/1470/1907
f 1208/859/828 274/858/827 826/948/60
f 1261/950/897 1254/928/884 1224/1456/1884
f 281/881/399 1227/1457/1886 1256/930/886 1255/933/1908
f 1253/1470/1907 299/1471/368 280/874/842
f 1616/878/845 1256/930/886 1227/1457/1886
f 283/886/383 1229/1458/1887 1257/937/890 301/1472/1862
f 47/884/849 1257/937/890 1229/1458/1887
f 307/1473/1909 50/865/834 51/899/859 319/1474/1910
f 1271/957/904 1273/954/901 1274/953/900
f 59/949/896 311/971/918 310/1475/1911
f 59/949/896 1261/950/897 311/971/918
f 46/952/899 314/1476/1912 333/964/911
f 46/952/899 47/884/849 314/1476/1912
f 60/914/872 328/973/920 327/1477/1913
f 60/914/872 61/913/871 328/973/920
f 1616/878/845 313/1478/1914 312/965/912
f 1616/878/845 69/877/844 313/1478/1914
f 54/916/874 329/1479/1915 322/966/913
f 54/916/874 55/918/876 329/1479/1915
f 47/884/849 1258/967/914 314/1476/1912
f 48/920/878 330/974/921 323/1480/1916
f 48/920/878 49/919/877 330/974/921
f 62/892/855 1259/969/916 316/1481/1917
f 72/922/880 327/1477/1913 311/971/918
f 72/922/880 60/914/872 327/1477/1913
f 56/893/856 318/1482/1918 305/1483/1919
f 56/893/856 57/894/857 318/1482/1918
f 58/926/882 331/1484/1920 324/972/919
f 325/1485/1921 68/908/868 52/929/885 332/1486/1922
f 326/1399/1858 65/936/889 1206/935/888 333/964/911
f 1220/868/837 320/1400/1859 309/1487/1923
f 1220/868/837 45/901/861 320/1400/1859
f 321/1488/1924 1617/905/865 62/892/855 316/1481/1917
f 302/1489/1925 73/856/825 64/853/822 303/1490/1926
f 1617/905/865 321/1488/1924 328/973/920
f 69/877/844 322/966/913 313/1478/1914
f 69/877/844 1262/879/846 322/966/913
f 55/918/876 304/975/922 329/1479/1915
f 55/918/876 70/861/830 304/975/922
f 1618/885/850 323/1480/1916 315/968/915
f 1618/885/850 48/920/878 323/1480/1916
f 317/970/917 63/889/852 73/856/825 302/1489/1925
f 1619/921/879 306/1491/1927 330/974/921
f 1619/921/879 67/863/832 306/1491/1927
f 331/1484/1920 58/926/882 59/949/896 310/1475/1911
f 1204/860/829 305/1483/1919 304/975/922
f 1204/860/829 56/893/856 305/1483/1919
f 64/853/822 1260/976/923 303/1490/1926
f 57/894/857 324/972/919 318/1482/1918
f 57/894/857 71/927/883 324/972/919
f 67/863/832 307/1473/1909 306/1491/1927
f 67/863/832 50/865/834 307/1473/1909
f 319/1474/1910 51/899/859 68/908/868 325/1485/1921
f 1264/1492/1928 1281/989/936 334/1493/1929 335/1494/1930
f 1205/866/835 309/1487/1923 308/977/924
f 1205/866/835 1220/868/837 309/1487/1923
f 52/929/885 312/965/912 332/1486/1922
f 52/929/885 53/951/898 312/965/912
f 303/1490/1926 1281/989/936 1264/1492/1928 302/1489/1925
f 305/1483/1919 1282/1495/1931 1265/1496/1932 304/975/922
f 336/1497/1933 337/1498/1934 1282/1495/1931
f 307/1473/1909 1283/1499/1935 1267/979/926 306/1491/1927
f 338/978/925 339/1500/1936 1267/979/926
f 309/1487/1923 1284/1501/1937 1620/982/929 308/977/924
f 1290/980/927 1267/979/926 1283/1499/1935
f 340/981/928 341/988/935 1620/982/929
f 1268/1502/1938 1277/1503/1939 342/1504/1940 343/1505/1941
f 1291/983/930 1620/982/929 1284/1501/1937
f 311/971/918 1285/1506/1942 1268/1502/1938 310/1475/1911
f 1277/1503/1939 1268/1502/1938 1285/1506/1942
f 1270/1507/1943 1292/1508/1944 344/1509/1945 345/1510/1946
f 313/1478/1914 1286/1511/1947 1270/1507/1943 312/965/912
f 1292/1508/1944 1270/1507/1943 1286/1511/1947
f 1282/1495/1931 1294/1512/1948 350/1513/1949 336/1497/1933
f 346/1514/1950 347/990/937 1287/984/931
f 348/1515/1951 349/1516/1952 1288/985/932
f 318/1482/1918 1289/1517/1953 1282/1495/1931 305/1483/1919
f 1294/1512/1948 1282/1495/1931 1289/1517/1953
f 319/1474/1910 1290/980/927 1283/1499/1935 307/1473/1909
f 351/1037/984 338/978/925 1290/980/927
f 320/1400/1859 1291/983/930 1284/1501/1937 309/1487/1923
f 352/1518/1954 340/981/928 1291/983/930
f 1275/1519/1955 1288/985/932 349/1516/1952 353/1520/1956
f 316/1481/1917 1259/969/916 1275/1519/1955 321/1488/1924
f 1288/985/932 1275/1519/1955 1259/969/916
f 322/966/913 1292/1508/1944 1286/1511/1947 313/1478/1914
f 354/1521/1957 344/1509/1945 1292/1508/1944
f 1287/984/931 1293/987/934 355/1522/1958 346/1514/1950
f 323/1480/1916 1293/987/934 1287/984/931 315/968/915
f 1288/985/932 1264/1492/1928 335/1494/1930 348/1515/1951
f 302/1489/1925 1264/1492/1928 1288/985/932 317/970/917
f 324/972/919 1294/1512/1948 1289/1517/1953 318/1482/1918
f 356/1523/1959 350/1513/1949 1294/1512/1948
f 1290/980/927 1301/1524/1960 357/1525/1961 351/1037/984
f 325/1485/1921 1295/1526/1962 1290/980/927 319/1474/1910
f 1301/1524/1960 1290/980/927 1295/1526/1962
f 1291/983/930 1296/1527/1963 358/1528/1964 352/1518/1954
f 326/1399/1858 1296/1527/1963 1291/983/930 320/1400/1859
f 1277/1503/1939 1275/1519/1955 359/1529/1965 360/1530/1966
f 328/973/920 1297/1531/1967 1277/1503/1939 327/1477/1913
f 1275/1519/1955 1277/1503/1939 1297/1531/1967
f 1292/1508/1944 1298/1532/1968 361/1533/1969 354/1521/1957
f 329/1479/1915 1298/1532/1968 1292/1508/1944 322/966/913
f 330/974/921 1299/1534/1970 1293/987/934 323/1480/1916
f 362/986/933 355/1522/1958 1293/987/934
f 327/1477/1913 1277/1503/1939 1285/1506/1942 311/971/918
f 1267/979/926 1293/987/934 1299/1534/1970
f 360/1530/1966 342/1504/1940 1277/1503/1939
f 1294/1512/1948 1268/1502/1938 363/1535/1971 356/1523/1959
f 331/1484/1920 1300/1536/1972 1294/1512/1948 324/972/919
f 1268/1502/1938 1294/1512/1948 1300/1536/1972
f 332/1486/1922 1301/1524/1960 1295/1526/1962 325/1485/1921
f 364/1537/1973 357/1525/1961 1301/1524/1960
f 1296/1527/1963 1302/991/938 365/1538/1974 358/1528/1964
f 333/964/911 1302/991/938 1296/1527/1963 326/1399/1858
f 321/1488/1924 1275/1519/1955 1297/1531/1967 328/973/920
f 353/1520/1956 359/1529/1965 1275/1519/1955
f 1298/1532/1968 1282/1495/1931 337/1498/1934 361/1533/1969
f 304/975/922 1265/1496/1932 1298/1532/1968 329/1479/1915
f 1282/1495/1931 1298/1532/1968 1265/1496/1932
f 306/1491/1927 1267/979/926 1299/1534/1970 330/974/921
f 339/1500/1936 362/986/933 1267/979/926
f 1260/976/923 1620/982/929 1281/989/936 303/1490/1926
f 341/988/935 334/1493/1929 1281/989/936
f 310/1475/1911 1268/1502/1938 1300/1536/1972 331/1484/1920
f 343/1505/1941 363/1535/1971 1268/1502/1938
f 1301/1524/1960 1270/1507/1943 345/1510/1946 364/1537/1973
f 312/965/912 1270/1507/1943 1301/1524/1960 332/1486/1922
f 314/1476/1912 1258/967/914 1302/991/938 333/964/911
f 347/990/937 365/1538/1974 1302/991/938
f 1318/1057/1015 376/1057/1975 1303/1057/1976 1319/1057/1083
f 1287/984/931 1302/991/938 1258/967/914
f 1621/993/940 365/1538/1974 347/990/937
f 1642/994/941 1621/993/940 347/990/937
f 1622/997/944 364/1537/1973 345/1510/1946
f 1643/998/945 1622/997/944 345/1510/1946
f 1623/1001/948 363/1535/1971 343/1505/1941
f 1644/1002/949 1623/1001/948 343/1505/1941
f 1624/1005/952 334/1493/1929 341/988/935
f 1645/1006/953 1624/1005/952 341/988/935
f 1625/1009/956 362/986/933 339/1500/1936
f 1646/1010/957 1625/1009/956 339/1500/1936
f 1626/1013/960 361/1533/1969 337/1498/1934
f 1647/1014/961 1626/1013/960 337/1498/1934
f 1354/1017/964 359/1529/1965 353/1520/1956
f 1639/1018/965 1354/1017/964 353/1520/1956
f 1627/1020/967 358/1528/1964 365/1538/1974
f 1621/993/940 1627/1020/967 365/1538/1974
f 1628/1022/969 357/1525/1961 364/1537/1973
f 1622/997/944 1628/1022/969 364/1537/1973
f 1629/1024/971 356/1523/1959 363/1535/1971
f 1623/1001/948 1629/1024/971 363/1535/1971
f 1630/1027/974 342/1504/1940 360/1530/1966
f 1633/1028/975 1630/1027/974 360/1530/1966
f 1625/1009/956 497/1030/977 1631/1045/992
f 1631/1045/992 355/1522/1958 362/986/933
f 1625/1009/956 1631/1045/992 362/986/933
f 1632/1031/978 354/1521/1957 361/1533/1969
f 1626/1013/960 1632/1031/978 361/1533/1969
f 1354/1017/964 516/1026/973 1633/1028/975
f 1633/1028/975 360/1530/1966 359/1529/1965
f 1354/1017/964 1633/1028/975 359/1529/1965
f 1634/1033/980 352/1518/1954 358/1528/1964
f 1627/1020/967 1634/1033/980 358/1528/1964
f 1355/1035/982 351/1037/984 357/1525/1961
f 1628/1022/969 1355/1035/982 357/1525/1961
f 1635/1038/985 350/1513/1949 356/1523/1959
f 1629/1024/971 1635/1038/985 356/1523/1959
f 1636/1041/988 348/1515/1951 335/1494/1930
f 1648/1042/989 1636/1041/988 335/1494/1930
f 1637/1044/991 346/1514/1950 355/1522/1958
f 1631/1045/992 1637/1044/991 355/1522/1958
f 1638/1047/994 344/1509/1945 354/1521/1957
f 1632/1031/978 1638/1047/994 354/1521/1957
f 1639/1018/965 353/1520/1956 349/1516/1952
f 1641/1050/997 1639/1018/965 349/1516/1952
f 1352/1051/998 340/981/928 352/1518/1954
f 1634/1033/980 1352/1051/998 352/1518/1954
f 1353/1036/983 338/978/925 351/1037/984
f 1640/1055/1002 336/1497/1933 350/1513/1949
f 1635/1038/985 1640/1055/1002 350/1513/1949
f 1641/1050/997 349/1516/1952 348/1515/1951
f 1636/1041/988 1641/1050/997 348/1515/1951
f 1642/994/941 347/990/937 346/1514/1950
f 1637/1044/991 1642/994/941 346/1514/1950
f 1643/998/945 345/1510/1946 344/1509/1945
f 1638/1047/994 1643/998/945 344/1509/1945
f 1644/1002/949 343/1505/1941 342/1504/1940
f 1630/1027/974 1644/1002/949 342/1504/1940
f 1352/1051/998 510/1004/951 1645/1006/953
f 1645/1006/953 341/988/935 340/981/928
f 1352/1051/998 1645/1006/953 340/981/928
f 1646/1010/957 339/1500/1936 338/978/925
f 1353/1036/983 1646/1010/957 338/978/925
f 1647/1014/961 337/1498/1934 336/1497/1933
f 1640/1055/1002 1647/1014/961 336/1497/1933
f 1648/1042/989 335/1494/1930 334/1493/1929
f 1624/1005/952 1648/1042/989 334/1493/1929
f 1327/1057/1007 449/1057/1004 422/1057/1006
f 375/1057/1009 461/1057/1166 471/1057/1010
f 375/1057/1009 373/1057/1167 461/1057/1166
f 471/1057/1010 461/1057/1166 484/1057/1163
f 462/1057/1019 1328/1057/1022 380/1057/1023 1305/1057/1977
f 377/1057/1012 376/1057/1975 1318/1057/1015
f 378/1057/1016 379/1057/1978 1316/1057/1014
f 379/1057/1978 377/1057/1012 1316/1057/1014
f 444/1057/1017 1316/1057/1014 1351/1057/1159
f 462/1057/1019 444/1057/1017 443/1057/1020
f 1305/1057/1977 1304/1057/1018 462/1057/1019
f 1304/1057/1018 378/1057/1016 444/1057/1017
f 421/1057/1091 420/1057/1005 449/1057/1004 460/1057/1089
f 453/1057/1027 1320/1057/1024 1331/1057/1026
f 1649/1057/1029 1332/1057/1979 1330/1057/1028
f 1332/1057/1979 453/1057/1027 1330/1057/1028
f 1330/1057/1028 1331/1057/1026 439/1057/1156
f 463/1057/1030 1321/1057/1032 1333/1057/1033
f 438/1057/1031 1330/1057/1028 439/1057/1156
f 1321/1057/1032 438/1057/1031 482/1057/1154
f 1321/1057/1032 482/1057/1154 435/1057/1035
f 1306/1057/1038 1322/1057/1034 435/1057/1035
f 1322/1057/1034 1321/1057/1032 435/1057/1035
f 1307/1057/1039 455/1057/1037 1650/1057/1040
f 455/1057/1037 432/1057/1036 1650/1057/1040
f 1651/1057/1041 1650/1057/1040 464/1057/1043
f 1650/1057/1040 432/1057/1036 371/1057/1045
f 381/1057/1980 1651/1057/1041 464/1057/1043
f 464/1057/1043 1650/1057/1040 371/1057/1045
f 457/1057/1042 381/1057/1980 464/1057/1043
f 1324/1057/1050 382/1057/1046 1323/1057/1047
f 465/1057/1052 1308/1057/1049 1323/1057/1047
f 465/1057/1052 1323/1057/1047 1315/1057/1048
f 372/1057/1053 465/1057/1052 1315/1057/1048
f 384/1057/1054 383/1057/1051 372/1057/1053
f 383/1057/1051 1308/1057/1049 465/1057/1052
f 1309/1057/1058 384/1057/1054 1334/1057/1055
f 1311/1057/1981 430/1057/1982 1325/1057/1983
f 1312/1057/1061 430/1057/1982 1311/1057/1981
f 1312/1057/1061 1335/1057/1060 430/1057/1982
f 1335/1057/1060 1664/1057/1056 430/1057/1982
f 1325/1057/1983 430/1057/1982 1336/1057/1984
f 1336/1057/1984 467/1057/1063 1325/1057/1983
f 1325/1057/1983 467/1057/1063 423/1057/1985
f 429/1057/1082 470/1057/1081 1336/1057/1984
f 1336/1057/1984 470/1057/1081 467/1057/1063
f 1313/1057/1064 467/1057/1063 470/1057/1081
f 416/1057/1062 423/1057/1985 467/1057/1063
f 1311/1057/1981 1325/1057/1983 423/1057/1985
f 1326/1057/1066 388/1057/1072 426/1057/1070
f 469/1057/1073 450/1057/1067 425/1057/1074
f 386/1057/1986 459/1057/1078 1337/1057/1077
f 386/1057/1986 385/1057/1987 459/1057/1078
f 417/1057/1988 386/1057/1986 1337/1057/1077
f 418/1057/1086 459/1057/1078 385/1057/1987
f 387/1057/1071 470/1057/1081 426/1057/1070
f 1303/1057/1976 448/1057/1011 1319/1057/1083
f 471/1057/1010 484/1057/1163 445/1057/1084
f 424/1057/1090 460/1057/1089 449/1057/1004
f 397/1057/1145 396/1057/1989 477/1057/1160 1662/1057/1161
f 460/1057/1089 1339/1057/1085 421/1057/1091
f 1348/1057/1092 414/1057/1096 415/1057/1990
f 1348/1057/1092 415/1057/1990 370/1057/1093
f 481/1057/1080 370/1057/1093 1337/1057/1077
f 472/1057/1094 1340/1057/1102 473/1057/1097
f 472/1057/1094 473/1057/1097 412/1057/1095
f 473/1057/1097 1652/1057/1101 369/1057/1098
f 1653/1057/1100 1341/1057/1104 458/1057/1106
f 1653/1057/1100 458/1057/1106 368/1057/1108
f 1653/1057/1100 368/1057/1108 1654/1057/1103
f 1342/1057/1105 1343/1057/1110 410/1057/1109
f 458/1057/1106 410/1057/1109 411/1057/1107
f 1343/1057/1110 409/1057/1112 410/1057/1109
f 1343/1057/1110 1344/1057/1113 367/1057/1111
f 1345/1057/1116 407/1057/1991 408/1057/1114
f 1344/1057/1113 1345/1057/1116 408/1057/1114
f 433/1057/1115 434/1057/1117 1345/1057/1116
f 1345/1057/1116 1314/1057/1118 407/1057/1991
f 434/1057/1117 1655/1057/1992 1314/1057/1118
f 434/1057/1117 1656/1057/1120 1655/1057/1992
f 454/1057/1124 406/1057/1126 436/1057/1119
f 436/1057/1119 406/1057/1126 366/1057/1121
f 1658/1057/1123 405/1057/1125 454/1057/1124
f 1657/1057/1122 404/1057/1128 1659/1057/1129
f 474/1057/1127 403/1057/1993 402/1057/1130
f 474/1057/1127 401/1057/1134 403/1057/1993
f 475/1057/1131 452/1057/1135 1660/1057/1133
f 1660/1057/1133 452/1057/1135 400/1057/1137
f 452/1057/1135 476/1057/1138 1661/1057/1136
f 1386/1057/1219 633/1057/1355 552/1057/1994 553/1057/1222
f 399/1057/1139 477/1057/1160 396/1057/1989
f 476/1057/1138 477/1057/1160 399/1057/1139
f 483/1057/1162 478/1057/1143 1662/1057/1161
f 483/1057/1162 451/1057/1141 478/1057/1143
f 478/1057/1143 394/1057/1142 395/1057/1144
f 1662/1057/1161 478/1057/1143 397/1057/1145
f 1346/1057/1151 392/1057/1146 451/1057/1141
f 1347/1057/1147 391/1057/1995 393/1057/1150
f 1347/1057/1147 1327/1057/1007 1663/1057/1008
f 1347/1057/1147 1663/1057/1008 391/1057/1995
f 479/1057/1148 393/1057/1150 392/1057/1146
f 1346/1057/1151 479/1057/1148 392/1057/1146
f 1336/1057/1984 481/1057/1080 1338/1057/1076
f 424/1057/1090 449/1057/1004 425/1057/1074
f 424/1057/1090 425/1057/1074 468/1057/1068
f 427/1057/1079 426/1057/1070 429/1057/1082
f 1336/1057/1984 1338/1057/1076 429/1057/1082
f 481/1057/1080 430/1057/1982 1664/1057/1056
f 481/1057/1080 1336/1057/1984 430/1057/1982
f 1349/1057/1152 1664/1057/1056 1334/1057/1055
f 1341/1057/1104 1340/1057/1102 1349/1057/1152
f 1315/1057/1048 1349/1057/1152 372/1057/1053
f 1344/1057/1113 1343/1057/1110 1342/1057/1105
f 371/1057/1045 431/1057/1153 456/1057/1044
f 431/1057/1153 371/1057/1045 432/1057/1036
f 433/1057/1115 432/1057/1036 435/1057/1035
f 433/1057/1115 435/1057/1035 482/1057/1154
f 436/1057/1119 482/1057/1154 437/1057/1155
f 437/1057/1155 438/1057/1031 439/1057/1156
f 454/1057/1124 436/1057/1119 437/1057/1155
f 437/1057/1155 482/1057/1154 438/1057/1031
f 1657/1057/1122 437/1057/1155 440/1057/1132
f 454/1057/1124 437/1057/1155 1657/1057/1122
f 474/1057/1127 1657/1057/1122 440/1057/1132
f 440/1057/1132 441/1057/1157 475/1057/1131
f 441/1057/1157 1329/1057/1025 442/1057/1021
f 452/1057/1135 475/1057/1131 441/1057/1157
f 443/1057/1020 441/1057/1157 442/1057/1021
f 1662/1057/1161 477/1057/1160 1351/1057/1159
f 445/1057/1084 1317/1057/1013 1318/1057/1015
f 446/1057/1149 483/1057/1162 484/1057/1163
f 1346/1057/1151 451/1057/1141 446/1057/1149
f 451/1057/1141 483/1057/1162 446/1057/1149
f 480/1057/1164 484/1057/1163 461/1057/1166
f 1347/1057/1147 446/1057/1149 425/1057/1074
f 425/1057/1074 480/1057/1164 447/1057/1075
f 374/1057/1165 447/1057/1075 461/1057/1166
f 374/1057/1165 469/1057/1073 447/1057/1075
f 499/1023/970 494/1053/1000 1355/1035/982
f 1274/953/900 500/1021/968 1271/957/904
f 1391/1057/1169 535/1057/1996 612/1057/1242
f 535/1057/1996 532/1057/1243 612/1057/1242
f 1392/1057/1170 1391/1057/1169 612/1057/1242
f 1380/1057/1997 559/1057/1168 1392/1057/1170
f 1392/1057/1170 612/1057/1242 596/1057/1349
f 608/1057/1250 1392/1057/1170 596/1057/1349
f 1356/1057/1171 527/1057/1998 618/1057/1172
f 1682/1057/1333 615/1057/1178 593/1057/1177
f 1357/1057/1179 1358/1057/1182 628/1057/1180
f 1358/1057/1182 1359/1057/1173 618/1057/1172
f 628/1057/1180 618/1057/1172 1379/1057/1175
f 628/1057/1180 1379/1057/1175 1687/1057/1360
f 628/1057/1180 1687/1057/1360 638/1057/1265
f 1393/1057/1185 1665/1057/1184 605/1057/1268
f 619/1057/1183 1362/1057/1267 1665/1057/1184
f 537/1057/1999 529/1057/1190 1382/1057/1189
f 537/1057/1999 1393/1057/1185 529/1057/1190
f 537/1057/1999 619/1057/1183 1393/1057/1185
f 1393/1057/1185 605/1057/1268 529/1057/1190
f 538/1057/1186 529/1057/1190 1383/1057/1187
f 1383/1057/1187 1378/1057/1191 629/1057/1193
f 541/1057/1199 539/1057/1195 629/1057/1193
f 1384/1057/1188 1383/1057/1187 540/1057/1194
f 543/1057/1196 541/1057/1199 1394/1057/1197
f 1394/1057/1197 1377/1057/1192 604/1057/1200
f 620/1057/1206 1666/1057/1198 604/1057/1200
f 545/1057/1202 1666/1057/1198 620/1057/1206
f 544/1057/1203 620/1057/1206 630/1057/1204
f 1385/1057/1205 630/1057/1204 622/1057/1208
f 546/1057/1210 1385/1057/1205 622/1057/1208
f 630/1057/1204 1686/1057/1357 622/1057/1208
f 1363/1057/1212 1364/1057/1207 631/1057/1209
f 547/1057/1218 631/1057/1209 632/1057/1213
f 547/1057/1218 548/1057/1211 631/1057/1209
f 632/1057/1213 631/1057/1209 647/1057/1214
f 549/1057/1221 550/1057/1216 1667/1057/1217
f 1667/1057/1217 632/1057/1213 1376/1057/1215
f 1365/1057/1223 551/1057/1220 1386/1057/1219
f 1667/1057/1217 1376/1057/1215 1386/1057/1219
f 633/1057/1355 634/1057/1225 554/1057/1224 552/1057/1994
f 634/1057/1225 635/1057/1352 1411/1057/1228
f 1387/1057/1226 634/1057/1225 555/1057/1227
f 625/1057/1369 609/1057/1241 534/1057/1244 525/1057/2000
f 634/1057/1225 633/1057/1355 635/1057/1352
f 1668/1057/1231 555/1057/1227 597/1057/1229
f 555/1057/1227 634/1057/1225 1411/1057/1228
f 556/1057/1234 1388/1057/1230 1668/1057/1231
f 1375/1057/1350 1397/1057/1237 1398/1057/1239
f 1397/1057/1237 1669/1057/2001 1390/1057/1238
f 1392/1057/1170 608/1057/1250 536/1057/1251 1380/1057/1997
f 609/1057/1241 625/1057/1369 613/1057/1362
f 1670/1057/1236 530/1057/1232 1396/1057/1246
f 558/1057/1249 636/1057/1248 527/1057/1998
f 557/1057/1258 1396/1057/1246 624/1057/1255
f 528/1057/1257 1670/1057/1236 1396/1057/1246
f 636/1057/1248 608/1057/1250 1415/1057/1174
f 618/1057/1172 636/1057/1248 1415/1057/1174
f 618/1057/1172 527/1057/1998 636/1057/1248
f 560/1057/1252 637/1057/1254 1366/1057/1259
f 637/1057/1254 1399/1057/1260 1366/1057/1259
f 1675/1057/1263 595/1057/1262 610/1057/1345
f 1361/1057/1181 628/1057/1180 638/1057/1265
f 1669/1057/2001 1397/1057/1237 592/1057/2002
f 1375/1057/1350 1398/1057/1239 1410/1057/1348
f 1398/1057/1239 1672/1057/1269 1676/1057/2003
f 1369/1057/2004 1398/1057/1239 1676/1057/2003
f 1369/1057/2004 1410/1057/1348 1398/1057/1239
f 1673/1057/1272 524/1057/1271 591/1057/2005
f 1374/1057/1334 1673/1057/1272 616/1057/1273
f 1673/1057/1272 591/1057/2005 1674/1057/1274
f 1370/1057/1275 1399/1057/1260 531/1057/1276
f 1675/1057/1263 1410/1057/1348 1369/1057/2004
f 1675/1057/1263 1369/1057/2004 1671/1057/1264
f 1375/1057/1350 640/1057/1278 1397/1057/1237
f 640/1057/1278 590/1057/1280 1397/1057/1237
f 1397/1057/1237 590/1057/1280 592/1057/2002
f 522/1057/1279 1400/1057/1283 588/1057/2006
f 588/1057/2006 1400/1057/1283 589/1057/1284
f 640/1057/1278 1400/1057/1283 522/1057/1279
f 599/1057/1281 587/1057/1289 586/1057/1282
f 587/1057/1289 600/1057/1285 584/1057/1288
f 1412/1057/1353 602/1057/1290 600/1057/1285
f 602/1057/1290 521/1057/1293 583/1057/2007
f 602/1057/1290 583/1057/2007 582/1057/1286
f 602/1057/1290 1685/1057/1294 641/1057/1291
f 602/1057/1290 641/1057/1291 521/1057/1293
f 1685/1057/1294 603/1057/1298 623/1057/1295
f 641/1057/1291 623/1057/1295 579/1057/1297
f 603/1057/1298 648/1057/1356 642/1057/1299
f 623/1057/1295 642/1057/1299 578/1057/1301
f 648/1057/1356 621/1057/1303 642/1057/1299
f 642/1057/1299 576/1057/1304 520/1057/1300
f 643/1057/1306 573/1057/2008 575/1057/1307
f 621/1057/1303 575/1057/1307 1677/1057/1309
f 643/1057/1306 644/1057/1310 573/1057/2008
f 573/1057/2008 644/1057/1310 574/1057/1312
f 645/1057/1314 518/1057/1317 572/1057/2009
f 571/1057/1311 645/1057/1314 572/1057/2009
f 644/1057/1310 645/1057/1314 571/1057/1311
f 1401/1057/1313 1678/1057/1315 518/1057/1317
f 1678/1057/1315 570/1057/1321 569/1057/1316
f 1414/1057/1359 1679/1057/1318 1678/1057/1315
f 1405/1057/1329 1402/1057/1322 1679/1057/1318
f 1405/1057/1329 1403/1057/1330 1402/1057/1322
f 1405/1057/1329 1404/1057/1325 564/1057/1328
f 1405/1057/1329 606/1057/1326 1404/1057/1325
f 1406/1057/1324 1680/1057/1338 1681/1057/1331
f 1407/1057/1332 1682/1057/1333 1683/1057/1335
f 1381/1057/1337 1407/1057/1332 563/1057/1336
f 1374/1057/1334 616/1057/1273 615/1057/1178
f 639/1057/1270 517/1057/1340 562/1057/2010
f 639/1057/1270 562/1057/2010 524/1057/1271
f 614/1057/1342 1367/1057/1339 1408/1057/1341
f 1416/1057/1343 1408/1057/1341 639/1057/1270
f 1684/1057/1347 1417/1057/1346 531/1057/1276
f 646/1057/1256 1684/1057/1347 1399/1057/1260
f 1675/1057/1263 610/1057/1345 1684/1057/1347
f 1395/1057/1253 646/1057/1256 637/1057/1254
f 1375/1057/1350 1410/1057/1348 1409/1057/1245
f 1410/1057/1348 646/1057/1256 1409/1057/1245
f 1375/1057/1350 1409/1057/1245 598/1057/1351
f 1400/1057/1283 640/1057/1278 598/1057/1351
f 599/1057/1281 598/1057/1351 1412/1057/1353
f 600/1057/1285 599/1057/1281 1412/1057/1353
f 601/1057/1354 635/1057/1352 633/1057/1355
f 601/1057/1354 1386/1057/1219 1376/1057/1215
f 622/1057/1208 647/1057/1214 631/1057/1209
f 648/1057/1356 622/1057/1208 1686/1057/1357
f 620/1057/1206 1686/1057/1357 630/1057/1204
f 1413/1057/1358 1686/1057/1357 604/1057/1200
f 1413/1057/1358 649/1057/1308 1686/1057/1357
f 1377/1057/1192 1413/1057/1358 604/1057/1200
f 1401/1057/1313 644/1057/1310 1413/1057/1358
f 1401/1057/1313 1413/1057/1358 1414/1057/1359
f 1414/1057/1359 1413/1057/1358 1378/1057/1191
f 1678/1057/1315 1401/1057/1313 1414/1057/1359
f 606/1057/1326 1414/1057/1359 605/1057/1268
f 606/1057/1326 605/1057/1268 1687/1057/1360
f 607/1057/1361 1687/1057/1360 1379/1057/1175
f 1374/1057/1334 1407/1057/1332 607/1057/1361
f 1374/1057/1334 1415/1057/1174 596/1057/1349
f 596/1057/1349 1415/1057/1174 608/1057/1250
f 639/1057/1270 596/1057/1349 1416/1057/1343
f 1416/1057/1343 612/1057/1242 609/1057/1241
f 613/1057/1362 1416/1057/1343 609/1057/1241
f 595/1057/1262 594/1057/1364 610/1057/1345
f 1372/1057/1363 1373/1057/1365 610/1057/1345
f 1417/1057/1346 610/1057/1345 523/1057/1366
f 1690/1057/2011 1417/1057/1346 1689/1057/1368
f 531/1057/1276 1417/1057/1346 1690/1057/2011
f 531/1057/1276 1690/1057/2011 611/1057/1277
f 613/1057/1362 1691/1057/1370 626/1057/2012
f 613/1057/1362 626/1057/2012 627/1057/1371
f 614/1057/1342 627/1057/1371 1368/1057/1344
f 1438/1057/1408 1430/1057/1407 673/1057/1462
f 728/1057/1461 1438/1057/1408 673/1057/1462
f 659/1057/1375 1461/1057/1374 709/1057/1376
f 723/1057/1381 724/1057/1378 1439/1057/1379
f 655/1057/1382 1439/1057/1379 706/1057/1380
f 745/1057/1384 723/1057/1381 655/1057/1382
f 1440/1057/1386 657/1057/1385 1433/1057/1387
f 1433/1057/1387 657/1057/1385 1441/1057/1388
f 1460/1057/1389 1441/1057/1388 732/1057/1390
f 1460/1057/1389 732/1057/1390 705/1057/1392
f 716/1057/1497 660/1057/1393 719/1057/1394
f 703/1057/1473 716/1057/1497 719/1057/1394
f 1442/1057/1470 722/1057/1494 703/1057/1473
f 721/1057/1492 722/1057/1494 1442/1057/1470
f 733/1057/1396 721/1057/1492 1442/1057/1470
f 1431/1057/1395 721/1057/1492 733/1057/1396
f 1443/1057/1397 658/1057/1468 1444/1057/1399
f 720/1057/1398 1443/1057/1397 1444/1057/1399
f 671/1057/1400 1444/1057/1399 1445/1057/1402
f 1458/1057/1488 1445/1057/1402 1446/1057/1403
f 1700/1057/1484 711/1057/1373 725/1057/1372
f 1700/1057/1484 734/1057/1404 711/1057/1373
f 709/1057/1376 711/1057/1373 710/1057/1405
f 735/1057/1406 698/1057/1410 1430/1057/1407
f 1447/1057/1414 1426/1057/2013 1427/1057/1409
f 1447/1057/1414 1427/1057/1409 735/1057/1406
f 1447/1057/1414 697/1057/1412 1426/1057/2013
f 1693/1057/1424 1694/1057/1423 654/1057/1418
f 1693/1057/1424 654/1057/1418 1448/1057/1415
f 738/1057/1425 694/1057/1431 693/1057/1427
f 694/1057/1431 727/1057/1430 692/1057/1429
f 727/1057/1430 731/1057/1432 691/1057/1428
f 730/1057/1435 1424/1057/1439 652/1057/1434
f 730/1057/1435 1435/1057/1436 689/1057/1438
f 1435/1057/1436 1697/1057/1442 688/1057/1437
f 1450/1057/1445 686/1057/1448 687/1057/1443
f 1464/1057/1447 1422/1057/1450 686/1057/1448
f 1464/1057/1447 1437/1057/1453 685/1057/1449
f 1437/1057/1453 684/1057/1452 651/1057/1454
f 1451/1057/1457 680/1057/1459 650/1057/1455
f 1437/1057/1453 1451/1057/1457 650/1057/1455
f 740/1057/1458 1436/1057/1515 679/1057/2014
f 740/1057/1458 679/1057/2014 678/1057/2015
f 681/1057/1460 740/1057/1458 678/1057/2015
f 1436/1057/1515 677/1057/2016 679/1057/2014
f 1436/1057/1515 729/1057/1514 675/1057/2017
f 1436/1057/1515 675/1057/2017 676/1057/2018
f 677/1057/2016 1436/1057/1515 676/1057/2018
f 729/1057/1514 1698/1057/1513 675/1057/2017
f 1698/1057/1513 728/1057/1461 1452/1057/1463
f 1698/1057/1513 1452/1057/1463 674/1057/2019
f 675/1057/2017 1698/1057/1513 674/1057/2019
f 1455/1057/1482 710/1057/1405 699/1057/1464
f 1471/1057/1510 1455/1057/1482 699/1057/1464
f 699/1057/1464 710/1057/1405 734/1057/1404
f 1469/1057/1521 1428/1057/1466 700/1057/1465
f 700/1057/1465 1446/1057/1403 1434/1057/1401
f 1469/1057/1521 700/1057/1465 741/1057/1467
f 741/1057/1467 1434/1057/1401 658/1057/1468
f 701/1057/1471 741/1057/1467 658/1057/1468
f 1467/1057/1519 741/1057/1467 701/1057/1471
f 1442/1057/1470 658/1057/1468 733/1057/1396
f 749/1057/1475 1699/1057/1474 1453/1057/1391
f 714/1057/1518 704/1057/1476 1466/1057/1446
f 704/1057/1476 1441/1057/1388 742/1057/1477
f 742/1057/1477 1441/1057/1388 657/1057/1385
f 742/1057/1477 657/1057/1385 1454/1057/1480
f 1454/1057/1480 657/1057/1385 656/1057/1383
f 748/1057/1517 742/1057/1477 1454/1057/1480
f 706/1057/1380 1454/1057/1480 656/1057/1383
f 1429/1057/1516 748/1057/1517 1454/1057/1480
f 1463/1057/2020 1429/1057/1516 1454/1057/1480
f 743/1057/1481 1454/1057/1480 706/1057/1380
f 707/1057/1479 1463/1057/2020 1454/1057/1480
f 743/1057/1481 706/1057/1380 718/1057/1377
f 708/1057/2021 707/1057/1479 743/1057/1481
f 747/1057/1512 743/1057/1481 1455/1057/1482
f 1455/1057/1482 743/1057/1481 718/1057/1377
f 747/1057/1512 708/1057/2021 743/1057/1481
f 726/1057/1511 747/1057/1512 1455/1057/1482
f 1704/1057/1485 1700/1057/1484 725/1057/1372
f 1462/1057/2022 725/1057/1372 1461/1057/1374
f 1462/1057/2022 1456/1057/2023 725/1057/1372
f 744/1057/1487 734/1057/1404 1700/1057/1484
f 744/1057/1487 1446/1057/1403 734/1057/1404
f 670/1057/2024 720/1057/1398 1432/1057/2025
f 1432/1057/2025 720/1057/1398 671/1057/1400
f 669/1057/1490 720/1057/1398 670/1057/2024
f 1421/1057/1489 1431/1057/1395 720/1057/1398
f 668/1057/1491 1701/1057/1493 721/1057/1492
f 1701/1057/1493 1702/1057/1495 722/1057/1494
f 722/1057/1494 716/1057/1497 703/1057/1473
f 1459/1057/1499 1420/1057/2026 660/1057/1393
f 1420/1057/2026 713/1057/1501 660/1057/1393
f 667/1057/1500 1433/1057/1387 1460/1057/1389
f 666/1057/1503 1433/1057/1387 667/1057/1500
f 665/1057/1502 1440/1057/1386 1433/1057/1387
f 1419/1057/1504 745/1057/1384 1440/1057/1386
f 746/1057/1506 664/1057/2027 745/1057/1384
f 664/1057/2027 663/1057/2028 723/1057/1381
f 745/1057/1384 664/1057/2027 723/1057/1381
f 663/1057/2028 662/1057/1507 723/1057/1381
f 712/1057/1509 1462/1057/2022 1461/1057/1374
f 1456/1057/2023 1704/1057/1485 725/1057/1372
f 747/1057/1512 726/1057/1511 728/1057/1461
f 747/1057/1512 728/1057/1461 1698/1057/1513
f 708/1057/2021 747/1057/1512 729/1057/1514
f 708/1057/2021 729/1057/1514 1436/1057/1515
f 707/1057/1479 708/1057/2021 1436/1057/1515
f 1463/1057/2020 707/1057/1479 740/1057/1458
f 1451/1057/1457 1463/1057/2020 740/1057/1458
f 1429/1057/1516 1463/1057/2020 1451/1057/1457
f 1429/1057/1516 1451/1057/1457 1437/1057/1453
f 748/1057/1517 1437/1057/1453 1464/1057/1447
f 742/1057/1477 748/1057/1517 1465/1057/1478
f 1465/1057/1478 1450/1057/1445 1466/1057/1446
f 714/1057/1518 1449/1057/1440 1435/1057/1436
f 749/1057/1475 704/1057/1476 730/1057/1435
f 749/1057/1475 730/1057/1435 731/1057/1432
f 1699/1057/1474 749/1057/1475 731/1057/1432
f 702/1057/1469 1699/1057/1474 717/1057/1472
f 701/1057/1471 717/1057/1472 738/1057/1425
f 1467/1057/1519 701/1057/1471 1696/1057/1420
f 1467/1057/1519 1696/1057/1420 1693/1057/1424
f 1468/1057/1520 1693/1057/1424 1448/1057/1415
f 741/1057/1467 1468/1057/1520 1469/1057/1521
f 1469/1057/1521 1448/1057/1415 737/1057/1411
f 1428/1057/1466 737/1057/1411 736/1057/1413
f 1428/1057/1466 736/1057/1413 1447/1057/1414
f 699/1057/1464 1470/1057/1522 1471/1057/1510
f 1471/1057/1510 735/1057/1406 1438/1057/1408
f 1925/1546/2029 1926/1547/2030 1793/1314/1726 1875/1327/1739
f 1935/1172/1584 1917/1549/2031 1915/1170/1582
f 1826/1169/1581 1924/1550/1758 1934/1551/2032
f 1875/1327/1739 1880/1149/1561 1916/1148/1560
f 1875/1327/1739 1916/1148/1560 1917/1549/2031 1927/1552/2033 1925/1546/2029
f 1926/1547/2030 1881/1330/1742 1793/1314/1726
f 1935/1172/1584 1927/1552/2033 1917/1549/2031
f 1729/1160/1572 1881/1330/1742 1926/1547/2030
f 1924/1550/1758 1826/1169/1581 1928/1553/1757
f 1929/1554/2034 1931/1555/2035 1825/1158/1570
f 1920/1155/1567 1734/1154/1566 1930/1157/1569 1932/1171/1583 1915/1170/1582
f 1742/1216/1628 1741/1556/2036 1740/1178/1590 1853/1177/1589
f 1933/1156/1568 1734/1154/1566 1877/1161/1573
f 1929/1554/2034 1825/1158/1570 1934/1551/2032
f 1730/1150/1562 1733/1153/1565 1921/1152/1564
f 1933/1156/1568 1874/1159/1571 1825/1158/1570
f 1880/1149/1561 1875/1327/1739 1797/1324/1736
f 1875/1327/1739 1900/1316/1728 1798/1557/2037
f 1876/1162/1574 1734/1154/1566 1733/1153/1565
f 1874/1159/1571 1877/1161/1573 1803/1166/1578
f 1825/1158/1570 1826/1169/1581 1934/1551/2032
f 1765/1238/1650 1746/1263/1675 1804/1335/1747
f 1831/1222/1634 1736/1201/1613 1765/1238/1650
f 1736/1201/1613 1735/1203/1615 1765/1238/1650
f 1735/1203/1615 1832/1206/1618 1766/1186/1598
f 1739/1176/1588 1767/1175/1587 1853/1177/1589
f 1739/1176/1588 1839/1217/1629 1856/1173/1585
f 1762/1210/1622 1761/1205/1617 1770/1184/1596 1737/1211/1623
f 1771/1241/1653 1819/1240/1652 1750/1321/1733
f 1768/1181/1593 1771/1241/1653 1750/1321/1733
f 1858/1198/1610 1854/1265/1677 1732/1174/1586
f 1737/1211/1623 1771/1241/1653 1850/1209/1621
f 1832/1206/1618 1836/1187/1599 1766/1186/1598
f 1852/1180/1592 1901/1212/1624 1768/1181/1593
f 1936/1189/1601 1903/1188/1600 1753/1558/2038
f 1936/1189/1601 1753/1558/2038 1752/1559/2039
f 1936/1189/1601 1752/1559/2039 1755/1191/1603
f 1904/1192/1604 1938/1560/2040 1936/1189/1601
f 1824/1301/1713 1864/1197/1609 1937/1193/1605
f 1754/1310/1722 1939/1196/1608 1905/1195/1607
f 1744/1223/1635 1858/1198/1610 1835/1200/1612
f 1736/1201/1613 1758/1229/1641 1906/1202/1614
f 1732/1174/1586 1834/1219/1631 1756/1199/1611
f 1735/1203/1615 1906/1202/1614 1759/1207/1619
f 1906/1202/1614 1758/1229/1641 1759/1207/1619
f 1832/1206/1618 1735/1203/1615 1759/1207/1619
f 1740/1178/1590 1741/1556/2036 1838/1215/1627 1833/1214/1626
f 1739/1176/1588 1837/1208/1620 1839/1217/1629
f 1837/1208/1620 1740/1178/1590 1760/1218/1630
f 1839/1217/1629 1837/1208/1620 1760/1218/1630
f 1762/1210/1622 1850/1209/1621 1763/1213/1625
f 1732/1174/1586 1839/1217/1629 1834/1219/1631
f 1742/1216/1628 1838/1215/1627 1741/1556/2036
f 1835/1200/1612 1849/1561/2041 1743/1179/1591 1842/1224/1636
f 1836/1187/1599 1759/1207/1619 1833/1214/1626
f 1738/1185/1597 1833/1214/1626 1838/1215/1627
f 1732/1174/1586 1856/1173/1585 1839/1217/1629
f 1834/1219/1631 1760/1218/1630 1756/1199/1611
f 1841/1220/1632 1743/1179/1591 1849/1561/2041
f 1901/1212/1624 1841/1220/1632 1763/1213/1625
f 1901/1212/1624 1852/1180/1592 1841/1220/1632
f 1763/1213/1625 1841/1220/1632 1849/1561/2041
f 1829/1246/1658 1830/1317/1729 1860/1242/1654 1859/1244/1656
f 1731/1182/1594 1840/1204/1616 1757/1221/1633
f 1736/1201/1613 1831/1222/1634 1758/1229/1641
f 1831/1222/1634 1757/1221/1633 1758/1229/1641
f 1886/1227/1639 1847/1230/1642 1757/1221/1633
f 1847/1230/1642 1758/1229/1641 1757/1221/1633
f 1820/1228/1640 1759/1207/1619 1758/1229/1641
f 1887/1232/1644 1760/1218/1630 1740/1178/1590
f 1889/1234/1646 1740/1178/1590 1833/1214/1626
f 1907/1338/1750 1849/1561/2041 1835/1200/1612
f 1908/1225/1637 1907/1338/1750 1835/1200/1612
f 1822/1562/2042 1886/1227/1639 1761/1205/1617
f 1863/1235/1647 1822/1562/2042 1761/1205/1617
f 1909/1236/1648 1762/1210/1622 1763/1213/1625
f 1889/1234/1646 1833/1214/1626 1759/1207/1619
f 1849/1561/2041 1776/1237/1649 1763/1213/1625
f 1886/1227/1639 1840/1204/1616 1761/1205/1617
f 1855/1264/1676 1745/1337/1749 1885/1336/1748
f 1855/1264/1676 1885/1336/1748 1751/1318/1730
f 1743/1179/1591 1768/1181/1593 1744/1223/1635
f 1842/1224/1636 1743/1179/1591 1744/1223/1635
f 1860/1242/1654 1830/1317/1729 1817/1243/1655
f 1751/1318/1730 1816/1245/1657 1859/1244/1656 1855/1264/1676
f 1745/1337/1749 1855/1264/1676 1765/1238/1650 1804/1335/1747
f 1854/1265/1677 1814/1249/1661 1815/1319/1731
f 1769/1250/1662 1812/1320/1732 1813/1248/1660
f 1769/1250/1662 1811/1252/1664 1812/1320/1732
f 1828/1251/1663 1768/1181/1593 1750/1321/1733
f 1769/1250/1662 1768/1181/1593 1828/1251/1663
f 1910/1255/1667 1809/1323/1735 1810/1257/1669
f 1910/1255/1667 1808/1254/1666 1809/1323/1735
f 1911/1253/1665 1807/1328/1740 1808/1254/1666
f 1853/1177/1589 1806/1326/1738 1827/1325/1737
f 1807/1328/1740 1853/1177/1589 1827/1325/1737
f 1911/1253/1665 1853/1177/1589 1807/1328/1740
f 1767/1175/1587 1749/1266/1678 1805/1329/1741
f 1806/1326/1738 1767/1175/1587 1805/1329/1741
f 1853/1177/1589 1767/1175/1587 1806/1326/1738
f 1766/1186/1598 1883/1258/1670 1857/1260/1672
f 1857/1260/1672 1882/1259/1671 1747/1261/1673
f 1772/1339/1751 1822/1562/2042 1785/1269/1681 1862/1268/1680
f 1749/1266/1678 1854/1265/1677 1815/1319/1731
f 1771/1241/1653 1768/1181/1593 1901/1212/1624
f 1771/1241/1653 1901/1212/1624 1850/1209/1621
f 1860/1242/1654 1771/1241/1653 1737/1211/1623
f 1770/1184/1596 1860/1242/1654 1737/1211/1623
f 1814/1249/1661 1854/1265/1677 1851/1247/1659
f 1851/1247/1659 1744/1223/1635 1768/1181/1593
f 1910/1255/1667 1738/1185/1597 1911/1253/1665
f 1853/1177/1589 1911/1253/1665 1742/1216/1628
f 1766/1186/1598 1857/1260/1672 1735/1203/1615
f 1787/1340/1752 1912/1275/1687 1843/1270/1682
f 1787/1340/1752 1786/1563/2043 1912/1275/1687
f 1786/1563/2043 1785/1269/1681 1863/1235/1647
f 1772/1339/1751 1862/1268/1680 1779/1284/1696 1847/1230/1642
f 1844/1295/1707 1843/1270/1682 1774/1271/1683
f 1784/1272/1684 1889/1234/1646 1773/1273/1685
f 1890/1280/1692 1782/1287/1699 1888/1233/1645
f 1780/1282/1694 1846/1274/1686 1861/1283/1695
f 1779/1284/1696 1780/1282/1694 1861/1283/1695
f 1779/1284/1696 1778/1267/1679 1788/1313/1725 1913/1312/1724
f 1782/1287/1699 1777/1278/1690 1848/1226/1638
f 1777/1278/1690 1908/1225/1637 1848/1226/1638
f 1785/1269/1681 1786/1563/2043 1894/1307/1719 1893/1306/1718
f 1913/1312/1724 1823/1288/1700 1779/1284/1696
f 1873/1290/1702 1781/1281/1693 1780/1282/1694
f 1891/1292/1704 1783/1279/1691 1784/1272/1684
f 1892/1294/1706 1824/1301/1713 1843/1270/1682
f 1898/1308/1720 1892/1294/1706 1844/1295/1707
f 1845/1276/1688 1898/1308/1720 1844/1295/1707
f 1788/1313/1725 1778/1267/1679 1785/1269/1681
f 1809/1323/1735 1808/1254/1666 1798/1557/2037 1900/1316/1728
f 1894/1307/1719 1786/1563/2043 1787/1340/1752
f 1781/1281/1693 1897/1296/1708 1846/1274/1686
f 1824/1301/1713 1896/1303/1715 1843/1270/1682
f 1868/1297/1709 1898/1308/1720 1865/1285/1697
f 1899/1291/1703 1865/1285/1697 1895/1286/1698
f 1752/1559/2039 1788/1313/1725 1893/1306/1718
f 1937/1193/1605 1940/1302/1714 1824/1301/1713
f 1753/1558/2038 1823/1288/1700 1752/1559/2039
f 1752/1559/2039 1823/1288/1700 1788/1313/1725
f 1872/1293/1705 1873/1290/1702 1941/1305/1717
f 1941/1305/1717 1939/1196/1608 1872/1293/1705
f 1869/1300/1712 1894/1307/1719 1896/1303/1715
f 1755/1191/1603 1894/1307/1719 1869/1300/1712
f 1755/1191/1603 1752/1559/2039 1893/1306/1718
f 1824/1301/1713 1892/1294/1706 1867/1309/1721
f 1864/1197/1609 1824/1301/1713 1867/1309/1721
f 1872/1293/1705 1754/1310/1722 1866/1311/1723
f 1866/1311/1723 1899/1291/1703 1872/1293/1705
f 1871/1299/1711 1865/1285/1697 1899/1291/1703
f 1870/1304/1716 1914/1289/1701 1753/1558/2038
f 1914/1289/1701 1870/1304/1716 1873/1290/1702
f 1753/1558/2038 1914/1289/1701 1823/1288/1700
f 1900/1316/1728 1794/1315/1727 1795/1334/1746
f 1875/1327/1739 1793/1314/1726 1900/1316/1728
f 1879/1167/1579 1878/1168/1580 1819/1240/1652
f 1817/1243/1655 1803/1166/1578 1879/1167/1579
f 1802/1164/1576 1803/1166/1578 1829/1246/1658
f 1816/1245/1657 1801/1165/1577 1802/1164/1576
f 1733/1153/1565 1790/1564/2044 1815/1319/1731
f 1800/1163/1575 1733/1153/1565 1814/1249/1661
f 1813/1248/1660 1876/1162/1574 1800/1163/1575
f 1799/1322/1734 1734/1154/1566 1828/1251/1663
f 1734/1154/1566 1876/1162/1574 1811/1252/1664
f 1798/1557/2037 1808/1254/1666 1807/1328/1740 1875/1327/1739
f 1880/1149/1561 1805/1329/1741 1749/1266/1678 1796/1565/2045
f 1797/1324/1736 1875/1327/1739 1827/1325/1737
f 1880/1149/1561 1797/1324/1736 1806/1326/1738
f 1790/1564/2044 1733/1153/1565 1880/1149/1561 1796/1565/2045
f 1881/1330/1742 1874/1159/1571 1789/1332/1744
f 1795/1334/1746 1794/1315/1727 1883/1258/1670 1748/1256/1668
f 1900/1316/1728 1795/1334/1746 1810/1257/1669
f 1883/1258/1670 1794/1315/1727 1793/1314/1726 1882/1259/1671
f 1793/1314/1726 1792/1331/1743 1747/1261/1673 1882/1259/1671
f 1881/1330/1742 1791/1333/1745 1746/1263/1675 1884/1262/1674
f 1747/1261/1673 1792/1331/1743 1881/1330/1742 1884/1262/1674
f 1819/1240/1652 1878/1168/1580 1799/1322/1734 1750/1321/1733
f 1791/1333/1745 1804/1335/1747 1746/1263/1675
f 1815/1319/1731 1790/1564/2044 1796/1565/2045 1749/1266/1678
f 1789/1332/1744 1885/1336/1748 1745/1337/1749
f 1789/1332/1744 1801/1165/1577 1885/1336/1748
f 1909/1236/1648 1912/1275/1687 1786/1563/2043 1863/1235/1647
f 1774/1271/1683 1776/1237/1649 1849/1561/2041
f 1773/1273/1685 1889/1234/1646 1821/1231/1643
f 1912/1275/1687 1909/1236/1648 1776/1237/1649
f 1922/1057/1606 1915/1057/2046 1917/1057/2047 1905/1057/1607
f 1863/1235/1647 1785/1269/1681 1822/1562/2042
f 1822/1562/2042 1772/1339/1751 1886/1227/1639
f 1777/1278/1690 1775/1277/1689 1908/1225/1637
f 1775/1277/1689 1844/1295/1707 1907/1338/1750
f 1907/1338/1750 1774/1271/1683 1849/1561/2041
f 1783/1279/1691 1888/1233/1645 1889/1234/1646
f 1846/1274/1686 1821/1231/1643 1820/1228/1640
f 1861/1283/1695 1820/1228/1640 1847/1230/1642
f 1872/1293/1705 1784/1272/1684 1897/1296/1708
f 1896/1303/1715 1787/1340/1752 1843/1270/1682
f 1899/1291/1703 1895/1286/1698 1890/1280/1692
f 1873/1290/1702 1897/1296/1708 1781/1281/1693
f 1921/1057/1564 1919/1057/1563 1867/1057/1721
f 1730/1057/1562 1921/1057/1564 1868/1057/1709 1923/1057/1710
f 1921/1057/1564 1867/1057/1721 1868/1057/1709
f 1871/1057/1711 1866/1057/1723 1918/1057/1754
f 1915/1057/2046 1922/1057/1606 1864/1057/1609 1920/1057/1753
f 1866/1057/1723 1916/1057/1755 1918/1057/1754
f 1917/1057/2047 1916/1057/1755 1754/1057/1722 1905/1057/1607
f 1753/1566/2038 1729/1057/1572 1926/1567/2030 1870/1568/1716
f 1864/1057/1609 1867/1057/1721 1920/1057/1753
f 1937/1348/1760 1930/1347/1759 1940/1569/1714
f 1936/1570/1601 1938/1571/2040 1929/1572/2034 1934/1573/2032
f 1826/1574/1581 1729/1057/1572 1753/1566/2038 1903/1575/1600
f 1933/1576/1568 1825/1577/1570 1755/1578/1603 1869/1579/1712
f 1940/1569/1714 1930/1347/1759 1933/1576/1568 1869/1579/1712
f 1904/1580/1604 1755/1578/1603 1825/1577/1570 1931/1581/2035
f 1927/1341/1756 1935/1582/2048 1939/1342/1608
f 1939/1342/1608 1935/1582/2048 1932/1349/1761 1937/1348/1760
f 1926/1567/2030 1925/1583/2049 1941/1343/1717 1870/1568/1716
f 1929/1572/2034 1938/1571/2040 1904/1580/1604 1931/1581/2035
f 1924/1346/1758 1902/1345/1602 1936/1570/1601 1934/1573/2032
f 1925/1583/2049 1927/1341/1756 1941/1343/1717
f 1903/1575/1600 1902/1345/1602 1928/1344/1757 1826/1574/1581
f 1964/1057/1781 1966/1057/1780 1954/1057/1779 1963/1057/1778
f 1972/1057/1786 1971/1057/2050 1958/1057/1762
f 1958/1057/1762 1969/1057/1765 1946/1057/1763
f 1969/1057/1765 1968/1057/1767 1947/1057/1766
f 1968/1057/1767 1959/1057/1769 1948/1057/1768
f 1948/1057/1768 1959/1057/1769 1949/1057/1771
f 1949/1057/1771 1960/1057/1770 1950/1057/1772
f 1951/1057/1773 1960/1057/1770 1961/1057/1774
f 1951/1057/1773 1961/1057/1774 1952/1057/1776
f 1953/1057/1777 1962/1057/1775 1963/1057/1778
f 1952/1057/1776 1962/1057/1775 1953/1057/1777
f 1968/1057/1767 1969/1057/1765 1984/1057/2051 1983/1057/2052
f 1956/1057/1783 1964/1057/1781 1957/1057/1784
f 1965/1057/1785 1957/1057/1784 1958/1057/1762
f 1964/1057/1781 1974/1057/2053 1973/1057/1787
f 1964/1057/1781 1975/1057/1788 1974/1057/2053
f 1963/1057/1778 1976/1057/2054 1975/1057/1788
f 1963/1057/1778 1977/1057/2055 1976/1057/2054
f 1963/1057/1778 1978/1057/1789 1977/1057/2055
f 1979/1057/2056 1978/1057/1789 1962/1057/1775
f 1980/1057/1790 1979/1057/2056 1962/1057/1775
f 1961/1057/1774 1944/1057/2057 1980/1057/1790
f 1961/1057/1774 1967/1057/1791 1944/1057/2057
f 1943/1057/2058 1967/1057/1791 1960/1057/1770
f 1942/1057/1792 1943/1057/2058 1960/1057/1770
f 1970/1057/2059 1942/1057/1792 1959/1057/1769
f 1959/1057/1769 1981/1057/2060 1970/1057/2059
f 1982/1057/1793 1981/1057/2060 1959/1057/1769
f 1983/1057/2052 1982/1057/1793 1968/1057/1767
f 2010/1057/2061 2019/1057/1825 2016/1057/1801 2031/1057/1815
f 1985/1057/1794 1984/1057/2051 1969/1057/1765
f 1971/1057/2050 1985/1057/1794 1958/1057/1762
f 1957/1057/1784 1973/1057/1787 1972/1057/1786
f 2014/1057/1797 2022/1057/1796 2017/1057/1802
f 2009/1057/1803 2003/1057/1819 2008/1057/1804
f 2008/1057/1804 2003/1057/1819 1994/1057/1806
f 2011/1057/1814 2003/1057/1819 2009/1057/1803
f 1986/1057/1809 1994/1057/1806 2001/1057/1808
f 2008/1057/1804 1994/1057/1806 2007/1057/1810
f 2006/1057/1805 2008/1057/1804 2030/1057/2062
f 2006/1057/1805 2030/1057/2062 1987/1057/1838
f 2006/1057/1805 2005/1057/1837 1995/1057/1811
f 2010/1057/2061 2009/1057/1803 1996/1057/2063
f 1996/1057/2063 2009/1057/1803 1988/1057/1835
f 2031/1057/1815 2009/1057/1803 2010/1057/2061
f 2011/1057/1814 2009/1057/1803 2031/1057/1815
f 1997/1057/1816 2031/1057/1815 1989/1057/1834
f 1992/1057/1821 2003/1057/1819 2012/1057/1822
f 2012/1057/1822 2003/1057/1819 1993/1057/1836
f 2016/1057/1801 2023/1057/1800 2026/1057/1830
f 2014/1057/1797 2000/1057/1807 1994/1057/1806
f 2015/1057/1824 1999/1057/1798 2030/1057/2062
f 1999/1057/1798 1987/1057/1838 2030/1057/2062
f 2015/1057/1824 2030/1057/2062 2008/1057/1804
f 2016/1057/1801 1989/1057/1834 2031/1057/1815
f 2016/1057/1801 2013/1057/1833 1989/1057/1834
f 2019/1057/1825 2010/1057/2061 1996/1057/2063
f 2020/1057/1826 1992/1057/1821 2004/1057/1823
f 2022/1057/1796 1996/1057/2063 1988/1057/1835
f 2022/1057/1796 2019/1057/1825 1996/1057/2063
f 2023/1057/1800 2020/1057/1826 2012/1057/1822
f 2020/1057/1826 2004/1057/1823 2012/1057/1822
f 2014/1057/1797 2021/1057/1827 2001/1057/1808
f 2021/1057/1827 1986/1057/1809 2001/1057/1808
f 2024/1057/1828 2022/1057/1796 2032/1057/1812
f 2022/1057/1796 2009/1057/1803 2032/1057/1812
f 2024/1057/1828 2002/1057/1813 1995/1057/1811
f 2026/1057/1830 2025/1057/1829 1998/1057/1818
f 2025/1057/1829 1991/1057/1820 1998/1057/1818
f 2026/1057/1830 1998/1057/1818 1990/1057/1817
f 2028/1057/1831 2027/1057/1799 2006/1057/1805
f 2028/1057/1831 2006/1057/1805 1987/1057/1838
f 2013/1057/1833 2029/1057/1832 1997/1057/1816
f 2020/1057/1826 2018/1057/1795 1992/1057/1821
usemtl Insert_Label_Here
f 88/107/107 937/108/108 1516/109/109
f 937/108/108 90/110/110 1099/111/111
f 75/130/130 961/131/131 1517/132/132
f 99/211/211 910/212/212 1104/213/213
f 167/214/214 1104/213/213 169/215/215
f 1108/216/216 1109/217/217 1518/218/218
f 1518/218/218 1109/217/217 186/219/219
f 93/220/220 920/221/221 1520/222/222
f 920/221/221 94/223/223 1101/224/224
f 178/225/225 1521/226/226 110/227/227
f 108/228/228 896/229/229 1521/226/226
f 76/230/230 1095/231/231 1522/232/232
f 1522/232/232 1095/231/231 1586/233/233
f 1099/111/111 935/234/234 1048/235/235
f 1048/235/235 935/234/234 91/236/236
f 171/237/237 1523/238/238 102/239/239
f 1104/213/213 102/239/239 1523/238/238
f 171/237/237 102/239/239 904/240/240
f 1109/217/217 883/241/241 1524/242/242
f 1098/243/243 86/244/244 1525/245/245
f 1525/245/245 1519/246/246 1098/243/243
f 1101/224/224 1102/247/247 1060/248/248
f 180/249/249 1526/250/250 1106/251/251
f 110/227/227 1106/251/251 1526/250/250
f 144/252/252 1527/253/253 1096/254/254
f 1095/231/231 1096/254/254 1527/253/253
f 91/236/236 931/255/255 1528/256/256
f 931/255/255 928/257/257 1100/258/258
f 173/259/259 1529/260/260 1105/261/261
f 904/240/240 104/262/262 1105/261/261
f 1530/263/263 1110/264/264 1093/265/265
f 188/266/266 1530/263/263 1093/265/265
f 883/241/241 880/267/267 1530/263/263
f 151/268/268 945/269/269 1531/270/270
f 86/244/244 945/269/269 151/268/268
f 1531/270/270 87/271/271 153/272/272
f 1102/247/247 97/273/273 1103/274/274
f 1106/251/251 1107/275/275 1082/276/276
f 1082/276/276 1107/275/275 182/277/277
f 1096/254/254 1097/278/278 1532/279/279
f 1532/279/279 1097/278/278 146/280/280
f 1100/258/258 928/257/257 1533/281/281
f 1533/281/281 92/282/282 160/283/283
f 1105/261/261 106/284/284 1534/285/285
f 155/286/286 1535/287/287 940/288/288
f 87/271/271 940/288/288 1535/287/287
f 155/286/286 940/288/288 88/107/107
f 1103/274/274 99/211/211 1536/289/289
f 1103/274/274 97/273/273 912/290/290
f 1536/289/289 99/211/211 167/214/214
f 1107/275/275 1108/216/216 1537/291/291
f 1537/291/291 1108/216/216 184/292/292
f 148/293/293 1538/294/294 953/295/295
f 1097/278/278 953/295/295 1538/294/294
f 953/295/295 83/296/296 950/297/297
f 148/293/293 953/295/295 950/297/297
f 162/298/298 1539/299/299 93/220/220
f 92/282/282 925/300/300 1539/299/299
f 1540/301/301 108/228/228 176/302/302
f 876/422/420 74/423/421 873/424/422
f 879/425/423 874/426/424 878/427/425
f 118/428/426 874/426/424 879/425/423
f 873/429/422 117/430/427 877/431/428
f 881/432/429 1560/433/430 116/434/431
f 783/435/432 881/432/429 882/436/433
f 880/267/267 883/241/241 1560/433/430
f 116/434/431 1109/217/217 1561/437/434
f 884/438/435 1561/437/434 115/439/436
f 115/439/436 1108/216/216 886/440/437
f 886/440/437 1108/216/216 114/441/438
f 114/441/438 1107/275/275 1562/442/439
f 1562/442/439 1107/275/275 112/443/440
f 889/444/441 1562/442/439 112/443/440
f 890/445/442 1562/442/439 889/444/441
f 893/446/443 890/445/442 892/447/444
f 113/448/445 890/445/442 893/446/443
f 112/443/440 1106/251/251 894/449/446
f 1563/450/447 1564/451/448 895/452/449
f 109/453/450 1563/450/447 1565/454/451
f 892/447/444 1564/451/448 1563/450/447
f 894/449/446 110/227/227 1564/451/448
f 895/452/449 896/229/229 108/228/228
f 1565/454/451 1566/455/452 897/456/453
f 107/457/454 1565/454/451 898/458/455
f 109/453/450 1565/454/451 781/459/456
f 895/452/449 108/228/228 1566/455/452
f 897/456/453 899/460/457 106/284/284
f 900/461/458 106/284/284 104/262/262
f 897/456/453 106/284/284 900/461/458
f 107/457/454 898/458/455 780/462/459
f 105/463/460 901/464/461 779/465/462
f 900/461/458 104/262/262 902/466/463
f 104/262/262 904/240/240 902/466/463
f 905/467/464 102/239/239 101/468/465
f 103/469/466 903/470/467 907/471/468
f 902/466/463 102/239/239 905/467/464
f 1717/472/469 906/473/470 909/474/471
f 100/475/472 911/476/473 98/477/474
f 908/478/475 99/211/211 912/290/290
f 96/479/476 1567/480/477 1568/481/478
f 913/482/479 97/273/273 95/483/480
f 916/484/481 1568/481/478 915/485/482
f 94/223/223 920/221/221 921/486/483
f 923/487/484 1569/488/485 922/489/486
f 777/490/487 923/487/484 924/491/488
f 921/486/483 93/220/220 1569/488/485
f 922/489/486 925/300/300 92/282/282
f 923/487/484 926/492/489 927/493/490
f 926/492/489 922/489/486 928/257/257
f 922/489/486 92/282/282 928/257/257
f 929/494/491 1570/495/492 1571/496/493
f 927/493/490 1570/495/492 929/494/491
f 1571/496/493 1570/495/492 91/236/236
f 928/257/257 931/255/255 1570/495/492
f 932/497/494 1571/496/493 90/110/110
f 91/236/236 935/234/234 1571/496/493
f 933/498/495 1572/499/496 936/500/497
f 932/497/494 90/110/110 1572/499/496
f 90/110/110 937/108/108 1572/499/496
f 1572/499/496 937/108/108 88/107/107
f 1572/499/496 88/107/107 940/288/288
f 938/501/498 940/288/288 941/502/499
f 943/503/500 1573/504/501 942/505/502
f 939/506/503 1573/504/501 943/503/500
f 941/502/499 87/271/271 1573/504/501
f 943/503/500 1575/507/504 1574/508/505
f 1574/508/505 1575/507/504 84/509/506
f 942/505/502 86/244/244 1575/507/504
f 948/510/507 1576/511/508 83/296/296
f 949/512/509 946/513/510 948/510/507
f 85/514/511 946/513/510 949/512/509
f 84/509/506 950/297/297 1576/511/508
f 774/515/512 1577/516/513 952/517/514
f 948/510/507 951/518/515 1577/516/513
f 83/296/296 953/295/295 951/518/515
f 1578/519/516 1579/520/517 80/521/518
f 81/522/519 1578/519/516 954/523/520
f 1707/524/521 1578/519/516 81/522/519
f 82/525/522 1097/278/278 1579/520/517
f 81/522/519 954/523/520 773/526/523
f 80/521/518 1096/254/254 1580/527/524
f 954/523/520 1580/527/524 1582/528/525
f 77/529/526 1581/530/527 956/531/528
f 954/523/520 1582/528/525 1581/530/527
f 78/532/529 1095/231/231 958/533/530
f 956/531/528 955/534/531 959/535/532
f 771/536/533 956/531/528 960/537/534
f 77/529/526 956/531/528 772/538/535
f 958/533/530 76/230/230 961/131/131
f 876/422/420 963/539/536 74/423/421
f 959/535/532 963/539/536 876/422/420
f 959/535/532 75/130/130 963/539/536
f 1024/553/548 1022/554/549 1023/555/550
f 1027/556/551 1584/557/552 1026/558/553
f 141/559/554 1027/556/551 142/560/555
f 1022/554/549 140/561/556 1584/557/552
f 140/561/556 1517/132/132 1584/557/552
f 1026/558/553 1584/557/552 1585/562/557
f 1029/563/558 1026/558/553 1028/564/559
f 1026/558/553 1585/562/557 1028/564/559
f 142/560/555 1029/563/558 143/565/560
f 1027/556/551 1026/558/553 1029/563/558
f 1028/564/559 1585/562/557 1586/233/233
f 1029/563/558 1028/564/559 1030/566/561
f 1586/233/233 1527/253/253 144/252/252
f 1586/233/233 144/252/252 1588/567/562
f 1030/566/561 1028/564/559 1587/568/563
f 1587/568/563 1588/567/562 1032/569/564
f 147/570/565 1030/566/561 1033/571/566
f 145/572/5 1030/566/561 147/570/565
f 1032/569/564 1588/567/562 146/280/280
f 149/573/7 1033/571/566 1035/574/567
f 147/570/565 1033/571/566 149/573/7
f 146/280/280 1538/294/294 148/293/293
f 1034/575/568 148/293/293 1589/576/569
f 1034/575/568 1589/576/569 1036/577/570
f 150/578/571 1035/574/567 1037/579/572
f 149/573/7 1035/574/567 150/578/571
f 1589/576/569 148/293/293 1519/246/246
f 1589/576/569 1519/246/246 1590/580/573
f 1036/577/570 1589/576/569 1590/580/573
f 152/581/574 1037/579/572 1039/582/575
f 150/578/571 1037/579/572 152/581/574
f 1590/580/573 1519/246/246 1525/245/245
f 1590/580/573 1525/245/245 151/268/268
f 1590/580/573 151/268/268 1591/583/576
f 1038/584/577 1590/580/573 1591/583/576
f 1039/582/575 1038/584/577 1040/585/578
f 154/586/12 1039/582/575 1041/587/579
f 152/581/574 1039/582/575 154/586/12
f 1040/585/578 1591/583/576 153/272/272
f 1040/585/578 155/286/286 1042/588/580
f 156/589/581 1041/587/579 1043/590/582
f 154/586/12 1041/587/579 156/589/581
f 153/272/272 1535/287/287 155/286/286
f 1042/588/580 155/286/286 1592/591/583
f 1043/590/582 1042/588/580 1044/592/584
f 1042/588/580 1592/591/583 1044/592/584
f 157/593/585 1043/590/582 1045/594/586
f 156/589/581 1043/590/582 157/593/585
f 1592/591/583 155/286/286 1516/109/109
f 1044/592/584 1592/591/583 1593/595/587
f 1044/592/584 1593/595/587 1046/596/588
f 158/597/15 1045/594/586 1047/598/589
f 157/593/585 1045/594/586 158/597/15
f 1593/595/587 1048/235/235 1594/599/590
f 1046/596/588 1593/595/587 1594/599/590
f 1047/598/589 1046/596/588 1049/600/591
f 1046/596/588 1594/599/590 1049/600/591
f 159/601/592 1047/598/589 1050/602/593
f 158/597/15 1047/598/589 159/601/592
f 1594/599/590 1048/235/235 1528/256/256
f 1049/600/591 1594/599/590 1595/603/594
f 1052/604/595 1049/600/591 1051/605/596
f 1050/602/593 1049/600/591 1052/604/595
f 1051/605/596 1595/603/594 160/283/283
f 1051/605/596 162/298/298 1053/606/597
f 163/607/598 1052/604/595 1054/608/599
f 161/609/21 1052/604/595 163/607/598
f 160/283/283 1539/299/299 162/298/298
f 1053/606/597 162/298/298 1596/610/600
f 1053/606/597 1596/610/600 1055/611/601
f 1057/612/22 1054/608/599 1056/613/602
f 163/607/598 1054/608/599 1057/612/22
f 1596/610/600 162/298/298 1520/222/222
f 1055/611/601 1596/610/600 1597/614/603
f 1055/611/601 1597/614/603 1058/615/604
f 165/616/27 1056/613/602 1059/617/605
f 164/618/24 1056/613/602 165/616/27
f 1597/614/603 1060/248/248 1062/619/606
f 1058/615/604 1597/614/603 1062/619/606
f 166/620/607 1059/617/605 1061/621/608
f 165/616/27 1059/617/605 166/620/607
f 1062/619/606 1536/289/289 1598/622/609
f 1061/621/608 1058/615/604 1063/623/610
f 168/624/611 1061/621/608 1064/625/612
f 166/620/607 1061/621/608 168/624/611
f 1063/623/610 1598/622/609 167/214/214
f 1064/625/612 1599/626/613 1065/627/614
f 1066/628/29 1064/625/612 1065/627/614
f 168/624/611 1064/625/612 1066/628/29
f 1063/623/610 167/214/214 1599/626/613
f 1065/627/614 1599/626/613 1600/629/615
f 172/630/616 1065/627/614 1068/631/617
f 170/632/30 1065/627/614 172/630/616
f 1600/629/615 169/215/215 1523/238/238
f 1067/633/618 173/259/259 1069/634/619
f 174/635/37 1068/631/617 1070/636/620
f 172/630/616 1068/631/617 174/635/37
f 171/237/237 1529/260/260 173/259/259
f 175/637/621 1070/636/620 1073/638/622
f 174/635/37 1070/636/620 175/637/621
f 1601/639/623 173/259/259 1534/285/285
f 1601/639/623 1534/285/285 1071/640/624
f 1073/638/622 1072/641/625 1074/642/626
f 177/643/38 1073/638/622 1075/644/627
f 175/637/621 1073/638/622 177/643/38
f 1074/642/626 178/225/225 1076/645/628
f 179/646/629 1075/644/627 1077/647/630
f 177/643/38 1075/644/627 179/646/629
f 176/302/302 1521/226/226 178/225/225
f 1076/645/628 178/225/225 1602/648/631
f 1077/647/630 1076/645/628 1078/649/632
f 1076/645/628 1602/648/631 1078/649/632
f 181/650/633 1077/647/630 1603/651/634
f 179/646/629 1077/647/630 181/650/633
f 1602/648/631 178/225/225 1526/250/250
f 1602/648/631 1526/250/250 180/249/249
f 1602/648/631 180/249/249 1604/652/635
f 1078/649/632 1602/648/631 1604/652/635
f 1603/651/634 1078/649/632 1079/653/636
f 181/650/633 1603/651/634 1081/654/41
f 1079/653/636 1604/652/635 182/277/277
f 185/655/637 1080/656/638 1084/657/639
f 183/658/42 1080/656/638 185/655/637
f 1079/653/636 182/277/277 1083/659/640
f 1085/660/641 184/292/292 186/219/219
f 1083/659/640 184/292/292 1085/660/641
f 1087/661/44 1084/657/639 1086/662/642
f 185/655/637 1084/657/639 1087/661/44
f 189/663/643 1086/662/642 1089/664/644
f 187/665/45 1086/662/642 189/663/643
f 186/219/219 1524/242/242 188/266/266
f 1088/666/645 188/266/266 1093/265/265
f 189/663/643 1091/667/646 1092/668/47
f 1088/666/645 1093/265/265 1090/669/647
f 1606/670/648 1093/265/265 190/671/649
f 1090/669/647 1093/265/265 1606/670/648
f 1091/672/646 1605/673/650 1024/553/548
f 1090/674/647 1606/675/648 1605/673/650
f 1606/675/648 190/676/649 193/677/651
f 1024/553/548 1605/673/650 1022/554/549
f 193/677/651 963/539/536 1025/678/652
f 1094/679/653 74/423/421 963/539/536
f 1705/1058/1523 772/538/535 771/536/533
f 81/522/519 1706/1059/1524 1707/524/521
f 947/1060/1525 1708/1061/1526 1709/1062/1527
f 1710/1063/1528 1711/1064/1529 775/1065/1530
f 89/1066/1531 1712/1067/1532 1713/1068/1533
f 1715/1069/1534 776/1070/1535 785/1071/1536
f 909/474/471 1716/1072/1537 1717/472/469
f 1718/1073/1538 893/446/443 111/1074/1539
f 888/1075/1540 1719/1076/1541 1720/1077/1542
f 879/425/423 1489/1078/1543 118/428/426
f 1721/1079/1544 770/1080/1545 118/1081/426
f 1705/1058/1523 752/1082/3 772/538/535
f 751/1083/1 1705/1058/1523 771/536/533
f 752/1082/3 77/529/526 772/538/535
f 957/1084/1546 753/1085/128 79/1086/1547
f 1727/1087/133 754/1088/135 773/526/523
f 754/1088/135 81/522/519 773/526/523
f 754/1088/135 1491/1089/138 81/522/519
f 1495/1090/139 755/1091/140 774/515/512
f 952/517/514 1495/1090/139 774/515/512
f 1722/1092/137 952/517/514 1707/524/521
f 85/514/511 756/1093/143 947/1060/1525
f 1708/1061/1526 757/1094/144 1709/1062/1527
f 756/1093/143 1708/1061/1526 947/1060/1525
f 944/1095/1548 758/1096/147 775/1065/1530
f 1487/1097/146 944/1095/1548 1709/1062/1527
f 758/1096/147 1710/1063/1528 775/1065/1530
f 1711/1064/1529 759/1098/149 89/1066/1531
f 1492/1099/150 1712/1067/1532 89/1066/1531
f 759/1098/149 1492/1099/150 89/1066/1531
f 934/1100/1549 1496/1101/157 1714/1102/1550
f 1723/1103/152 934/1100/1549 1713/1068/1533
f 1496/1101/157 930/1104/1551 1714/1102/1550
f 100/475/472 762/1105/172 909/474/471
f 1493/1106/175 907/471/468 1717/472/469
f 907/471/468 763/1107/176 103/469/466
f 763/1107/176 779/465/462 103/469/466
f 764/1108/180 1479/1109/179 779/465/462
f 105/463/460 765/1110/182 780/462/459
f 107/457/454 1478/1111/185 781/459/456
f 765/1110/182 107/457/454 780/462/459
f 766/1112/184 109/453/450 781/459/456
f 767/1113/187 893/446/443 1718/1073/1538
f 1726/1114/190 891/1115/1552 113/448/445
f 768/1116/193 1719/1076/1541 888/1075/1540
f 769/1117/198 885/1118/1553 1720/1077/1542
f 885/1118/1553 1473/1119/197 782/1120/1554
f 787/1121/199 882/436/433 782/1120/1554
f 784/1122/205 962/1123/1555 770/1080/1545
f 962/1123/1555 1499/1124/207 771/536/533
f 1721/1079/1544 784/1122/205 770/1080/1545
f 1490/1125/129 753/1085/128 957/1084/1546
f 1727/1087/133 773/526/523 79/1086/1547
f 949/512/509 1488/1126/141 85/514/511
f 1710/1063/1528 759/1098/149 1711/1064/1529
f 1712/1067/1532 1723/1103/152 1713/1068/1533
f 930/1104/1551 1484/1127/154 785/1071/1536
f 760/1128/156 761/1129/158 1715/1069/1534
f 760/1128/156 1715/1069/1534 785/1071/1536
f 1724/1130/160 1725/1131/165 777/490/487
f 761/1129/158 1724/1130/160 776/1070/1535
f 1497/1132/162 917/1133/1556 778/1134/1557
f 1482/1135/168 914/1136/1558 96/479/476
f 1482/1135/168 1728/1137/169 98/477/474
f 1728/1137/169 1498/1138/170 98/477/474
f 762/1105/172 1716/1072/1537 909/474/471
f 1477/1139/188 767/1113/187 1718/1073/1538
f 109/453/450 1477/1139/188 111/1074/1539
f 1476/1140/191 1726/1114/190 113/448/445
f 1474/1141/195 769/1117/198 1720/1077/1542
f 1472/1142/201 1494/1143/202 783/435/432
f 1494/1143/202 750/1144/204 1489/1078/1543
f 1494/1143/202 879/425/423 783/435/432
f 750/1145/204 1721/1079/1544 1489/1146/1543
f 1516/109/109 155/286/286 88/107/107
f 1099/111/111 1516/109/109 937/108/108
f 76/230/230 1517/132/132 961/131/131
f 1517/132/132 140/561/556 75/130/130
f 1522/232/232 1517/132/132 76/230/230
f 117/430/427 1110/264/264 1530/263/263 880/267/267
f 167/214/214 99/211/211 1104/213/213
f 1104/213/213 910/212/212 101/468/465
f 184/292/292 1108/216/216 1518/218/218
f 1109/217/217 1108/216/216 115/439/436
f 1098/243/243 1519/246/246 950/297/297
f 1519/246/246 148/293/293 950/297/297
f 1098/243/243 950/297/297 84/509/506
f 1520/222/222 162/298/298 93/220/220
f 920/221/221 93/220/220 921/486/483
f 1101/224/224 1520/222/222 920/221/221
f 110/227/227 1521/226/226 896/229/229
f 1521/226/226 176/302/302 108/228/228
f 1095/231/231 76/230/230 958/533/530
f 935/234/234 1099/111/111 90/110/110
f 1523/238/238 169/215/215 1104/213/213
f 102/239/239 1104/213/213 101/468/465
f 1524/242/242 186/219/219 1109/217/217
f 883/241/241 1109/217/217 116/434/431
f 188/266/266 1524/242/242 883/241/241
f 86/244/244 1098/243/243 84/509/506
f 1525/245/245 86/244/244 151/268/268
f 1102/247/247 1101/224/224 94/223/223
f 1526/250/250 178/225/225 110/227/227
f 1106/251/251 110/227/227 894/449/446
f 1527/253/253 1586/233/233 1095/231/231
f 1096/254/254 1095/231/231 78/532/529
f 1528/256/256 1048/235/235 91/236/236
f 1100/258/258 1528/256/256 931/255/255
f 1105/261/261 1529/260/260 904/240/240
f 1529/260/260 171/237/237 904/240/240
f 1530/263/263 188/266/266 883/241/241
f 106/284/284 899/460/457 1540/301/301 1534/285/285
f 190/671/649 1093/265/265 1110/264/264
f 87/271/271 1531/270/270 945/269/269
f 1062/619/606 1102/247/247 1103/274/274
f 1062/619/606 1103/274/274 1536/289/289
f 1062/619/606 1060/248/248 1102/247/247
f 1102/247/247 95/483/480 97/273/273
f 180/249/249 1106/251/251 1082/276/276
f 1107/275/275 1106/251/251 112/443/440
f 144/252/252 1096/254/254 1532/279/279
f 1097/278/278 1096/254/254 80/521/518
f 92/282/282 1533/281/281 928/257/257
f 1534/285/285 173/259/259 1105/261/261
f 106/284/284 1105/261/261 104/262/262
f 74/423/421 1094/679/653 1110/1391/264 117/1392/427
f 190/676/649 1110/1391/264 1094/679/653
f 193/677/651 190/676/649 1094/679/653
f 1535/287/287 153/272/272 87/271/271
f 940/288/288 87/271/271 941/502/499
f 99/211/211 1103/274/274 912/290/290
f 182/277/277 1107/275/275 1537/291/291
f 1108/216/216 1107/275/275 114/441/438
f 1538/294/294 146/280/280 1097/278/278
f 953/295/295 1097/278/278 82/525/522
f 93/220/220 1539/299/299 925/300/300
f 1539/299/299 160/283/283 92/282/282
f 108/228/228 1540/301/301 899/460/457
f 873/424/422 874/1411/424 875/1412/1863 876/422/420
f 1560/433/430 881/432/429 878/427/425 877/431/428
f 873/424/422 74/423/421 117/1392/427
f 118/1081/426 770/1080/1545 874/1411/424
f 770/1080/1545 875/1412/1863 874/1411/424
f 878/427/425 874/426/424 877/431/428
f 877/431/428 117/430/427 880/267/267
f 783/435/432 879/425/423 878/427/425
f 874/426/424 873/429/422 877/431/428
f 782/1120/1554 882/436/433 881/432/429
f 783/435/432 878/427/425 881/432/429
f 1561/437/434 884/438/435 881/432/429 116/434/431
f 1560/433/430 877/431/428 880/267/267
f 116/434/431 1560/433/430 883/241/241
f 884/438/435 885/1118/1553 782/1120/1554 881/432/429
f 1720/1077/1542 885/1118/1553 884/438/435
f 886/440/437 887/1413/1864 884/438/435 115/439/436
f 115/439/436 1561/437/434 1109/217/217
f 887/1413/1864 888/1075/1540 1720/1077/1542 884/438/435
f 891/1115/1552 888/1075/1540 887/1413/1864
f 1562/442/439 890/445/442 887/1413/1864 886/440/437
f 898/458/455 901/464/461 105/463/460 780/462/459
f 886/440/437 114/441/438 1562/442/439
f 113/448/445 891/1115/1552 890/445/442
f 891/1115/1552 887/1413/1864 890/445/442
f 892/447/444 890/445/442 889/444/441
f 892/447/444 889/444/441 894/449/446
f 889/444/441 112/443/440 894/449/446
f 111/1074/1539 893/446/443 892/447/444
f 109/453/450 111/1074/1539 1563/450/447
f 111/1074/1539 892/447/444 1563/450/447
f 1564/451/448 892/447/444 894/449/446
f 1564/451/448 110/227/227 896/229/229
f 895/452/449 1564/451/448 896/229/229
f 1565/454/451 1563/450/447 895/452/449
f 107/457/454 781/459/456 1565/454/451
f 1565/454/451 895/452/449 1566/455/452
f 1566/455/452 108/228/228 899/460/457
f 897/456/453 1566/455/452 899/460/457
f 898/458/455 1565/454/451 897/456/453
f 901/464/461 898/458/455 900/461/458
f 898/458/455 897/456/453 900/461/458
f 901/464/461 903/470/467 103/469/466 779/465/462
f 903/470/467 901/464/461 902/466/463
f 903/470/467 906/473/470 1717/472/469 907/471/468
f 901/464/461 900/461/458 902/466/463
f 902/466/463 904/240/240 102/239/239
f 906/473/470 911/476/473 100/475/472 909/474/471
f 903/470/467 902/466/463 905/467/464
f 906/473/470 903/470/467 905/467/464
f 101/468/465 910/212/212 908/478/475 905/467/464
f 906/473/470 905/467/464 908/478/475
f 1567/480/477 914/1136/1558 98/477/474 911/476/473
f 908/478/475 910/212/212 99/211/211
f 911/476/473 906/473/470 908/478/475
f 911/476/473 908/478/475 912/290/290
f 96/479/476 914/1136/1558 1567/480/477
f 913/482/479 1567/480/477 911/476/473 912/290/290
f 95/483/480 94/223/223 915/485/482 1568/481/478
f 913/482/479 912/290/290 97/273/273
f 1568/481/478 1567/480/477 913/482/479
f 916/484/481 917/1133/1556 96/479/476 1568/481/478
f 778/1134/1557 917/1133/1556 916/484/481
f 921/486/483 918/1414/1865 916/484/481 915/485/482
f 1568/481/478 913/482/479 95/483/480
f 94/223/223 95/483/480 1102/247/247
f 918/1414/1865 919/1415/1866 778/1134/1557 916/484/481
f 915/485/482 94/223/223 921/486/483
f 777/490/487 919/1415/1866 918/1414/1865
f 1569/488/485 923/487/484 918/1414/1865 921/486/483
f 776/1070/1535 924/491/488 923/487/484
f 777/490/487 918/1414/1865 923/487/484
f 929/494/491 930/1104/1551 785/1071/1536 927/493/490
f 1569/488/485 93/220/220 925/300/300
f 922/489/486 1569/488/485 925/300/300
f 785/1071/1536 776/1070/1535 927/493/490
f 776/1070/1535 923/487/484 927/493/490
f 923/487/484 922/489/486 926/492/489
f 1714/1102/1550 930/1104/1551 929/494/491
f 932/497/494 933/498/495 929/494/491 1571/496/493
f 927/493/490 926/492/489 1570/495/492
f 1570/495/492 926/492/489 928/257/257
f 91/236/236 1570/495/492 931/255/255
f 933/498/495 934/1100/1549 1714/1102/1550 929/494/491
f 1713/1068/1533 934/1100/1549 933/498/495
f 936/500/497 89/1066/1531 1713/1068/1533 933/498/495
f 90/110/110 1571/496/493 935/234/234
f 939/506/503 1711/1064/1529 89/1066/1531 936/500/497
f 933/498/495 932/497/494 1572/499/496
f 775/1065/1530 1711/1064/1529 939/506/503
f 938/501/498 939/506/503 936/500/497 1572/499/496
f 943/503/500 944/1095/1548 775/1065/1530 939/506/503
f 938/501/498 1572/499/496 940/288/288
f 1709/1062/1527 944/1095/1548 943/503/500
f 1574/508/505 946/513/510 85/514/511 947/1060/1525
f 939/506/503 938/501/498 1573/504/501
f 1573/504/501 938/501/498 941/502/499
f 1573/504/501 87/271/271 945/269/269
f 942/505/502 1573/504/501 945/269/269
f 942/505/502 945/269/269 86/244/244
f 1574/508/505 947/1060/1525 1709/1062/1527 943/503/500
f 1577/516/513 1578/519/516 1707/524/521 952/517/514
f 943/503/500 942/505/502 1575/507/504
f 84/509/506 1575/507/504 86/244/244
f 948/510/507 946/513/510 1576/511/508
f 774/515/512 949/512/509 948/510/507
f 946/513/510 1574/508/505 1576/511/508
f 1576/511/508 1574/508/505 84/509/506
f 83/296/296 1576/511/508 950/297/297
f 1581/530/527 957/1084/1546 79/1086/1547 954/523/520
f 774/515/512 948/510/507 1577/516/513
f 951/518/515 948/510/507 83/296/296
f 82/525/522 951/518/515 953/295/295
f 1578/519/516 1577/516/513 951/518/515
f 1578/519/516 951/518/515 1579/520/517
f 1579/520/517 951/518/515 82/525/522
f 80/521/518 1579/520/517 1097/278/278
f 954/523/520 1578/519/516 80/521/518
f 954/523/520 80/521/518 1580/527/524
f 79/1086/1547 773/526/523 954/523/520
f 78/532/529 1580/527/524 1096/254/254
f 1582/528/525 1580/527/524 78/532/529
f 1582/528/525 78/532/529 958/533/530
f 77/529/526 957/1084/1546 1581/530/527
f 1582/528/525 955/534/531 956/531/528 1581/530/527
f 955/534/531 1582/528/525 958/533/530
f 876/422/420 875/1412/1863 960/537/534 959/535/532
f 959/535/532 955/534/531 961/131/131
f 771/536/533 772/538/535 956/531/528
f 955/534/531 958/533/530 961/131/131
f 959/535/532 961/131/131 75/130/130
f 960/537/534 956/531/528 959/535/532
f 875/1412/1863 962/1123/1555 771/536/533 960/537/534
f 770/1080/1545 962/1123/1555 875/1412/1863
f 1023/555/550 141/559/554 192/1416/1840 1024/553/548
f 1022/554/549 1025/678/652 140/561/556
f 1584/557/552 1027/556/551 1023/555/550 1022/554/549
f 141/559/554 1023/555/550 1027/556/551
f 1522/232/232 1585/562/557 1584/557/552 1517/132/132
f 1030/566/561 1031/1418/4 143/565/560 1029/563/558
f 142/560/555 1027/556/551 1029/563/558
f 1585/562/557 1522/232/232 1586/233/233
f 145/572/5 1031/1418/4 1030/566/561
f 1586/233/233 1588/567/562 1587/568/563 1028/564/559
f 1587/568/563 1032/569/564 1033/571/566 1030/566/561
f 148/293/293 1034/575/568 1032/569/564 146/280/280
f 1588/567/562 144/252/252 1532/279/279
f 1588/567/562 1532/279/279 146/280/280
f 1035/574/567 1033/571/566 1034/575/568
f 1033/571/566 1032/569/564 1034/575/568
f 1036/577/570 1038/584/577 1039/582/575 1037/579/572
f 1037/579/572 1035/574/567 1036/577/570
f 1035/574/567 1034/575/568 1036/577/570
f 1040/585/578 1042/588/580 1043/590/582 1041/587/579
f 1038/584/577 1036/577/570 1590/580/573
f 1040/585/578 1038/584/577 1591/583/576
f 1591/583/576 151/268/268 1531/270/270
f 1591/583/576 1531/270/270 153/272/272
f 1041/587/579 1039/582/575 1040/585/578
f 1099/111/111 1593/595/587 1592/591/583 1516/109/109
f 1040/585/578 153/272/272 155/286/286
f 1044/592/584 1046/596/588 1047/598/589 1045/594/586
f 1045/594/586 1043/590/582 1044/592/584
f 1100/258/258 1595/603/594 1594/599/590 1528/256/256
f 1593/595/587 1099/111/111 1048/235/235
f 1052/604/595 161/609/21 159/601/592 1050/602/593
f 1050/602/593 1047/598/589 1049/600/591
f 1051/605/596 1049/600/591 1595/603/594
f 1051/605/596 1053/606/597 1054/608/599 1052/604/595
f 1595/603/594 1100/258/258 1533/281/281
f 1595/603/594 1533/281/281 160/283/283
f 1053/606/597 1055/611/601 1056/613/602 1054/608/599
f 1051/605/596 160/283/283 162/298/298
f 1101/224/224 1597/614/603 1596/610/600 1520/222/222
f 164/618/24 1057/612/22 1056/613/602
f 1055/611/601 1058/615/604 1059/617/605 1056/613/602
f 1062/619/606 1598/622/609 1063/623/610 1058/615/604
f 1597/614/603 1101/224/224 1060/248/248
f 1061/621/608 1059/617/605 1058/615/604
f 1067/633/618 1069/634/619 1070/636/620 1068/631/617
f 1064/625/612 1061/621/608 1063/623/610
f 1598/622/609 1536/289/289 167/214/214
f 1599/626/613 167/214/214 169/215/215
f 170/632/30 1066/628/29 1065/627/614
f 1064/625/612 1063/623/610 1599/626/613
f 1600/629/615 1599/626/613 169/215/215
f 1068/631/617 1065/627/614 1067/633/618
f 1065/627/614 1600/629/615 1067/633/618
f 1067/633/618 1600/629/615 171/237/237
f 171/237/237 1600/629/615 1523/238/238
f 1069/634/619 1072/641/625 1073/638/622 1070/636/620
f 1067/633/618 171/237/237 173/259/259
f 1071/640/624 1072/641/625 1069/634/619 1601/639/623
f 176/302/302 1074/642/626 1072/641/625 1071/640/624
f 1069/634/619 173/259/259 1601/639/623
f 1071/640/624 1534/285/285 1540/301/301
f 1074/642/626 1076/645/628 1077/647/630 1075/644/627
f 176/302/302 1071/640/624 1540/301/301
f 1075/644/627 1073/638/622 1074/642/626
f 1603/651/634 1080/656/638 183/658/42 1081/654/41
f 1074/642/626 176/302/302 178/225/225
f 1603/651/634 1077/647/630 1078/649/632
f 1079/653/636 1078/649/632 1604/652/635
f 188/266/266 1088/666/645 1085/660/641 186/219/219
f 1604/652/635 180/249/249 1082/276/276
f 1604/652/635 1082/276/276 182/277/277
f 1080/656/638 1603/651/634 1079/653/636
f 1084/657/639 1080/656/638 1083/659/640
f 1083/659/640 182/277/277 1537/291/291
f 1080/656/638 1079/653/636 1083/659/640
f 1086/662/642 1084/657/639 1085/660/641
f 1084/657/639 1083/659/640 1085/660/641
f 187/665/45 1087/661/44 1086/662/642
f 1083/659/640 1537/291/291 184/292/292
f 186/219/219 184/292/292 1518/218/218
f 1089/664/644 1086/662/642 1088/666/645
f 1086/662/642 1085/660/641 1088/666/645
f 1090/669/647 1091/667/646 1089/664/644 1088/666/645
f 191/1419/48 1092/668/47 1091/667/646
f 189/663/643 1089/664/644 1091/667/646
f 1024/553/548 192/1416/1840 191/1420/48 1091/672/646
f 1606/675/648 1025/678/652 1022/554/549 1605/673/650
f 1091/672/646 1090/674/647 1605/673/650
f 1025/678/652 1606/675/648 193/677/651
f 963/539/536 75/130/130 140/561/556 1025/678/652
f 193/677/651 1094/679/653 963/539/536
f 1722/1092/137 1707/524/521 1706/1059/1524 1491/1089/138
f 1489/1146/1543 1721/1079/1544 118/1081/426
f 77/529/526 1490/1125/129 957/1084/1546
f 81/522/519 1491/1089/138 1706/1059/1524
f 768/1116/193 888/1075/1540 891/1115/1552 1475/1539/194
f 774/515/512 755/1091/140 949/512/509
f 757/1094/144 1487/1097/146 1709/1062/1527
f 1715/1069/1534 761/1129/158 776/1070/1535
f 776/1070/1535 1724/1130/160 924/491/488
f 924/491/488 1724/1130/160 777/490/487
f 777/490/487 1725/1131/165 919/1415/1866
f 919/1415/1866 1483/1540/163 778/1134/1557
f 1725/1131/165 1483/1540/163 919/1415/1866
f 917/1133/1556 786/1541/166 96/479/476
f 917/1133/1556 1497/1132/162 786/1541/166
f 98/477/474 1498/1138/170 100/475/472
f 907/471/468 1480/1542/177 763/1107/176
f 105/463/460 1479/1109/179 765/1110/182
f 779/465/462 1479/1109/179 105/463/460
f 781/459/456 1478/1111/185 766/1112/184
f 893/446/443 1476/1140/191 113/448/445
f 1493/1106/175 1717/472/469 1716/1072/1537 1481/1543/173
f 1719/1076/1541 1474/1141/195 1720/1077/1542
f 782/1120/1554 1473/1119/197 787/1121/199
f 787/1121/199 1472/1142/201 882/436/433
f 882/436/433 1472/1142/201 783/435/432
f 879/425/423 1494/1143/202 1489/1078/1543
f 771/536/533 1499/1124/207 751/1083/1
f 751/1083/1 752/1082/3 1705/1058/1523
f 752/1082/3 1490/1125/129 77/529/526
f 753/1085/128 1727/1087/133 79/1086/1547
f 1722/1092/137 1495/1090/139 952/517/514
f 755/1091/140 1488/1126/141 949/512/509
f 85/514/511 1488/1126/141 756/1093/143
f 756/1093/143 757/1094/144 1708/1061/1526
f 944/1095/1548 1487/1097/146 758/1096/147
f 758/1096/147 1486/1544/148 1710/1063/1528
f 1710/1063/1528 1486/1544/148 759/1098/149
f 1712/1067/1532 1492/1099/150 1723/1103/152
f 1723/1103/152 1485/1545/153 934/1100/1549
f 934/1100/1549 1485/1545/153 1496/1101/157
f 1496/1101/157 1484/1127/154 930/1104/1551
f 785/1071/1536 1484/1127/154 760/1128/156
f 778/1134/1557 1483/1540/163 1497/1132/162
f 786/1541/166 1482/1135/168 96/479/476
f 914/1136/1558 1482/1135/168 98/477/474
f 100/475/472 1498/1138/170 762/1105/172
f 762/1105/172 1481/1543/173 1716/1072/1537
f 1493/1106/175 1480/1542/177 907/471/468
f 763/1107/176 764/1108/180 779/465/462
f 765/1110/182 1478/1111/185 107/457/454
f 111/1074/1539 1477/1139/188 1718/1073/1538
f 767/1113/187 1476/1140/191 893/446/443
f 768/1116/193 1474/1141/195 1719/1076/1541
f 784/1122/205 1499/1124/207 962/1123/1555
f 750/1145/204 1500/1548/537 1721/1079/1544
f 1721/1079/1544 1500/1548/537 784/1122/205
f 766/1112/184 1477/1139/188 109/453/450
f 1726/1114/190 1475/1539/194 891/1115/1552
f 885/1118/1553 769/1117/198 1473/1119/197
